COURSE,F25_GRADE_12,F25_GRADE_10,F25_GRADE_7,F25_GRADE_4,F25_GRADE_02,F25_GRADE_00,F25_GRADE_MINUS_3,F25_PASSED,F25_FAILED,F25_ABSENT
01001,1.0,7.0,20.0,22.0,11.0,22.0,0.0,No data,No data,10.0
01002,86.0,130.0,239.0,212.0,166.0,247.0,0.0,No data,No data,96.0
01003,0.0,1.0,2.0,5.0,5.0,0.0,0.0,No data,No data,3.0
01004,20.0,18.0,61.0,40.0,20.0,39.0,0.0,No data,No data,17.0
01017,0.0,1.0,9.0,4.0,0.0,2.0,0.0,No data,No data,1.0
01018,No data,No data,No data,No data,No data,No data,No data,No data,No data,No data
01019,1,1,0,1,0,2,0,No data,No data,1
01020,0,0,0,0,0,1,0,67,5,6
01025,No data,No data,No data,No data,No data,No data,No data,No data,No data,No data
01034,0,0,0,5,3,3,0,No data,No data,1
01035,7,15,40,15,20,33,4,No data,No data,5
01037,29,38,41,35,19,42,10,No data,No data,18
01125,19,15,9,0,0,0,0,No data,No data,1
01227,10,7,13,9,6,13,5,No data,No data,6
01237,No data,No data,No data,No data,No data,No data,No data,No data,No data,No data
01238,8,3,1,0,1,0,0,No data,No data,No data
01257,No data,No data,No data,No data,No data,No data,No data,No data,No data,No data
01325,5,7,16,9,9,9,0,No data,No data,4
01405,2,1,1,1,0,0,0,No data,No data,3
01410,2,3,14,15,10,5,6,No data,No data,10
01415,No data,No data,No data,No data,No data,No data,No data,No data,No data,No data
01418,No data,No data,No data,No data,No data,No data,No data,No data,No data,No data
01426,No data,No data,No data,No data,No data,No data,No data,No data,No data,No data
01527,No data,No data,No data,No data,No data,No data,No data,No data,No data,No data
01617,No data,No data,No data,No data,No data,No data,No data,No data,No data,No data
01621,No data,No data,No data,No data,No data,No data,No data,No data,No data,No data
01622,7,11,1,0,0,0,0,No data,No data,No data
01666,43,4,1,2,0,1,0,No data,No data,1
01715,No data,No data,No data,No data,No data,No data,No data,No data,No data,No data
01716,No data,No data,No data,No data,No data,No data,No data,No data,No data,No data
01904,0,1,2,5,1,2,1,No data,No data,3
01910,1,5,1,3,0,3,1,No data,No data,3
01911,No data,No data,No data,No data,No data,No data,No data,39,28,12
01915,No data,No data,No data,No data,No data,No data,No data,No data,No data,No data
01920,1,4,19,10,6,13,7,No data,No data,3
01922,86,216,203,98,35,62,11,No data,No data,63
02002,3,11,10,20,28,35,2,No data,No data,11
02003,1,2,3,8,16,13,0,No data,No data,2
02100,1,4,4,3,0,3,1,No data,No data,No data
02104,No data,No data,No data,No data,No data,No data,No data,No data,No data,No data
02105,102,84,119,73,26,51,1,No data,No data,32
02110,0,1,3,8,3,7,1,No data,No data,3
02112,No data,No data,No data,No data,No data,No data,No data,No data,No data,No data
02113,16,5,1,2,0,0,0,No data,No data,No data
02114,No data,No data,No data,No data,No data,No data,No data,No data,No data,No data
02116,No data,No data,No data,No data,No data,No data,No data,No data,No data,No data
02118,9,6,3,2,0,0,0,No data,No data,1
02122,27,33,6,4,1,0,0,No data,No data,No data
02123,6,3,0,0,0,0,0,No data,No data,No data
02132,0,3,1,0,0,0,0,No data,No data,No data
02135,16,18,24,12,7,7,1,No data,No data,5
02138,0,1,7,3,3,4,2,No data,No data,3
02139,11,24,23,4,2,9,1,No data,No data,11
02141,17,72,55,9,1,6,0,No data,No data,9
02143,1,2,3,0,0,1,0,No data,No data,3
02148,No data,No data,No data,No data,No data,No data,No data,No data,No data,No data
02155,1,1,0,2,3,2,0,No data,No data,No data
02156,No data,No data,No data,No data,No data,No data,No data,No data,No data,No data
02157,1,3,4,3,10,5,5,No data,No data,2
02158,0,1,2,1,0,0,0,No data,No data,No data
02159,No data,No data,No data,No data,No data,No data,No data,No data,No data,No data
02160,13,53,21,1,0,1,0,No data,No data,8
02161,22,33,40,11,0,2,0,No data,No data,25
02162,No data,No data,No data,No data,No data,No data,No data,No data,No data,No data
02170,83,41,22,8,6,7,1,No data,No data,3
02180,27,75,101,67,2,0,0,No data,No data,18
02182,3,9,16,8,3,1,0,No data,No data,5
02191,No data,No data,No data,No data,No data,No data,No data,No data,No data,No data
02192,15,45,2,1,0,0,0,No data,No data,No data
02193,No data,No data,No data,No data,No data,No data,No data,No data,No data,No data
02195,3,6,18,9,5,7,2,No data,No data,9
02196,2,5,9,1,2,5,1,No data,No data,7
02201,No data,No data,No data,No data,No data,No data,No data,No data,No data,No data
02203,0,0,2,1,0,1,0,No data,No data,1
02205,0,2,7,5,1,2,2,No data,No data,1
02209,No data,No data,No data,No data,No data,No data,No data,No data,No data,No data
02211,2,14,12,3,0,0,0,No data,No data,3
02214,No data,No data,No data,No data,No data,No data,No data,No data,No data,No data
02225,80,73,18,13,0,0,0,No data,No data,3
02226,No data,No data,No data,No data,No data,No data,No data,No data,No data,No data
02232,No data,No data,No data,No data,No data,No data,No data,No data,No data,No data
02233,49,82,65,28,2,6,0,No data,No data,12
02234,No data,No data,No data,No data,No data,No data,No data,No data,No data,No data
02238,23,25,29,15,6,2,1,No data,No data,27
02239,2,1,1,0,0,0,0,No data,No data,No data
02242,No data,No data,No data,No data,No data,No data,No data,No data,No data,No data
02244,26,50,71,17,1,3,0,No data,No data,3
02245,0,0,0,4,2,0,0,No data,No data,No data
02246,No data,No data,No data,No data,No data,No data,No data,No data,No data,No data
02247,20,21,16,13,5,6,0,No data,No data,7
02249,2,0,3,3,1,4,0,No data,No data,No data
02255,7,7,9,8,7,13,0,No data,No data,7
02256,12,3,5,3,1,1,0,No data,No data,3
02258,0,0,1,1,1,1,0,No data,No data,1
02263,No data,No data,No data,No data,No data,No data,No data,No data,No data,No data
02266,No data,No data,No data,No data,No data,No data,No data,No data,No data,No data
02267,No data,No data,No data,No data,No data,No data,No data,No data,No data,No data
02268,2,2,0,0,0,0,0,0,2,No data
02269,No data,No data,No data,No data,No data,No data,No data,No data,No data,No data
02282,13,15,23,19,11,20,11,No data,No data,11
02285,22,44,59,23,8,11,0,No data,No data,4
02287,No data,No data,No data,No data,No data,No data,No data,No data,No data,No data
02289,1,0,1,0,1,1,0,No data,No data,1
02291,37,71,55,21,14,4,0,No data,No data,8
02311,No data,No data,No data,No data,No data,No data,No data,No data,No data,No data
02312,4,3,2,1,2,4,2,No data,No data,2
02321,No data,No data,No data,No data,No data,No data,No data,No data,No data,No data
02322,15,20,23,23,5,19,18,No data,No data,10
02323,3,12,19,27,16,39,3,No data,No data,11
02324,16,11,24,14,0,42,0,0,1,5
02325,7,16,15,9,11,4,1,No data,No data,6
02326,16,17,26,22,18,37,12,No data,No data,18
02327,1,4,2,4,1,7,2,No data,No data,2
02328,0,2,2,4,2,2,7,No data,No data,2
02329,4,5,2,2,2,6,1,No data,No data,3
02332,4,3,2,0,0,0,0,No data,No data,No data
02335,No data,No data,No data,No data,No data,No data,No data,No data,No data,No data
02346,1,1,20,9,47,46,6,No data,No data,12
02369,No data,No data,No data,No data,No data,No data,No data,No data,No data,No data
02393,No data,No data,No data,No data,No data,No data,No data,39,7,5
02402,29,89,159,115,71,120,8,No data,No data,57
02403,10,21,44,50,21,34,16,No data,No data,12
02405,2,3,3,1,1,4,0,No data,No data,No data
02407,1,3,0,0,1,0,0,No data,No data,No data
02409,No data,No data,No data,No data,No data,No data,No data,No data,No data,No data
02411,9,18,36,14,15,11,8,No data,No data,5
02413,No data,No data,No data,No data,No data,No data,No data,No data,No data,No data
02417,52,88,46,15,7,0,2,No data,No data,3
02418,No data,No data,No data,No data,No data,No data,No data,No data,No data,No data
02421,9,3,4,1,0,1,4,No data,No data,No data
02425,No data,No data,No data,No data,No data,No data,No data,No data,No data,No data
02426,No data,No data,No data,No data,No data,No data,No data,No data,No data,No data
02427,No data,No data,No data,No data,No data,No data,No data,No data,No data,No data
02428,No data,No data,No data,No data,No data,No data,No data,No data,No data,No data
02429,No data,No data,No data,No data,No data,No data,No data,No data,No data,No data
02431,No data,No data,No data,No data,No data,No data,No data,No data,No data,No data
02435,44,27,10,10,8,3,0,No data,No data,No data
02441,No data,No data,No data,No data,No data,No data,No data,No data,No data,No data
02443,No data,No data,No data,No data,No data,No data,No data,130,8,1
02445,19,39,19,7,0,0,0,0,1,No data
02450,45,62,120,103,44,99,18,No data,No data,46
02455,No data,No data,No data,No data,No data,No data,No data,No data,No data,No data
02456,1,3,2,0,0,0,0,No data,No data,No data
02458,No data,No data,No data,No data,No data,No data,No data,No data,No data,No data
02460,10,45,53,7,1,0,0,6,0,5
02461,No data,No data,No data,No data,No data,No data,No data,No data,No data,No data
02462,No data,No data,No data,No data,No data,No data,No data,No data,No data,No data
02463,14,26,19,6,2,1,0,No data,No data,9
02464,0,2,3,1,2,1,0,No data,No data,1
02465,10,21,27,14,13,10,2,No data,No data,13
02466,20,34,11,5,0,0,0,No data,No data,2
02467,3,11,17,12,6,0,0,No data,No data,1
02471,1,1,2,2,0,2,0,No data,No data,1
02476,No data,No data,No data,No data,No data,No data,No data,7,0,No data
02477,26,22,26,20,21,29,9,No data,No data,27
02492,No data,No data,No data,No data,No data,No data,No data,7,12,4
02501,31,38,26,14,6,5,0,No data,No data,8
02502,23,56,109,12,4,3,0,No data,No data,19
02504,11,16,17,17,8,4,0,No data,No data,15
02506,7,13,20,4,4,1,0,No data,No data,2
02509,11,2,3,5,2,2,0,No data,No data,2
02510,No data,No data,No data,No data,No data,No data,No data,No data,No data,No data
02516,No data,No data,No data,No data,No data,No data,No data,No data,No data,No data
02517,No data,No data,No data,No data,No data,No data,No data,No data,No data,No data
02525,No data,No data,No data,No data,No data,No data,No data,No data,No data,No data
02526,47,33,9,5,2,1,0,No data,No data,2
02561,No data,No data,No data,No data,No data,No data,No data,No data,No data,No data
02562,No data,No data,No data,No data,No data,No data,No data,No data,No data,No data
02563,6,4,15,4,1,0,0,No data,No data,No data
02566,8,7,4,6,2,0,0,No data,No data,No data
02580,10,5,11,7,4,3,0,No data,No data,2
02582,23,35,35,21,4,3,0,0,5,1
02586,No data,No data,No data,No data,No data,No data,No data,No data,No data,No data
02601,48,41,32,13,4,8,0,No data,No data,5
02610,0,1,1,1,0,1,0,No data,No data,No data
02611,10,15,20,11,6,3,3,No data,No data,10
02612,9,22,9,1,0,0,0,No data,No data,1
02613,59,92,130,59,18,3,0,No data,No data,10
02614,No data,No data,No data,No data,No data,No data,No data,No data,No data,No data
02616,No data,No data,No data,No data,No data,No data,No data,No data,No data,No data
02619,No data,No data,No data,No data,No data,No data,No data,No data,No data,No data
02623,No data,No data,No data,No data,No data,No data,No data,No data,No data,No data
02624,No data,No data,No data,No data,No data,No data,No data,No data,No data,No data
02635,No data,No data,No data,No data,No data,No data,No data,No data,No data,No data
02686,5,7,2,1,0,0,0,No data,No data,2
02687,31,10,7,0,0,0,0,No data,No data,1
02689,No data,No data,No data,No data,No data,No data,No data,No data,No data,No data
02805,No data,No data,No data,No data,No data,No data,No data,No data,No data,No data
02806,31,46,68,25,4,0,0,No data,No data,7
02807,No data,No data,No data,No data,No data,No data,No data,No data,No data,No data
02808,12,23,7,3,0,0,0,No data,No data,No data
02809,No data,No data,No data,No data,No data,No data,No data,No data,No data,No data
02830,No data,No data,No data,No data,No data,No data,No data,No data,No data,No data
02840,No data,No data,No data,No data,No data,No data,No data,No data,No data,No data
02841,No data,No data,No data,No data,No data,No data,No data,No data,No data,No data
02901,No data,No data,No data,No data,No data,No data,No data,35,0,5
02910,No data,No data,No data,No data,No data,No data,No data,No data,No data,No data
02935,No data,No data,No data,No data,No data,No data,No data,15,1,7
02946,No data,No data,No data,No data,No data,No data,No data,No data,No data,No data
02949,No data,No data,No data,No data,No data,No data,No data,16,6,No data
02953,No data,No data,No data,No data,No data,No data,No data,No data,No data,No data
02955,No data,No data,No data,No data,No data,No data,No data,No data,No data,No data
02960,No data,No data,No data,No data,No data,No data,No data,23,0,3
02980,No data,No data,No data,No data,No data,No data,No data,35,0,3
02981,No data,No data,No data,No data,No data,No data,No data,No data,No data,No data
02982,No data,No data,No data,No data,No data,No data,No data,10,0,No data
02983,No data,No data,No data,No data,No data,No data,No data,No data,No data,No data
02986,No data,No data,No data,No data,No data,No data,No data,54,0,1
10031,6,22,23,1,1,0,0,No data,No data,4
10033,8,26,19,20,18,4,0,No data,No data,9
10034,5,18,55,9,1,2,0,No data,No data,7
10035,No data,No data,No data,No data,No data,No data,No data,No data,No data,No data
10036,No data,No data,No data,No data,No data,No data,No data,No data,No data,No data
10037,No data,No data,No data,No data,No data,No data,No data,86,0,2
10054,5,6,8,10,5,6,0,No data,No data,2
10060,6,7,21,20,16,4,1,No data,No data,5
10062,No data,No data,No data,No data,No data,No data,No data,No data,No data,No data
10063,No data,No data,No data,No data,No data,No data,No data,No data,No data,No data
10065,No data,No data,No data,No data,No data,No data,No data,No data,No data,No data
10080,10,21,27,18,8,2,0,No data,No data,4
10102,13,8,12,9,7,6,0,No data,No data,4
10104,4,6,12,14,4,5,2,No data,No data,7
10112,No data,No data,No data,No data,No data,No data,No data,No data,No data,No data
10122,No data,No data,No data,No data,No data,No data,No data,No data,No data,No data
10200,No data,No data,No data,No data,No data,No data,No data,No data,No data,No data
10208,No data,No data,No data,No data,No data,No data,No data,No data,No data,No data
10209,No data,No data,No data,No data,No data,No data,No data,10,0,No data
10240,No data,No data,No data,No data,No data,No data,No data,172,7,6
10255,No data,No data,No data,No data,No data,No data,No data,No data,No data,No data
10260,6,6,8,5,1,7,0,No data,No data,2
10302,12,5,5,0,0,0,0,1,0,No data
10304,6,6,6,4,3,8,0,No data,No data,2
10306,No data,No data,No data,No data,No data,No data,No data,No data,No data,No data
10314,7,9,5,0,2,1,0,No data,No data,No data
10315,No data,No data,No data,No data,No data,No data,No data,No data,No data,No data
10316,No data,No data,No data,No data,No data,No data,No data,No data,No data,No data
10317,4,4,2,5,3,3,0,No data,No data,No data
10319,No data,No data,No data,No data,No data,No data,No data,No data,No data,No data
10321,No data,No data,No data,No data,No data,No data,No data,No data,No data,No data
10325,No data,No data,No data,No data,No data,No data,No data,No data,No data,No data
10326,No data,No data,No data,No data,No data,No data,No data,6,0,No data
10331,No data,No data,No data,No data,No data,No data,No data,No data,No data,No data
10333,2,2,0,1,0,0,0,No data,No data,No data
10337,No data,No data,No data,No data,No data,No data,No data,No data,No data,No data
10339,No data,No data,No data,No data,No data,No data,No data,No data,No data,No data
10346,10,6,3,3,0,0,0,No data,No data,1
10350,No data,No data,No data,No data,No data,No data,No data,23,0,No data
10380,11,10,6,2,0,0,0,No data,No data,4
10384,No data,No data,No data,No data,No data,No data,No data,No data,No data,No data
10385,11,12,14,17,2,4,1,No data,No data,10
10386,No data,No data,No data,No data,No data,No data,No data,45,0,No data
10387,No data,No data,No data,No data,No data,No data,No data,18,0,1
10400,No data,No data,No data,No data,No data,No data,No data,No data,No data,No data
10401,5,0,1,4,0,0,0,No data,No data,No data
10402,5,8,1,0,0,0,0,No data,No data,1
10405,No data,No data,No data,No data,No data,No data,No data,No data,No data,No data
10411,2,7,5,16,3,2,0,No data,No data,No data
10413,No data,No data,No data,No data,No data,No data,No data,No data,No data,No data
10420,11,11,4,1,2,0,0,No data,No data,No data
10506,No data,No data,No data,No data,No data,No data,No data,No data,No data,No data
10507,No data,No data,No data,No data,No data,No data,No data,4,0,1
10508,No data,No data,No data,No data,No data,No data,No data,No data,No data,No data
10509,No data,No data,No data,No data,No data,No data,No data,No data,No data,No data
10511,No data,No data,No data,No data,No data,No data,No data,6,0,No data
10512,No data,No data,No data,No data,No data,No data,No data,No data,No data,No data
10514,No data,No data,No data,No data,No data,No data,No data,No data,No data,No data
10515,No data,No data,No data,No data,No data,No data,No data,No data,No data,No data
10519,No data,No data,No data,No data,No data,No data,No data,No data,No data,No data
10520,No data,No data,No data,No data,No data,No data,No data,No data,No data,No data
10521,No data,No data,No data,No data,No data,No data,No data,No data,No data,No data
10530,No data,No data,No data,No data,No data,No data,No data,No data,No data,No data
10540,No data,No data,No data,No data,No data,No data,No data,No data,No data,No data
10550,No data,No data,No data,No data,No data,No data,No data,No data,No data,No data
10590,No data,No data,No data,No data,No data,No data,No data,No data,No data,No data
10603,No data,No data,No data,No data,No data,No data,No data,17,6,No data
10605,No data,No data,No data,No data,No data,No data,No data,3,1,No data
10610,No data,No data,No data,No data,No data,No data,No data,No data,No data,No data
10720,No data,No data,No data,No data,No data,No data,No data,No data,No data,No data
10721,No data,No data,No data,No data,No data,No data,No data,4,0,No data
10722,No data,No data,No data,No data,No data,No data,No data,No data,No data,No data
10730,No data,No data,No data,No data,No data,No data,No data,No data,No data,No data
10731,No data,No data,No data,No data,No data,No data,No data,No data,No data,No data
10732,No data,No data,No data,No data,No data,No data,No data,No data,No data,No data
10750,No data,No data,No data,No data,No data,No data,No data,No data,No data,No data
10850,No data,No data,No data,No data,No data,No data,No data,No data,No data,No data
10851,No data,No data,No data,No data,No data,No data,No data,No data,No data,No data
10852,No data,No data,No data,No data,No data,No data,No data,10,0,No data
10855,No data,No data,No data,No data,No data,No data,No data,No data,No data,No data
10862,No data,No data,No data,No data,No data,No data,No data,6,0,No data
10870,No data,No data,No data,No data,No data,No data,No data,No data,No data,No data
10871,3,4,0,0,0,0,0,No data,No data,No data
10916,No data,No data,No data,No data,No data,No data,No data,No data,No data,No data
10935,No data,No data,No data,No data,No data,No data,No data,No data,No data,No data
12000,No data,No data,No data,No data,No data,No data,No data,No data,No data,No data
12003,23,14,0,0,0,0,0,No data,No data,No data
12100,No data,No data,No data,No data,No data,No data,No data,No data,No data,No data
12101,2,5,4,1,0,0,0,0,1,1
12102,No data,No data,No data,No data,No data,No data,No data,No data,No data,No data
12104,No data,No data,No data,No data,No data,No data,No data,No data,No data,No data
12105,No data,No data,No data,No data,No data,No data,No data,No data,No data,No data
12106,No data,No data,No data,No data,No data,No data,No data,No data,No data,No data
12109,No data,No data,No data,No data,No data,No data,No data,No data,No data,No data
12111,No data,No data,No data,No data,No data,No data,No data,No data,No data,No data
12115,3,8,4,2,0,0,0,No data,No data,2
12121,0,6,11,1,0,0,0,No data,No data,No data
12122,No data,No data,No data,No data,No data,No data,No data,No data,No data,No data
12124,No data,No data,No data,No data,No data,No data,No data,No data,No data,No data
12130,No data,No data,No data,No data,No data,No data,No data,No data,No data,No data
12132,No data,No data,No data,No data,No data,No data,No data,No data,No data,No data
12134,No data,No data,No data,No data,No data,No data,No data,No data,No data,No data
12139,No data,No data,No data,No data,No data,No data,No data,No data,No data,No data
12143,10,19,4,1,0,0,0,No data,No data,No data
12145,No data,No data,No data,No data,No data,No data,No data,No data,No data,No data
12202,18,30,20,0,4,0,0,No data,No data,1
12203,8,11,12,0,0,0,0,No data,No data,2
12205,12,31,39,21,2,6,0,No data,No data,3
12211,No data,No data,No data,No data,No data,No data,No data,36,0,1
12227,1,17,21,0,0,0,0,No data,No data,1
12228,No data,No data,No data,No data,No data,No data,No data,No data,No data,No data
12231,No data,No data,No data,No data,No data,No data,No data,22,0,No data
12237,2,13,21,2,1,3,0,No data,No data,2
12238,2,10,10,2,1,1,0,No data,No data,No data
12240,No data,No data,No data,No data,No data,No data,No data,No data,No data,No data
12245,No data,No data,No data,No data,No data,No data,No data,No data,No data,No data
12250,No data,No data,No data,No data,No data,No data,No data,No data,No data,No data
12320,4,4,8,4,3,1,0,No data,No data,2
12330,3,8,6,3,3,0,0,No data,No data,1
12331,No data,No data,No data,No data,No data,No data,No data,16,0,No data
12336,No data,No data,No data,No data,No data,No data,No data,No data,No data,No data
12345,No data,No data,No data,No data,No data,No data,No data,No data,No data,No data
12350,No data,No data,No data,No data,No data,No data,No data,No data,No data,No data
12360,12,26,33,12,3,0,0,No data,No data,No data
12361,No data,No data,No data,No data,No data,No data,No data,No data,No data,No data
12362,No data,No data,No data,No data,No data,No data,No data,No data,No data,No data
12363,No data,No data,No data,No data,No data,No data,No data,No data,No data,No data
12410,No data,No data,No data,No data,No data,No data,No data,No data,No data,No data
12411,3,8,23,20,10,10,0,No data,No data,7
12412,No data,No data,No data,No data,No data,No data,No data,No data,No data,No data
12415,No data,No data,No data,No data,No data,No data,No data,No data,No data,No data
12421,No data,No data,No data,No data,No data,No data,No data,No data,No data,No data
12422,6,27,20,3,2,4,0,No data,No data,2
12423,No data,No data,No data,No data,No data,No data,No data,No data,No data,No data
12430,No data,No data,No data,No data,No data,No data,No data,No data,No data,No data
12431,No data,No data,No data,No data,No data,No data,No data,No data,No data,No data
12451,No data,No data,No data,No data,No data,No data,No data,No data,No data,No data
12452,4,2,9,2,1,0,0,No data,No data,4
12551,16,29,43,39,52,88,7,No data,No data,19
12552,1,3,8,6,3,0,0,No data,No data,2
12601,1,0,3,0,1,0,0,No data,No data,No data
12603,14,9,20,6,15,19,0,No data,No data,8
12604,9,31,15,1,0,0,0,No data,No data,1
12605,No data,No data,No data,No data,No data,No data,No data,No data,No data,No data
12611,No data,No data,No data,No data,No data,No data,No data,No data,No data,No data
12612,3,4,9,3,7,5,0,No data,No data,1
12614,8,15,16,1,0,0,0,No data,No data,No data
12615,No data,No data,No data,No data,No data,No data,No data,No data,No data,No data
12616,No data,No data,No data,No data,No data,No data,No data,No data,No data,No data
12701,No data,No data,No data,No data,No data,No data,No data,No data,No data,No data
12772,No data,No data,No data,No data,No data,No data,No data,No data,No data,No data
12773,55,39,8,2,0,0,0,No data,No data,1
12774,No data,No data,No data,No data,No data,No data,No data,No data,No data,No data
12775,7,17,11,9,0,0,0,No data,No data,3
12821,No data,No data,No data,No data,No data,No data,No data,No data,No data,No data
12831,No data,No data,No data,No data,No data,No data,No data,No data,No data,No data
12832,No data,No data,No data,No data,No data,No data,No data,No data,No data,No data
12836,3,0,0,2,1,1,0,No data,No data,1
12854,1,5,1,0,0,0,0,No data,No data,No data
12856,No data,No data,No data,No data,No data,No data,No data,No data,No data,No data
12859,4,12,8,0,0,1,0,No data,No data,No data
12902,No data,No data,No data,No data,No data,No data,No data,19,0,4
12911,No data,No data,No data,No data,No data,No data,No data,29,0,6
12919,No data,No data,No data,No data,No data,No data,No data,No data,No data,No data
12920,No data,No data,No data,No data,No data,No data,No data,No data,No data,No data
12926,No data,No data,No data,No data,No data,No data,No data,40,0,No data
12936,No data,No data,No data,No data,No data,No data,No data,No data,No data,No data
12950,No data,No data,No data,No data,No data,No data,No data,107,0,1
12951,No data,No data,No data,No data,No data,No data,No data,101,0,No data
12952,No data,No data,No data,No data,No data,No data,No data,No data,No data,No data
12953,No data,No data,No data,No data,No data,No data,No data,31,0,3
12954,No data,No data,No data,No data,No data,No data,No data,No data,No data,No data
12B1B,No data,No data,No data,No data,No data,No data,No data,No data,No data,No data
22001,No data,No data,No data,No data,No data,No data,No data,No data,No data,No data
22002,No data,No data,No data,No data,No data,No data,No data,No data,No data,No data
22003,7,8,14,11,3,4,0,No data,No data,5
22005,No data,No data,No data,No data,No data,No data,No data,No data,No data,No data
22006,No data,No data,No data,No data,No data,No data,No data,No data,No data,No data
22007,No data,No data,No data,No data,No data,No data,No data,No data,No data,No data
22050,2,6,20,27,10,20,17,No data,No data,12
22051,No data,No data,No data,No data,No data,No data,No data,No data,No data,No data
22052,No data,No data,No data,No data,No data,No data,No data,No data,No data,No data
22053,No data,No data,No data,No data,No data,No data,No data,No data,No data,No data
22054,No data,No data,No data,No data,No data,No data,No data,No data,No data,No data
22058,7,58,11,0,0,0,0,No data,No data,1
22059,22,12,0,0,0,0,0,No data,No data,1
22060,No data,No data,No data,No data,No data,No data,No data,No data,No data,No data
22061,No data,No data,No data,No data,No data,No data,No data,No data,No data,No data
22100,No data,No data,No data,No data,No data,No data,No data,No data,No data,No data
22101,No data,No data,No data,No data,No data,No data,No data,4,0,No data
22102,No data,No data,No data,No data,No data,No data,No data,No data,No data,No data
22107,No data,No data,No data,No data,No data,No data,No data,6,0,No data
22111,No data,No data,No data,No data,No data,No data,No data,No data,No data,No data
22112,No data,No data,No data,No data,No data,No data,No data,No data,No data,No data
22113,No data,No data,No data,No data,No data,No data,No data,9,4,No data
22115,23,8,8,0,1,0,0,No data,No data,1
22117,45,32,11,1,0,0,0,1,0,No data
22123,No data,No data,No data,No data,No data,No data,No data,No data,No data,No data
22125,9,19,2,4,0,1,0,No data,No data,No data
22126,No data,No data,No data,No data,No data,No data,No data,No data,No data,No data
22140,No data,No data,No data,No data,No data,No data,No data,No data,No data,No data
22145,No data,No data,No data,No data,No data,No data,No data,No data,No data,No data
22150,No data,No data,No data,No data,No data,No data,No data,No data,No data,No data
22160,No data,No data,No data,No data,No data,No data,No data,No data,No data,No data
22161,No data,No data,No data,No data,No data,No data,No data,10,4,1
22163,No data,No data,No data,No data,No data,No data,No data,29,13,No data
22172,No data,No data,No data,No data,No data,No data,No data,No data,No data,No data
22175,1,3,1,0,0,0,0,No data,No data,1
22179,11,12,22,2,4,4,0,No data,No data,No data
22180,No data,No data,No data,No data,No data,No data,No data,No data,No data,No data
22201,29,15,1,0,0,0,0,No data,No data,No data
22202,14,16,19,9,4,1,0,No data,No data,2
22203,No data,No data,No data,No data,No data,No data,No data,No data,No data,No data
22205,No data,No data,No data,No data,No data,No data,No data,9,0,No data
22206,No data,No data,No data,No data,No data,No data,No data,No data,No data,No data
22207,No data,No data,No data,No data,No data,No data,No data,No data,No data,No data
22208,0,0,0,2,3,8,0,No data,No data,No data
22210,No data,No data,No data,No data,No data,No data,No data,No data,No data,No data
22211,No data,No data,No data,No data,No data,No data,No data,No data,No data,No data
22230,5,40,25,12,0,0,0,No data,No data,1
22231,No data,No data,No data,No data,No data,No data,No data,No data,No data,No data
22232,No data,No data,No data,No data,No data,No data,No data,20,0,2
22235,20,59,51,7,1,0,0,No data,No data,2
22236,8,30,18,11,2,0,1,No data,No data,3
22237,No data,No data,No data,No data,No data,No data,No data,No data,No data,No data
22238,No data,No data,No data,No data,No data,No data,No data,23,0,1
22239,No data,No data,No data,No data,No data,No data,No data,13,0,1
22281,3,16,30,9,1,5,0,No data,No data,4
22282,No data,No data,No data,No data,No data,No data,No data,No data,No data,No data
22283,No data,No data,No data,No data,No data,No data,No data,No data,No data,No data
22284,8,32,41,14,2,4,0,No data,No data,7
22285,No data,No data,No data,No data,No data,No data,No data,No data,No data,No data
22400,83,66,25,13,4,0,0,No data,No data,3
22403,No data,No data,No data,No data,No data,No data,No data,22,0,1
22437,0,0,4,3,4,5,1,No data,No data,No data
22438,0,0,0,2,0,4,1,No data,No data,No data
22439,0,0,1,1,2,1,0,No data,No data,No data
22449,No data,No data,No data,No data,No data,No data,No data,No data,No data,No data
22450,20,30,9,1,0,0,0,No data,No data,1
22475,No data,No data,No data,No data,No data,No data,No data,No data,No data,No data
22476,4,3,12,4,12,4,0,No data,No data,No data
22481,0,0,3,1,1,0,0,No data,No data,No data
22485,No data,No data,No data,No data,No data,No data,No data,No data,No data,No data
22486,No data,No data,No data,No data,No data,No data,No data,No data,No data,No data
22487,No data,No data,No data,No data,No data,No data,No data,No data,No data,No data
22490,2,4,4,1,0,0,0,No data,No data,No data
22506,1,4,6,4,0,0,0,No data,No data,1
22507,No data,No data,No data,No data,No data,No data,No data,No data,No data,No data
22508,No data,No data,No data,No data,No data,No data,No data,20,0,No data
22510,16,6,3,3,0,0,0,No data,No data,No data
22511,No data,No data,No data,No data,No data,No data,No data,No data,No data,No data
22513,No data,No data,No data,No data,No data,No data,No data,No data,No data,No data
22525,No data,No data,No data,No data,No data,No data,No data,No data,No data,No data
22530,No data,No data,No data,No data,No data,No data,No data,No data,No data,No data
22600,0,1,0,0,2,1,0,No data,No data,No data
22602,11,1,4,3,2,1,0,No data,No data,3
22603,No data,No data,No data,No data,No data,No data,No data,No data,No data,No data
22604,No data,No data,No data,No data,No data,No data,No data,No data,No data,No data
22610,No data,No data,No data,No data,No data,No data,No data,No data,No data,No data
22611,No data,No data,No data,No data,No data,No data,No data,No data,No data,No data
22612,No data,No data,No data,No data,No data,No data,No data,No data,No data,No data
22680,No data,No data,No data,No data,No data,No data,No data,No data,No data,No data
22681,No data,No data,No data,No data,No data,No data,No data,No data,No data,No data
22800,No data,No data,No data,No data,No data,No data,No data,19,0,1
23101,No data,No data,No data,No data,No data,No data,No data,No data,No data,No data
23102,0,11,23,3,0,0,0,0,4,1
23205,No data,No data,No data,No data,No data,No data,No data,No data,No data,No data
23206,0,1,7,4,6,1,0,No data,No data,1
23210,No data,No data,No data,No data,No data,No data,No data,No data,No data,No data
23212,4,8,6,2,2,0,0,No data,No data,2
23214,No data,No data,No data,No data,No data,No data,No data,No data,No data,No data
23216,2,8,10,4,1,0,0,No data,No data,1
23220,No data,No data,No data,No data,No data,No data,No data,No data,No data,No data
23255,2,4,4,1,0,0,0,No data,No data,No data
23256,9,15,7,0,0,0,0,No data,No data,No data
23257,7,14,15,6,3,0,0,No data,No data,No data
23258,10,21,13,10,0,0,0,No data,No data,2
23260,No data,No data,No data,No data,No data,No data,No data,No data,No data,No data
23261,2,5,2,3,0,0,0,No data,No data,1
23262,6,9,6,2,0,1,0,No data,No data,No data
23263,No data,No data,No data,No data,No data,No data,No data,No data,No data,No data
23272,No data,No data,No data,No data,No data,No data,No data,No data,No data,No data
23301,No data,No data,No data,No data,No data,No data,No data,No data,No data,No data
23302,6,15,14,4,1,0,0,No data,No data,1
23360,No data,No data,No data,No data,No data,No data,No data,No data,No data,No data
23511,No data,No data,No data,No data,No data,No data,No data,No data,No data,No data
23520,2,5,3,1,2,0,0,No data,No data,No data
23521,0,1,2,3,0,0,0,No data,No data,No data
23522,No data,No data,No data,No data,No data,No data,No data,No data,No data,No data
23531,25,16,4,1,2,0,0,No data,No data,1
23532,3,13,5,0,0,0,0,No data,No data,No data
23552,No data,No data,No data,No data,No data,No data,No data,18,0,1
23564,No data,No data,No data,No data,No data,No data,No data,No data,No data,No data
23662,No data,No data,No data,No data,No data,No data,No data,No data,No data,No data
23711,No data,No data,No data,No data,No data,No data,No data,No data,No data,No data
23732,No data,No data,No data,No data,No data,No data,No data,No data,No data,No data
23832,No data,No data,No data,No data,No data,No data,No data,13,0,No data
23837,No data,No data,No data,No data,No data,No data,No data,10,0,1
23839,No data,No data,No data,No data,No data,No data,No data,No data,No data,No data
23841,No data,No data,No data,No data,No data,No data,No data,No data,No data,No data
23842,No data,No data,No data,No data,No data,No data,No data,No data,No data,No data
23900,No data,No data,No data,No data,No data,No data,No data,No data,No data,No data
23902,No data,No data,No data,No data,No data,No data,No data,No data,No data,No data
23903,No data,No data,No data,No data,No data,No data,No data,No data,No data,No data
23925,No data,No data,No data,No data,No data,No data,No data,No data,No data,No data
23926,No data,No data,No data,No data,No data,No data,No data,No data,No data,No data
23932,50,3,0,1,1,2,0,No data,No data,4
23936,1,11,1,0,1,0,0,No data,No data,1
23937,No data,No data,No data,No data,No data,No data,No data,No data,No data,No data
23952,No data,No data,No data,No data,No data,No data,No data,No data,No data,No data
23953,No data,No data,No data,No data,No data,No data,No data,No data,No data,No data
23963,No data,No data,No data,No data,No data,No data,No data,No data,No data,No data
23982,No data,No data,No data,No data,No data,No data,No data,No data,No data,No data
23F11,No data,No data,No data,No data,No data,No data,No data,No data,No data,No data
23F12,No data,No data,No data,No data,No data,No data,No data,No data,No data,No data
23F13,No data,No data,No data,No data,No data,No data,No data,No data,No data,No data
23F14,No data,No data,No data,No data,No data,No data,No data,No data,No data,No data
23F15,No data,No data,No data,No data,No data,No data,No data,No data,No data,No data
23F16,No data,No data,No data,No data,No data,No data,No data,No data,No data,No data
25102,No data,No data,No data,No data,No data,No data,No data,12,0,No data
25104,1,11,6,0,0,0,0,No data,No data,1
25105,9,17,12,13,8,7,0,No data,No data,1
25106,No data,No data,No data,No data,No data,No data,No data,No data,No data,No data
25107,0,3,3,0,0,0,0,30,1,2
25108,No data,No data,No data,No data,No data,No data,No data,No data,No data,No data
25201,No data,No data,No data,No data,No data,No data,No data,No data,No data,No data
25202,No data,No data,No data,No data,No data,No data,No data,No data,No data,No data
25203,No data,No data,No data,No data,No data,No data,No data,No data,No data,No data
25204,No data,No data,No data,No data,No data,No data,No data,No data,No data,No data
25205,No data,No data,No data,No data,No data,No data,No data,No data,No data,No data
25206,No data,No data,No data,No data,No data,No data,No data,No data,No data,No data
25207,No data,No data,No data,No data,No data,No data,No data,No data,No data,No data
25208,3,13,6,0,0,0,0,No data,No data,No data
25209,No data,No data,No data,No data,No data,No data,No data,No data,No data,No data
25210,No data,No data,No data,No data,No data,No data,No data,No data,No data,No data
25211,No data,No data,No data,No data,No data,No data,No data,No data,No data,No data
25212,No data,No data,No data,No data,No data,No data,No data,No data,No data,No data
25213,0,1,2,1,0,0,0,No data,No data,No data
25214,No data,No data,No data,No data,No data,No data,No data,No data,No data,No data
25215,No data,No data,No data,No data,No data,No data,No data,No data,No data,No data
25302,No data,No data,No data,No data,No data,No data,No data,No data,No data,No data
25303,No data,No data,No data,No data,No data,No data,No data,No data,No data,No data
25310,4,9,8,4,2,0,0,0,2,No data
25311,No data,No data,No data,No data,No data,No data,No data,No data,No data,No data
25312,No data,No data,No data,No data,No data,No data,No data,No data,No data,No data
25313,1,3,2,0,0,0,0,No data,No data,No data
25314,No data,No data,No data,No data,No data,No data,No data,No data,No data,No data
25315,No data,No data,No data,No data,No data,No data,No data,No data,No data,No data
25316,0,1,4,0,2,0,1,No data,No data,1
25317,No data,No data,No data,No data,No data,No data,No data,No data,No data,No data
25318,No data,No data,No data,No data,No data,No data,No data,No data,No data,No data
25321,2,3,3,1,1,0,0,No data,No data,No data
25322,No data,No data,No data,No data,No data,No data,No data,10,0,No data
25323,No data,No data,No data,No data,No data,No data,No data,No data,No data,No data
25324,13,7,2,0,0,0,0,No data,No data,No data
25325,No data,No data,No data,No data,No data,No data,No data,No data,No data,No data
25326,1,5,0,0,1,0,0,No data,No data,1
25327,4,4,7,4,2,3,0,No data,No data,2
25328,No data,No data,No data,No data,No data,No data,No data,No data,No data,No data
25331,4,4,0,0,0,0,0,No data,No data,No data
25335,No data,No data,No data,No data,No data,No data,No data,No data,No data,No data
25336,2,2,1,1,0,1,0,No data,No data,No data
25340,34,10,4,0,0,0,0,No data,No data,2
25341,No data,No data,No data,No data,No data,No data,No data,No data,No data,No data
25342,No data,No data,No data,No data,No data,No data,No data,No data,No data,No data
25343,1,3,3,0,0,0,0,No data,No data,No data
25344,No data,No data,No data,No data,No data,No data,No data,No data,No data,No data
25345,No data,No data,No data,No data,No data,No data,No data,No data,No data,No data
25346,No data,No data,No data,No data,No data,No data,No data,No data,No data,No data
25347,10,13,5,0,0,0,0,No data,No data,2
25348,No data,No data,No data,No data,No data,No data,No data,9,1,No data
25349,1,5,0,0,0,2,0,No data,No data,No data
25350,No data,No data,No data,No data,No data,No data,No data,No data,No data,No data
25351,No data,No data,No data,No data,No data,No data,No data,No data,No data,No data
25352,No data,No data,No data,No data,No data,No data,No data,No data,No data,No data
25353,No data,No data,No data,No data,No data,No data,No data,No data,No data,No data
25354,1,2,2,0,0,0,0,No data,No data,No data
25355,No data,No data,No data,No data,No data,No data,No data,No data,No data,No data
25616,No data,No data,No data,No data,No data,No data,No data,No data,No data,No data
25619,No data,No data,No data,No data,No data,No data,No data,No data,No data,No data
25621,No data,No data,No data,No data,No data,No data,No data,No data,No data,No data
25801,No data,No data,No data,No data,No data,No data,No data,No data,No data,No data
25809,No data,No data,No data,No data,No data,No data,No data,No data,No data,No data
25811,No data,No data,No data,No data,No data,No data,No data,No data,No data,No data
25812,No data,No data,No data,No data,No data,No data,No data,No data,No data,No data
25813,No data,No data,No data,No data,No data,No data,No data,No data,No data,No data
25820,No data,No data,No data,No data,No data,No data,No data,No data,No data,No data
25821,No data,No data,No data,No data,No data,No data,No data,No data,No data,No data
25822,No data,No data,No data,No data,No data,No data,No data,No data,No data,No data
25823,No data,No data,No data,No data,No data,No data,No data,4,0,1
25824,No data,No data,No data,No data,No data,No data,No data,No data,No data,No data
25825,No data,No data,No data,No data,No data,No data,No data,No data,No data,No data
25826,No data,No data,No data,No data,No data,No data,No data,5,0,1
25827,No data,No data,No data,No data,No data,No data,No data,No data,No data,No data
25829,No data,No data,No data,No data,No data,No data,No data,No data,No data,No data
25830,No data,No data,No data,No data,No data,No data,No data,No data,No data,No data
25831,No data,No data,No data,No data,No data,No data,No data,No data,No data,No data
25832,No data,No data,No data,No data,No data,No data,No data,No data,No data,No data
25833,No data,No data,No data,No data,No data,No data,No data,6,0,No data
25834,No data,No data,No data,No data,No data,No data,No data,No data,No data,No data
25835,No data,No data,No data,No data,No data,No data,No data,No data,No data,No data
26001,No data,No data,No data,No data,No data,No data,No data,No data,No data,No data
26002,No data,No data,No data,No data,No data,No data,No data,No data,No data,No data
26003,No data,No data,No data,No data,No data,No data,No data,43,0,4
26004,No data,No data,No data,No data,No data,No data,No data,35,0,No data
26008,No data,No data,No data,No data,No data,No data,No data,No data,No data,No data
26010,No data,No data,No data,No data,No data,No data,No data,No data,No data,No data
26020,2,0,1,3,9,4,1,No data,No data,1
26021,25,40,66,75,49,51,5,No data,No data,17
26022,63,60,97,79,46,34,4,No data,No data,23
26050,1,1,2,1,0,0,0,No data,No data,1
26124,11,7,7,7,6,8,2,No data,No data,5
26125,1,6,9,1,0,0,0,0,1,No data
26127,No data,No data,No data,No data,No data,No data,No data,No data,No data,No data
26130,No data,No data,No data,No data,No data,No data,No data,No data,No data,No data
26134,No data,No data,No data,No data,No data,No data,No data,No data,No data,No data
26171,0,1,1,1,3,3,1,No data,No data,2
26173,No data,No data,No data,No data,No data,No data,No data,No data,No data,No data
26174,No data,No data,No data,No data,No data,No data,No data,No data,No data,No data
26200,0,3,2,2,1,5,0,No data,No data,No data
26211,5,20,36,18,15,20,1,No data,No data,6
26220,5,11,19,15,3,18,0,No data,No data,1
26225,No data,No data,No data,No data,No data,No data,No data,No data,No data,No data
26231,1,3,6,4,1,1,2,No data,No data,2
26236,No data,No data,No data,No data,No data,No data,No data,No data,No data,No data
26245,No data,No data,No data,No data,No data,No data,No data,30,0,No data
26255,No data,No data,No data,No data,No data,No data,No data,No data,No data,No data
26261,No data,No data,No data,No data,No data,No data,No data,No data,No data,No data
26263,No data,No data,No data,No data,No data,No data,No data,No data,No data,No data
26271,1,14,34,17,1,14,0,No data,No data,8
26280,3,4,3,0,0,0,0,No data,No data,1
26290,No data,No data,No data,No data,No data,No data,No data,No data,No data,No data
26300,No data,No data,No data,No data,No data,No data,No data,No data,No data,No data
26317,15,12,6,5,2,1,0,No data,No data,5
26371,No data,No data,No data,No data,No data,No data,No data,No data,No data,No data
26374,No data,No data,No data,No data,No data,No data,No data,42,0,3
26400,42,38,51,25,22,38,22,No data,No data,17
26407,No data,No data,No data,No data,No data,No data,No data,9,0,No data
26411,1,1,3,0,2,0,0,No data,No data,No data
26416,No data,No data,No data,No data,No data,No data,No data,No data,No data,No data
26422,1,0,2,1,0,0,0,No data,No data,No data
26426,9,15,30,18,10,15,1,No data,No data,8
26428,9,10,11,10,8,8,2,No data,No data,3
26433,1,2,0,3,1,2,0,No data,No data,No data
26436,0,0,1,3,0,0,0,No data,No data,1
26438,No data,No data,No data,No data,No data,No data,No data,No data,No data,No data
26444,No data,No data,No data,No data,No data,No data,No data,No data,No data,No data
26446,2,5,6,9,8,5,1,No data,No data,No data
26455,No data,No data,No data,No data,No data,No data,No data,14,2,No data
26471,3,3,16,9,12,26,9,No data,No data,10
26474,No data,No data,No data,No data,No data,No data,No data,7,0,No data
26510,1,6,2,1,0,0,0,No data,No data,No data
26620,No data,No data,No data,No data,No data,No data,No data,49,0,No data
26800,No data,No data,No data,No data,No data,No data,No data,No data,No data,No data
26805,No data,No data,No data,No data,No data,No data,No data,No data,No data,No data
26820,No data,No data,No data,No data,No data,No data,No data,No data,No data,No data
26840,No data,No data,No data,No data,No data,No data,No data,No data,No data,No data
26920,No data,No data,No data,No data,No data,No data,No data,No data,No data,No data
26932,No data,No data,No data,No data,No data,No data,No data,No data,No data,No data
26933,No data,No data,No data,No data,No data,No data,No data,4,0,1
26944,No data,No data,No data,No data,No data,No data,No data,No data,No data,No data
26960,No data,No data,No data,No data,No data,No data,No data,No data,No data,No data
26970,No data,No data,No data,No data,No data,No data,No data,No data,No data,No data
26991,No data,No data,No data,No data,No data,No data,No data,No data,No data,No data
27002,No data,No data,No data,No data,No data,No data,No data,No data,No data,No data
27003,No data,No data,No data,No data,No data,No data,No data,No data,No data,No data
27016,No data,No data,No data,No data,No data,No data,No data,No data,No data,No data
27020,61,121,109,91,115,39,0,No data,No data,24
27022,11,29,46,52,30,39,4,No data,No data,16
27023,No data,No data,No data,No data,No data,No data,No data,113,0,No data
27026,0,0,3,4,2,3,0,No data,No data,2
27027,No data,No data,No data,No data,No data,No data,No data,No data,No data,No data
27034,14,24,15,12,11,4,0,No data,No data,2
27035,No data,No data,No data,No data,No data,No data,No data,42,0,No data
27051,20,13,17,4,13,3,0,No data,No data,6
27062,No data,No data,No data,No data,No data,No data,No data,No data,No data,No data
27070,25,71,46,3,1,0,0,No data,No data,6
27075,31,11,7,4,0,0,0,No data,No data,No data
27101,No data,No data,No data,No data,No data,No data,No data,68,4,1
27220,10,39,11,1,1,0,0,No data,No data,1
27230,4,2,1,3,3,2,0,No data,No data,No data
27246,No data,No data,No data,No data,No data,No data,No data,No data,No data,No data
27247,No data,No data,No data,No data,No data,No data,No data,No data,No data,No data
27255,6,13,10,1,0,0,0,No data,No data,No data
27325,1,9,12,1,0,0,0,No data,No data,2
27330,4,3,11,5,4,1,0,No data,No data,2
27419,55,27,20,4,2,1,0,No data,No data,6
27422,37,25,14,5,1,1,0,No data,No data,2
27423,No data,No data,No data,No data,No data,No data,No data,No data,No data,No data
27430,19,21,29,25,23,15,1,No data,No data,8
27432,No data,No data,No data,No data,No data,No data,No data,28,0,No data
27455,4,10,24,14,9,1,1,No data,No data,4
27460,No data,No data,No data,No data,No data,No data,No data,No data,No data,No data
27470,21,24,25,10,0,0,0,No data,No data,No data
27472,6,6,1,0,0,0,0,No data,No data,No data
27510,6,7,30,9,3,0,0,No data,No data,No data
27665,No data,No data,No data,No data,No data,No data,No data,No data,No data,No data
27666,No data,No data,No data,No data,No data,No data,No data,No data,No data,No data
27800,No data,No data,No data,No data,No data,No data,No data,15,0,1
27802,No data,No data,No data,No data,No data,No data,No data,8,0,1
27803,No data,No data,No data,No data,No data,No data,No data,8,0,No data
27804,No data,No data,No data,No data,No data,No data,No data,No data,No data,No data
27805,No data,No data,No data,No data,No data,No data,No data,No data,No data,No data
27820,No data,No data,No data,No data,No data,No data,No data,No data,No data,No data
27823,No data,No data,No data,No data,No data,No data,No data,No data,No data,No data
27828,No data,No data,No data,No data,No data,No data,No data,No data,No data,No data
27832,No data,No data,No data,No data,No data,No data,No data,No data,No data,No data
27833,No data,No data,No data,No data,No data,No data,No data,No data,No data,No data
27838,No data,No data,No data,No data,No data,No data,No data,No data,No data,No data
27839,No data,No data,No data,No data,No data,No data,No data,No data,No data,No data
27840,No data,No data,No data,No data,No data,No data,No data,20,0,1
27845,No data,No data,No data,No data,No data,No data,No data,4,0,1
28010,13,21,12,4,0,0,0,No data,No data,No data
28012,1,0,9,5,1,1,4,No data,No data,No data
28016,No data,No data,No data,No data,No data,No data,No data,No data,No data,No data
28020,13,10,14,8,13,0,9,No data,No data,5
28021,No data,No data,No data,No data,No data,No data,No data,No data,No data,No data
28022,0,1,1,2,1,0,0,No data,No data,No data
28025,8,13,10,7,1,11,0,No data,No data,1
28121,4,8,4,1,0,0,0,No data,No data,No data
28123,29,34,5,0,0,0,0,No data,No data,No data
28125,No data,No data,No data,No data,No data,No data,No data,No data,No data,No data
28140,No data,No data,No data,No data,No data,No data,No data,No data,No data,No data
28150,No data,No data,No data,No data,No data,No data,No data,No data,No data,No data
28157,3,20,17,0,0,0,0,No data,No data,No data
28160,14,4,9,9,5,2,0,No data,No data,1
28165,2,2,1,0,0,0,1,No data,No data,No data
28212,8,13,10,5,2,7,2,No data,No data,6
28213,No data,No data,No data,No data,No data,No data,No data,No data,No data,No data
28214,3,12,3,0,0,0,0,No data,No data,No data
28216,No data,No data,No data,No data,No data,No data,No data,No data,No data,No data
28217,No data,No data,No data,No data,No data,No data,No data,No data,No data,No data
28221,9,10,2,0,0,0,0,No data,No data,No data
28233,1,2,4,0,0,3,0,No data,No data,No data
28242,No data,No data,No data,No data,No data,No data,No data,No data,No data,No data
28244,No data,No data,No data,No data,No data,No data,No data,No data,No data,No data
28271,No data,No data,No data,No data,No data,No data,No data,11,1,1
28311,No data,No data,No data,No data,No data,No data,No data,No data,No data,No data
28315,No data,No data,No data,No data,No data,No data,No data,No data,No data,No data
28316,No data,No data,No data,No data,No data,No data,No data,No data,No data,No data
28322,No data,No data,No data,No data,No data,No data,No data,No data,No data,No data
28342,1,11,6,19,12,15,11,No data,No data,5
28344,4,11,14,2,1,2,0,No data,No data,4
28345,0,29,59,16,0,0,0,No data,No data,4
28346,3,6,2,0,0,0,0,No data,No data,No data
28350,11,21,32,8,0,0,0,No data,No data,No data
28352,5,10,14,4,0,3,0,No data,No data,3
28361,16,28,25,0,0,2,0,No data,No data,No data
28412,No data,No data,No data,No data,No data,No data,No data,No data,No data,No data
28420,No data,No data,No data,No data,No data,No data,No data,No data,No data,No data
28423,2,4,2,4,1,1,0,No data,No data,2
28434,22,13,13,5,2,6,0,No data,No data,3
28443,6,16,4,1,0,0,0,No data,No data,1
28451,6,12,10,0,0,0,0,No data,No data,No data
28455,No data,No data,No data,No data,No data,No data,No data,No data,No data,No data
28485,No data,No data,No data,No data,No data,No data,No data,No data,No data,No data
28530,No data,No data,No data,No data,No data,No data,No data,No data,No data,No data
28720,No data,No data,No data,No data,No data,No data,No data,No data,No data,No data
28730,No data,No data,No data,No data,No data,No data,No data,No data,No data,No data
28737,No data,No data,No data,No data,No data,No data,No data,No data,No data,No data
28745,No data,No data,No data,No data,No data,No data,No data,No data,No data,No data
28747,10,3,0,0,0,0,0,No data,No data,1
28750,No data,No data,No data,No data,No data,No data,No data,No data,No data,No data
28751,No data,No data,No data,No data,No data,No data,No data,No data,No data,No data
28761,No data,No data,No data,No data,No data,No data,No data,No data,No data,No data
28811,6,5,0,0,0,0,0,No data,No data,No data
28831,No data,No data,No data,No data,No data,No data,No data,No data,No data,No data
28845,No data,No data,No data,No data,No data,No data,No data,No data,No data,No data
28850,35,65,28,5,0,0,0,No data,No data,1
28852,No data,No data,No data,No data,No data,No data,No data,No data,No data,No data
28855,18,54,35,5,1,0,0,No data,No data,2
28857,No data,No data,No data,No data,No data,No data,No data,No data,No data,No data
28870,No data,No data,No data,No data,No data,No data,No data,No data,No data,No data
28871,1,6,8,7,0,0,0,No data,No data,1
28872,0,1,1,4,0,0,0,No data,No data,No data
28905,No data,No data,No data,No data,No data,No data,No data,No data,No data,No data
28908,No data,No data,No data,No data,No data,No data,No data,No data,No data,No data
28909,No data,No data,No data,No data,No data,No data,No data,No data,No data,No data
28917,No data,No data,No data,No data,No data,No data,No data,No data,No data,No data
28923,No data,No data,No data,No data,No data,No data,No data,11,0,No data
28927,No data,No data,No data,No data,No data,No data,No data,No data,No data,No data
28928,0,2,1,1,0,0,0,No data,No data,1
28930,No data,No data,No data,No data,No data,No data,No data,19,0,No data
28932,No data,No data,No data,No data,No data,No data,No data,No data,No data,No data
28933,No data,No data,No data,No data,No data,No data,No data,No data,No data,No data
28934,No data,No data,No data,No data,No data,No data,No data,No data,No data,No data
28989,No data,No data,No data,No data,No data,No data,No data,8,0,1
29902,No data,No data,No data,No data,No data,No data,No data,20,0,No data
29905,No data,No data,No data,No data,No data,No data,No data,No data,No data,No data
29907,No data,No data,No data,No data,No data,No data,No data,No data,No data,No data
29910,No data,No data,No data,No data,No data,No data,No data,5,0,No data
30010,No data,No data,No data,No data,No data,No data,No data,No data,No data,No data
30015,No data,No data,No data,No data,No data,No data,No data,No data,No data,No data
30020,4,22,34,11,3,1,0,No data,No data,No data
30021,No data,No data,No data,No data,No data,No data,No data,No data,No data,No data
30032,No data,No data,No data,No data,No data,No data,No data,No data,No data,No data
30035,No data,No data,No data,No data,No data,No data,No data,No data,No data,No data
30081,No data,No data,No data,No data,No data,No data,No data,36,0,No data
30082,4,13,11,2,5,1,0,0,1,7
30101,No data,No data,No data,No data,No data,No data,No data,No data,No data,No data
30102,1,9,21,6,0,1,0,0,3,No data
30110,24,13,4,0,0,0,0,No data,No data,No data
30121,No data,No data,No data,No data,No data,No data,No data,No data,No data,No data
30131,No data,No data,No data,No data,No data,No data,No data,No data,No data,No data
30142,5,13,6,1,0,2,0,No data,No data,No data
30150,No data,No data,No data,No data,No data,No data,No data,No data,No data,No data
30160,4,9,14,7,4,3,3,No data,No data,No data
30202,No data,No data,No data,No data,No data,No data,No data,No data,No data,No data
30220,4,2,0,0,0,0,0,No data,No data,No data
30221,4,0,0,0,0,0,0,No data,No data,No data
30222,5,0,0,0,0,0,0,No data,No data,No data
30223,No data,No data,No data,No data,No data,No data,No data,No data,No data,No data
30224,No data,No data,No data,No data,No data,No data,No data,No data,No data,No data
30230,No data,No data,No data,No data,No data,No data,No data,No data,No data,No data
30300,No data,No data,No data,No data,No data,No data,No data,No data,No data,No data
30310,8,10,8,8,0,0,0,No data,No data,No data
30320,28,4,1,1,0,0,0,No data,No data,No data
30330,No data,No data,No data,No data,No data,No data,No data,No data,No data,No data
30340,2,12,13,3,2,3,0,No data,No data,7
30350,No data,No data,No data,No data,No data,No data,No data,No data,No data,No data
30400,No data,No data,No data,No data,No data,No data,No data,No data,No data,No data
30405,0,7,5,9,8,7,0,No data,No data,5
30415,No data,No data,No data,No data,No data,No data,No data,No data,No data,No data
30421,0,1,4,3,4,0,0,No data,No data,No data
30428,3,1,0,4,2,3,0,No data,No data,3
30430,No data,No data,No data,No data,No data,No data,No data,No data,No data,No data
30510,No data,No data,No data,No data,No data,No data,No data,19,0,1
30530,No data,No data,No data,No data,No data,No data,No data,No data,No data,No data
30531,25,34,31,16,9,1,0,0,7,No data
30540,No data,No data,No data,No data,No data,No data,No data,No data,No data,No data
30545,No data,No data,No data,No data,No data,No data,No data,No data,No data,No data
30552,No data,No data,No data,No data,No data,No data,No data,No data,No data,No data
30554,9,4,4,3,1,0,0,No data,No data,1
30555,No data,No data,No data,No data,No data,No data,No data,No data,No data,No data
30561,No data,No data,No data,No data,No data,No data,No data,No data,No data,No data
30564,No data,No data,No data,No data,No data,No data,No data,No data,No data,No data
30574,5,10,3,1,0,0,0,No data,No data,1
30720,No data,No data,No data,No data,No data,No data,No data,No data,No data,No data
30742,No data,No data,No data,No data,No data,No data,No data,No data,No data,No data
30745,8,7,1,1,0,1,0,No data,No data,2
30752,No data,No data,No data,No data,No data,No data,No data,No data,No data,No data
30755,No data,No data,No data,No data,No data,No data,No data,No data,No data,No data
30757,No data,No data,No data,No data,No data,No data,No data,No data,No data,No data
30760,11,8,8,1,0,0,0,1,0,4
30784,No data,No data,No data,No data,No data,No data,No data,No data,No data,No data
30785,8,5,1,2,0,1,0,No data,No data,No data
30791,No data,No data,No data,No data,No data,No data,No data,No data,No data,No data
30794,1,1,5,2,0,0,0,No data,No data,No data
30857,9,14,1,1,0,0,0,No data,No data,No data
30911,No data,No data,No data,No data,No data,No data,No data,No data,No data,No data
30970,No data,No data,No data,No data,No data,No data,No data,No data,No data,No data
34019,No data,No data,No data,No data,No data,No data,No data,No data,No data,No data
34020,12,26,14,9,3,2,0,No data,No data,3
34021,13,11,2,1,1,0,0,No data,No data,3
34023,No data,No data,No data,No data,No data,No data,No data,4,0,No data
34024,No data,No data,No data,No data,No data,No data,No data,No data,No data,No data
34029,No data,No data,No data,No data,No data,No data,No data,No data,No data,No data
34031,5,3,6,5,5,5,0,No data,No data,1
34032,No data,No data,No data,No data,No data,No data,No data,No data,No data,No data
34034,No data,No data,No data,No data,No data,No data,No data,No data,No data,No data
34038,No data,No data,No data,No data,No data,No data,No data,4,0,1
34041,1,0,2,3,2,0,0,No data,No data,3
34042,No data,No data,No data,No data,No data,No data,No data,No data,No data,No data
34043,2,0,3,3,0,0,0,No data,No data,No data
34046,No data,No data,No data,No data,No data,No data,No data,No data,No data,No data
34051,3,3,2,3,1,1,0,No data,No data,1
34052,No data,No data,No data,No data,No data,No data,No data,No data,No data,No data
34053,2,3,0,0,4,2,1,No data,No data,2
34060,1,1,3,0,0,0,0,No data,No data,1
34061,5,2,2,3,0,0,0,No data,No data,1
34062,2,2,2,2,0,0,0,No data,No data,1
34091,No data,No data,No data,No data,No data,No data,No data,No data,No data,No data
34092,No data,No data,No data,No data,No data,No data,No data,No data,No data,No data
34094,No data,No data,No data,No data,No data,No data,No data,No data,No data,No data
34120,0,2,2,0,1,0,0,No data,No data,3
34121,2,2,0,2,0,1,0,No data,No data,1
34126,No data,No data,No data,No data,No data,No data,No data,No data,No data,No data
34127,4,4,1,1,0,4,0,No data,No data,No data
34129,No data,No data,No data,No data,No data,No data,No data,4,0,No data
34130,No data,No data,No data,No data,No data,No data,No data,No data,No data,No data
34153,0,4,1,2,1,0,0,No data,No data,No data
34156,No data,No data,No data,No data,No data,No data,No data,No data,No data,No data
34190,No data,No data,No data,No data,No data,No data,No data,No data,No data,No data
34192,No data,No data,No data,No data,No data,No data,No data,No data,No data,No data
34193,No data,No data,No data,No data,No data,No data,No data,No data,No data,No data
34194,No data,No data,No data,No data,No data,No data,No data,No data,No data,No data
34195,No data,No data,No data,No data,No data,No data,No data,No data,No data,No data
34210,1,1,7,4,6,1,1,No data,No data,4
34220,14,15,2,1,0,0,0,No data,No data,2
34229,4,1,10,1,0,0,0,No data,No data,1
34231,No data,No data,No data,No data,No data,No data,No data,No data,No data,No data
34240,1,3,0,0,0,0,0,No data,No data,2
34241,3,7,4,0,0,0,0,No data,No data,1
34242,No data,No data,No data,No data,No data,No data,No data,8,0,No data
34249,3,5,4,2,0,0,0,No data,No data,2
34250,No data,No data,No data,No data,No data,No data,No data,No data,No data,No data
34251,No data,No data,No data,No data,No data,No data,No data,No data,No data,No data
34269,1,3,5,3,0,0,0,No data,No data,4
34290,No data,No data,No data,No data,No data,No data,No data,No data,No data,No data
34302,No data,No data,No data,No data,No data,No data,No data,No data,No data,No data
34313,No data,No data,No data,No data,No data,No data,No data,No data,No data,No data
34315,16,11,27,20,0,0,0,No data,No data,1
34318,No data,No data,No data,No data,No data,No data,No data,4,0,No data
34322,6,8,6,2,1,0,0,No data,No data,No data
34323,No data,No data,No data,No data,No data,No data,No data,No data,No data,No data
34325,2,2,3,0,0,0,0,No data,No data,No data
34331,No data,No data,No data,No data,No data,No data,No data,No data,No data,No data
34332,No data,No data,No data,No data,No data,No data,No data,No data,No data,No data
34333,4,9,3,3,1,0,0,No data,No data,4
34334,No data,No data,No data,No data,No data,No data,No data,No data,No data,No data
34338,No data,No data,No data,No data,No data,No data,No data,No data,No data,No data
34343,2,1,0,1,1,1,0,No data,No data,1
34345,No data,No data,No data,No data,No data,No data,No data,No data,No data,No data
34346,3,17,17,3,1,0,0,0,5,No data
34349,3,14,22,4,2,0,0,No data,No data,2
34351,3,3,9,1,0,2,0,No data,No data,1
34359,No data,No data,No data,No data,No data,No data,No data,No data,No data,No data
34365,No data,No data,No data,No data,No data,No data,No data,No data,No data,No data
34366,No data,No data,No data,No data,No data,No data,No data,No data,No data,No data
34367,No data,No data,No data,No data,No data,No data,No data,No data,No data,No data
34368,No data,No data,No data,No data,No data,No data,No data,No data,No data,No data
34369,No data,No data,No data,No data,No data,No data,No data,No data,No data,No data
34370,12,16,10,3,1,5,0,No data,No data,2
34371,No data,No data,No data,No data,No data,No data,No data,No data,No data,No data
34373,No data,No data,No data,No data,No data,No data,No data,36,9,1
34430,9,7,9,3,3,0,0,No data,No data,No data
34431,No data,No data,No data,No data,No data,No data,No data,No data,No data,No data
34440,No data,No data,No data,No data,No data,No data,No data,No data,No data,No data
34451,No data,No data,No data,No data,No data,No data,No data,No data,No data,No data
34492,No data,No data,No data,No data,No data,No data,No data,No data,No data,No data
34495,No data,No data,No data,No data,No data,No data,No data,No data,No data,No data
34539,No data,No data,No data,No data,No data,No data,No data,4,0,No data
34540,No data,No data,No data,No data,No data,No data,No data,No data,No data,No data
34541,No data,No data,No data,No data,No data,No data,No data,No data,No data,No data
34542,No data,No data,No data,No data,No data,No data,No data,No data,No data,No data
34551,No data,No data,No data,No data,No data,No data,No data,No data,No data,No data
34552,6,58,24,1,1,1,0,No data,No data,No data
34553,2,6,0,0,0,0,0,No data,No data,No data
34554,No data,No data,No data,No data,No data,No data,No data,No data,No data,No data
34590,3,2,5,0,0,0,0,No data,No data,No data
34600,No data,No data,No data,No data,No data,No data,No data,No data,No data,No data
34601,No data,No data,No data,No data,No data,No data,No data,105,3,13
34602,No data,No data,No data,No data,No data,No data,No data,44,0,5
34620,No data,No data,No data,No data,No data,No data,No data,137,0,9
34621,No data,No data,No data,No data,No data,No data,No data,No data,No data,No data
34630,No data,No data,No data,No data,No data,No data,No data,No data,No data,No data
34652,No data,No data,No data,No data,No data,No data,No data,No data,No data,No data
34653,No data,No data,No data,No data,No data,No data,No data,No data,No data,No data
34654,No data,No data,No data,No data,No data,No data,No data,No data,No data,No data
34655,16,13,16,8,1,0,0,No data,No data,No data
34656,8,10,6,2,1,0,0,No data,No data,3
34657,No data,No data,No data,No data,No data,No data,No data,No data,No data,No data
34658,6,0,0,0,0,0,0,No data,No data,No data
34659,7,3,0,0,0,0,0,No data,No data,1
34690,No data,No data,No data,No data,No data,No data,No data,No data,No data,No data
34720,28,10,4,1,2,0,0,No data,No data,No data
34721,No data,No data,No data,No data,No data,No data,No data,No data,No data,No data
34722,4,9,5,15,6,4,0,No data,No data,2
34723,No data,No data,No data,No data,No data,No data,No data,4,0,No data
34724,No data,No data,No data,No data,No data,No data,No data,17,1,2
34745,No data,No data,No data,No data,No data,No data,No data,No data,No data,No data
34746,10,9,4,3,1,6,0,No data,No data,1
34748,2,3,3,5,0,0,0,No data,No data,No data
34752,No data,No data,No data,No data,No data,No data,No data,39,0,1
34753,1,3,5,2,2,0,0,No data,No data,No data
34755,15,21,26,9,1,0,0,No data,No data,No data
34757,No data,No data,No data,No data,No data,No data,No data,50,0,No data
34759,0,1,0,0,2,1,0,No data,No data,No data
34760,12,20,12,0,0,0,0,No data,No data,1
34761,3,1,0,0,0,0,0,71,4,3
34763,No data,No data,No data,No data,No data,No data,No data,59,1,No data
34764,No data,No data,No data,No data,No data,No data,No data,No data,No data,No data
34791,No data,No data,No data,No data,No data,No data,No data,No data,No data,No data
34792,No data,No data,No data,No data,No data,No data,No data,No data,No data,No data
34840,0,2,0,2,1,1,0,No data,No data,No data
34844,No data,No data,No data,No data,No data,No data,No data,No data,No data,No data
34846,4,18,6,2,1,0,0,No data,No data,No data
34847,No data,No data,No data,No data,No data,No data,No data,12,0,No data
34848,No data,No data,No data,No data,No data,No data,No data,No data,No data,No data
34850,2,13,17,6,0,2,0,No data,No data,1
34860,5,11,7,5,3,3,0,No data,No data,6
34865,5,7,6,5,3,4,1,No data,No data,3
34867,0,8,0,0,0,0,0,No data,No data,3
34870,No data,No data,No data,No data,No data,No data,No data,No data,No data,No data
34871,No data,No data,No data,No data,No data,No data,No data,No data,No data,No data
34880,No data,No data,No data,No data,No data,No data,No data,No data,No data,No data
34895,No data,No data,No data,No data,No data,No data,No data,No data,No data,No data
38001,5,46,17,0,0,0,0,No data,No data,2
38102,No data,No data,No data,No data,No data,No data,No data,No data,No data,No data
38103,24,45,46,4,0,0,0,No data,No data,No data
38104,12,38,13,0,0,0,0,No data,No data,2
38106,No data,No data,No data,No data,No data,No data,No data,477,16,No data
38108,No data,No data,No data,No data,No data,No data,No data,No data,No data,No data
38109,No data,No data,No data,No data,No data,No data,No data,11,0,No data
38110,No data,No data,No data,No data,No data,No data,No data,No data,No data,No data
38111,No data,No data,No data,No data,No data,No data,No data,No data,No data,No data
38112,12,11,3,0,0,0,0,No data,No data,No data
38113,No data,No data,No data,No data,No data,No data,No data,No data,No data,No data
38201,No data,No data,No data,No data,No data,No data,No data,No data,No data,No data
38202,16,20,4,0,0,0,0,No data,No data,No data
38203,No data,No data,No data,No data,No data,No data,No data,No data,No data,No data
38204,No data,No data,No data,No data,No data,No data,No data,No data,No data,No data
38301,No data,No data,No data,No data,No data,No data,No data,25,0,No data
38302,No data,No data,No data,No data,No data,No data,No data,14,0,1
38798,No data,No data,No data,No data,No data,No data,No data,No data,No data,No data
38799,No data,No data,No data,No data,No data,No data,No data,20,0,1
38888,No data,No data,No data,No data,No data,No data,No data,No data,No data,No data
41000,No data,No data,No data,No data,No data,No data,No data,No data,No data,No data
41011,No data,No data,No data,No data,No data,No data,No data,No data,No data,No data
41012,No data,No data,No data,No data,No data,No data,No data,No data,No data,No data
41013,No data,No data,No data,No data,No data,No data,No data,No data,No data,No data
41020,22,23,4,0,0,0,0,No data,No data,1
41028,24,104,13,0,0,0,0,No data,No data,1
41029,15,72,0,3,0,0,0,No data,No data,No data
41031,No data,No data,No data,No data,No data,No data,No data,No data,No data,No data
41045,No data,No data,No data,No data,No data,No data,No data,No data,No data,No data
41046,2,4,25,10,5,8,0,No data,No data,1
41051,6,50,31,8,2,0,0,No data,No data,No data
41073,No data,No data,No data,No data,No data,No data,No data,No data,No data,No data
41083,11,35,33,14,5,0,0,No data,No data,No data
41084,No data,No data,No data,No data,No data,No data,No data,No data,No data,No data
41102,No data,No data,No data,No data,No data,No data,No data,No data,No data,No data
41107,5,23,28,2,1,0,0,No data,No data,4
41111,No data,No data,No data,No data,No data,No data,No data,No data,No data,No data
41112,No data,No data,No data,No data,No data,No data,No data,No data,No data,No data
41113,No data,No data,No data,No data,No data,No data,No data,No data,No data,No data
41117,No data,No data,No data,No data,No data,No data,No data,No data,No data,No data
41126,8,4,3,0,3,0,0,No data,No data,No data
41129,No data,No data,No data,No data,No data,No data,No data,No data,No data,No data
41201,No data,No data,No data,No data,No data,No data,No data,No data,No data,No data
41204,4,9,7,10,11,4,2,No data,No data,6
41216,No data,No data,No data,No data,No data,No data,No data,No data,No data,No data
41222,No data,No data,No data,No data,No data,No data,No data,No data,No data,No data
41226,4,6,2,4,1,3,0,No data,No data,No data
41236,0,13,35,37,14,53,1,No data,No data,14
41237,8,24,16,9,5,0,0,No data,No data,No data
41263,0,5,0,1,0,1,0,No data,No data,No data
41270,3,0,0,3,0,0,0,No data,No data,No data
41271,3,3,4,3,0,0,0,No data,No data,No data
41275,No data,No data,No data,No data,No data,No data,No data,No data,No data,No data
41280,0,0,4,0,0,0,0,No data,No data,No data
41292,No data,No data,No data,No data,No data,No data,No data,No data,No data,No data
41312,8,10,26,13,8,2,0,No data,No data,No data
41315,No data,No data,No data,No data,No data,No data,No data,51,0,3
41316,No data,No data,No data,No data,No data,No data,No data,No data,No data,No data
41317,28,16,8,1,0,0,0,No data,No data,2
41320,No data,No data,No data,No data,No data,No data,No data,No data,No data,No data
41321,1,3,4,3,1,0,0,No data,No data,No data
41341,No data,No data,No data,No data,No data,No data,No data,No data,No data,No data
41342,No data,No data,No data,No data,No data,No data,No data,25,0,1
41343,16,0,0,0,0,0,0,No data,No data,No data
41346,12,14,0,1,3,0,0,No data,No data,No data
41347,No data,No data,No data,No data,No data,No data,No data,No data,No data,No data
41391,No data,No data,No data,No data,No data,No data,No data,No data,No data,No data
41392,No data,No data,No data,No data,No data,No data,No data,No data,No data,No data
41401,11,25,9,4,8,3,0,No data,No data,1
41402,No data,No data,No data,No data,No data,No data,No data,No data,No data,No data
41416,4,25,22,2,0,0,0,No data,No data,No data
41417,No data,No data,No data,No data,No data,No data,No data,No data,No data,No data
41418,12,10,19,15,0,0,1,No data,No data,No data
41420,No data,No data,No data,No data,No data,No data,No data,No data,No data,No data
41451,20,23,35,26,32,28,2,No data,No data,8
41452,0,1,2,4,2,3,0,No data,No data,1
41458,4,8,15,5,6,7,0,No data,No data,2
41459,8,3,22,6,7,15,0,No data,No data,4
41461,No data,No data,No data,No data,No data,No data,No data,No data,No data,No data
41462,No data,No data,No data,No data,No data,No data,No data,No data,No data,No data
41463,0,0,0,2,2,0,0,No data,No data,No data
41464,1,6,10,5,7,1,0,No data,No data,No data
41465,No data,No data,No data,No data,No data,No data,No data,No data,No data,No data
41466,5,9,20,11,7,4,0,No data,No data,7
41467,No data,No data,No data,No data,No data,No data,No data,No data,No data,No data
41468,3,13,16,7,4,9,0,No data,No data,No data
41490,No data,No data,No data,No data,No data,No data,No data,No data,No data,No data
41491,No data,No data,No data,No data,No data,No data,No data,No data,No data,No data
41501,15,10,19,10,26,14,10,No data,No data,10
41502,0,0,2,0,4,0,1,No data,No data,No data
41511,6,7,21,8,20,17,4,No data,No data,3
41512,7,9,3,9,4,12,2,No data,No data,5
41514,14,10,13,13,2,0,0,No data,No data,2
41515,No data,No data,No data,No data,No data,No data,No data,No data,No data,No data
41516,No data,No data,No data,No data,No data,No data,No data,No data,No data,No data
41517,6,6,11,0,0,0,0,No data,No data,1
41522,11,14,5,2,3,2,0,No data,No data,3
41524,No data,No data,No data,No data,No data,No data,No data,No data,No data,No data
41525,No data,No data,No data,No data,No data,No data,No data,No data,No data,No data
41526,No data,No data,No data,No data,No data,No data,No data,No data,No data,No data
41528,15,17,12,5,1,0,0,No data,No data,2
41533,4,11,19,11,12,24,6,No data,No data,13
41534,No data,No data,No data,No data,No data,No data,No data,No data,No data,No data
41561,3,3,7,0,1,0,0,No data,No data,No data
41563,3,8,5,1,1,1,0,No data,No data,No data
41564,No data,No data,No data,No data,No data,No data,No data,No data,No data,No data
41591,No data,No data,No data,No data,No data,No data,No data,43,0,No data
41603,No data,No data,No data,No data,No data,No data,No data,No data,No data,No data
41612,No data,No data,No data,No data,No data,No data,No data,No data,No data,No data
41615,No data,No data,No data,No data,No data,No data,No data,No data,No data,No data
41619,No data,No data,No data,No data,No data,No data,No data,No data,No data,No data
41635,20,59,24,7,1,5,0,No data,No data,7
41636,No data,No data,No data,No data,No data,No data,No data,No data,No data,No data
41637,No data,No data,No data,No data,No data,No data,No data,No data,No data,No data
41638,No data,No data,No data,No data,No data,No data,No data,No data,No data,No data
41639,41,27,28,0,0,0,0,No data,No data,1
41651,No data,No data,No data,No data,No data,No data,No data,16,0,No data
41653,No data,No data,No data,No data,No data,No data,No data,No data,No data,No data
41656,8,17,19,8,3,3,0,No data,No data,3
41658,3,7,3,3,2,1,0,No data,No data,3
41659,No data,No data,No data,No data,No data,No data,No data,No data,No data,No data
41661,No data,No data,No data,No data,No data,No data,No data,No data,No data,No data
41662,0,0,0,2,0,3,0,No data,No data,No data
41667,No data,No data,No data,No data,No data,No data,No data,No data,No data,No data
41668,No data,No data,No data,No data,No data,No data,No data,No data,No data,No data
41669,5,7,9,8,3,3,0,No data,No data,6
41680,5,9,30,37,20,16,5,No data,No data,10
41681,0,0,1,1,0,4,0,No data,No data,No data
41684,1,10,13,6,5,1,0,No data,No data,2
41685,7,9,6,6,1,2,0,No data,No data,1
41686,4,10,9,16,14,13,1,No data,No data,7
41689,15,9,3,1,0,0,0,No data,No data,No data
41690,No data,No data,No data,No data,No data,No data,No data,No data,No data,No data
41691,No data,No data,No data,No data,No data,No data,No data,No data,No data,No data
41714,5,22,29,6,2,0,0,No data,No data,1
41730,No data,No data,No data,No data,No data,No data,No data,No data,No data,No data
41733,0,0,1,2,0,1,0,No data,No data,No data
41734,14,2,2,1,0,0,0,No data,No data,No data
41735,17,11,2,0,0,0,0,No data,No data,No data
41737,19,28,30,1,0,0,0,No data,No data,3
41739,14,15,0,0,0,0,0,No data,No data,1
41740,No data,No data,No data,No data,No data,No data,No data,No data,No data,No data
41743,No data,No data,No data,No data,No data,No data,No data,No data,No data,No data
41747,No data,No data,No data,No data,No data,No data,No data,No data,No data,No data
41748,3,2,3,1,1,2,0,No data,No data,No data
41749,No data,No data,No data,No data,No data,No data,No data,No data,No data,No data
41784,12,4,22,14,8,12,0,No data,No data,4
41787,4,17,23,19,3,3,0,No data,No data,11
41789,10,22,35,5,5,2,0,No data,No data,4
41791,No data,No data,No data,No data,No data,No data,No data,No data,No data,No data
41792,3,6,0,0,0,0,0,No data,No data,No data
41793,No data,No data,No data,No data,No data,No data,No data,14,0,No data
41801,19,28,9,0,0,0,0,No data,No data,1
41808,No data,No data,No data,No data,No data,No data,No data,No data,No data,No data
41813,7,7,2,1,0,1,0,No data,No data,No data
41814,No data,No data,No data,No data,No data,No data,No data,No data,No data,No data
41815,No data,No data,No data,No data,No data,No data,No data,No data,No data,No data
41822,No data,No data,No data,No data,No data,No data,No data,No data,No data,No data
41832,No data,No data,No data,No data,No data,No data,No data,No data,No data,No data
41833,No data,No data,No data,No data,No data,No data,No data,No data,No data,No data
41843,No data,No data,No data,No data,No data,No data,No data,No data,No data,No data
41860,3,4,2,0,1,0,0,No data,No data,No data
41861,2,1,4,1,1,1,0,No data,No data,No data
41862,No data,No data,No data,No data,No data,No data,No data,No data,No data,No data
41863,3,0,0,1,0,0,0,No data,No data,2
41864,No data,No data,No data,No data,No data,No data,No data,No data,No data,No data
41871,No data,No data,No data,No data,No data,No data,No data,No data,No data,No data
41872,2,2,0,0,0,1,1,No data,No data,No data
41873,No data,No data,No data,No data,No data,No data,No data,No data,No data,No data
41874,No data,No data,No data,No data,No data,No data,No data,No data,No data,No data
41876,0,4,1,1,0,0,0,No data,No data,1
41881,3,6,0,0,0,0,1,No data,No data,No data
41882,10,14,1,0,0,0,0,No data,No data,No data
41903,No data,No data,No data,No data,No data,No data,No data,No data,No data,No data
41905,6,17,13,4,0,0,0,No data,No data,1
41906,7,18,10,3,2,0,0,No data,No data,No data
41911,No data,No data,No data,No data,No data,No data,No data,No data,No data,No data
41919,No data,No data,No data,No data,No data,No data,No data,68,0,4
41925,No data,No data,No data,No data,No data,No data,No data,No data,No data,No data
41927,32,44,15,5,13,0,2,No data,No data,No data
41928,No data,No data,No data,No data,No data,No data,No data,No data,No data,No data
41929,No data,No data,No data,No data,No data,No data,No data,66,0,1
41931,No data,No data,No data,No data,No data,No data,No data,No data,No data,No data
41932,4,3,10,8,2,0,0,No data,No data,2
41933,4,7,6,3,2,0,0,No data,No data,No data
41934,No data,No data,No data,No data,No data,No data,No data,No data,No data,No data
41935,9,10,23,4,0,0,0,No data,No data,1
41936,47,61,62,17,5,2,0,0,1,1
41937,No data,No data,No data,No data,No data,No data,No data,No data,No data,No data
41938,No data,No data,No data,No data,No data,No data,No data,No data,No data,No data
41940,No data,No data,No data,No data,No data,No data,No data,No data,No data,No data
41941,No data,No data,No data,No data,No data,No data,No data,No data,No data,No data
41942,No data,No data,No data,No data,No data,No data,No data,No data,No data,No data
41943,12,23,24,2,1,0,0,No data,No data,2
41944,18,20,24,0,1,0,0,No data,No data,1
41945,No data,No data,No data,No data,No data,No data,No data,No data,No data,No data
41946,No data,No data,No data,No data,No data,No data,No data,No data,No data,No data
41947,1,27,17,16,0,0,0,No data,No data,No data
41948,13,20,0,16,4,0,0,No data,No data,No data
41950,14,31,56,36,22,24,0,No data,No data,3
41952,No data,No data,No data,No data,No data,No data,No data,4,0,No data
41953,9,11,7,7,10,8,4,No data,No data,5
41954,0,0,0,0,4,8,0,No data,No data,No data
41955,3,9,13,19,15,15,2,No data,No data,3
41956,12,14,10,13,11,19,1,No data,No data,6
41957,No data,No data,No data,No data,No data,No data,No data,No data,No data,No data
41958,0,0,0,1,1,5,1,No data,No data,No data
41959,No data,No data,No data,No data,No data,No data,No data,No data,No data,No data
41961,0,1,2,1,0,2,0,No data,No data,No data
41963,0,0,1,2,1,2,0,No data,No data,1
41964,6,18,31,18,8,12,0,No data,No data,4
41967,No data,No data,No data,No data,No data,No data,No data,No data,No data,No data
41968,No data,No data,No data,No data,No data,No data,No data,No data,No data,No data
41969,2,18,9,7,7,0,0,No data,No data,4
41970,No data,No data,No data,No data,No data,No data,No data,13,0,2
41971,6,5,13,0,0,0,0,No data,No data,No data
41991,No data,No data,No data,No data,No data,No data,No data,9,0,No data
41992,No data,No data,No data,No data,No data,No data,No data,9,0,No data
41B01,No data,No data,No data,No data,No data,No data,No data,No data,No data,No data
41B02,No data,No data,No data,No data,No data,No data,No data,No data,No data,No data
41B04,0,8,22,2,0,1,0,No data,No data,No data
41B05,No data,No data,No data,No data,No data,No data,No data,No data,No data,No data
41B12,No data,No data,No data,No data,No data,No data,No data,No data,No data,No data
41B13,No data,No data,No data,No data,No data,No data,No data,No data,No data,No data
41B1A,No data,No data,No data,No data,No data,No data,No data,No data,No data,No data
41B1C,No data,No data,No data,No data,No data,No data,No data,No data,No data,No data
41B24,0,5,11,6,3,2,0,No data,No data,No data
41B25,6,5,12,6,4,0,0,No data,No data,1
41B27,No data,No data,No data,No data,No data,No data,No data,No data,No data,No data
41B2A,No data,No data,No data,No data,No data,No data,No data,No data,No data,No data
41B2B,4,4,4,0,0,0,0,No data,No data,No data
41B2C,3,8,0,0,0,0,0,No data,No data,No data
41B3A,No data,No data,No data,No data,No data,No data,No data,No data,No data,No data
41B3B,No data,No data,No data,No data,No data,No data,No data,No data,No data,No data
41B3C,No data,No data,No data,No data,No data,No data,No data,No data,No data,No data
41B4A,11,2,0,0,0,0,0,No data,No data,No data
41E16,No data,No data,No data,No data,No data,No data,No data,No data,No data,No data
41MIB,No data,No data,No data,No data,No data,No data,No data,No data,No data,No data
42001,9,26,14,5,2,0,0,No data,No data,6
42009,No data,No data,No data,No data,No data,No data,No data,No data,No data,No data
42014,21,54,59,36,16,0,0,No data,No data,3
42015,1,1,3,0,0,0,0,No data,No data,No data
42016,25,51,75,25,5,1,0,No data,No data,7
42101,0,2,5,6,7,8,1,No data,No data,No data
42112,2,1,6,6,4,1,0,No data,No data,1
42114,0,0,3,6,12,9,0,No data,No data,No data
42115,2,2,1,0,2,0,0,No data,No data,No data
42117,No data,No data,No data,No data,No data,No data,No data,No data,No data,No data
42136,9,42,20,3,1,3,0,No data,No data,No data
42137,4,18,13,3,0,1,0,No data,No data,2
42142,No data,No data,No data,No data,No data,No data,No data,15,0,3
42146,No data,No data,No data,No data,No data,No data,No data,No data,No data,No data
42180,5,23,24,6,3,1,0,No data,No data,2
42186,14,56,43,1,0,1,0,6,0,1
42189,10,14,15,1,1,1,0,No data,No data,1
42380,9,27,31,21,10,15,0,No data,No data,4
42402,2,0,3,1,1,0,0,No data,No data,No data
42403,No data,No data,No data,No data,No data,No data,No data,No data,No data,No data
42404,10,28,37,10,3,1,0,No data,No data,No data
42417,6,71,77,8,2,0,0,0,2,5
42421,No data,No data,No data,No data,No data,No data,No data,No data,No data,No data
42500,No data,No data,No data,No data,No data,No data,No data,15,2,1
42501,No data,No data,No data,No data,No data,No data,No data,834,37,2
42502,No data,No data,No data,No data,No data,No data,No data,4,0,No data
42503,No data,No data,No data,No data,No data,No data,No data,86,1,No data
42504,No data,No data,No data,No data,No data,No data,No data,559,17,2
42505,No data,No data,No data,No data,No data,No data,No data,38,1,No data
42543,39,107,80,39,6,0,0,No data,No data,2
42576,26,39,33,12,3,3,0,No data,No data,1
42577,No data,No data,No data,No data,No data,No data,No data,No data,No data,No data
42578,16,13,22,16,0,0,0,No data,No data,No data
42580,No data,No data,No data,No data,No data,No data,No data,No data,No data,No data
42584,14,9,0,0,0,0,0,No data,No data,No data
42586,3,5,7,7,4,10,1,No data,No data,No data
42587,No data,No data,No data,No data,No data,No data,No data,No data,No data,No data
42588,2,11,11,1,0,0,0,No data,No data,No data
42620,44,54,64,34,15,3,0,No data,No data,7
42622,83,82,49,12,6,0,0,No data,No data,1
42715,No data,No data,No data,No data,No data,No data,No data,35,5,No data
42787,No data,No data,No data,No data,No data,No data,No data,No data,No data,No data
42879,0,2,2,4,0,0,0,No data,No data,No data
42893,No data,No data,No data,No data,No data,No data,No data,10,1,No data
42B50,No data,No data,No data,No data,No data,No data,No data,No data,No data,No data
42B51,No data,No data,No data,No data,No data,No data,No data,No data,No data,No data
42B54,No data,No data,No data,No data,No data,No data,No data,No data,No data,No data
42B55,No data,No data,No data,No data,No data,No data,No data,No data,No data,No data
42B56,No data,No data,No data,No data,No data,No data,No data,No data,No data,No data
42B61,6,12,1,0,0,0,0,No data,No data,No data
42B67,No data,No data,No data,No data,No data,No data,No data,No data,No data,No data
42B68,12,7,0,0,0,0,0,No data,No data,No data
42B71,No data,No data,No data,No data,No data,No data,No data,No data,No data,No data
42B73,No data,No data,No data,No data,No data,No data,No data,No data,No data,No data
42B76,No data,No data,No data,No data,No data,No data,No data,21,0,No data
42B77,No data,No data,No data,No data,No data,No data,No data,No data,No data,No data
42B86,11,10,0,0,0,0,0,No data,No data,No data
42B87,No data,No data,No data,No data,No data,No data,No data,No data,No data,No data
42B88,No data,No data,No data,No data,No data,No data,No data,13,0,No data
42B90,No data,No data,No data,No data,No data,No data,No data,8,0,No data
42MMT,11,8,2,0,0,0,0,No data,No data,No data
42S01,No data,No data,No data,No data,No data,No data,No data,No data,No data,No data
42S02,No data,No data,No data,No data,No data,No data,No data,No data,No data,No data
42S03,No data,No data,No data,No data,No data,No data,No data,No data,No data,No data
42S04,No data,No data,No data,No data,No data,No data,No data,No data,No data,No data
42S05,No data,No data,No data,No data,No data,No data,No data,No data,No data,No data
42S06,No data,No data,No data,No data,No data,No data,No data,No data,No data,No data
42S07,No data,No data,No data,No data,No data,No data,No data,No data,No data,No data
42S08,7,9,0,0,0,0,0,No data,No data,No data
42S09,0,11,5,0,0,0,0,No data,No data,No data
42S10,7,6,3,0,0,0,0,No data,No data,No data
42S11,No data,No data,No data,No data,No data,No data,No data,No data,No data,No data
42S12,No data,No data,No data,No data,No data,No data,No data,No data,No data,No data
42S13,No data,No data,No data,No data,No data,No data,No data,No data,No data,No data
42S14,No data,No data,No data,No data,No data,No data,No data,No data,No data,No data
42S15,No data,No data,No data,No data,No data,No data,No data,No data,No data,No data
42S16,No data,No data,No data,No data,No data,No data,No data,No data,No data,No data
42S17,No data,No data,No data,No data,No data,No data,No data,No data,No data,No data
42S18,No data,No data,No data,No data,No data,No data,No data,No data,No data,No data
42S19,No data,No data,No data,No data,No data,No data,No data,No data,No data,No data
42S20,No data,No data,No data,No data,No data,No data,No data,No data,No data,No data
46000,5,13,57,7,8,5,0,No data,No data,2
46015,No data,No data,No data,No data,No data,No data,No data,No data,No data,No data
46020,12,17,15,3,0,3,0,No data,No data,2
46025,8,30,17,4,0,0,2,No data,No data,No data
46030,No data,No data,No data,No data,No data,No data,No data,No data,No data,No data
46035,No data,No data,No data,No data,No data,No data,No data,No data,No data,No data
46040,18,24,30,9,1,4,0,No data,No data,1
46045,6,19,9,1,0,0,0,No data,No data,1
46050,15,9,13,4,0,0,0,No data,No data,No data
46055,15,16,20,13,13,0,3,No data,No data,No data
46060,2,28,22,9,2,0,0,No data,No data,4
46100,No data,No data,No data,No data,No data,No data,No data,No data,No data,No data
46110,12,24,31,1,0,0,0,No data,No data,No data
46115,No data,No data,No data,No data,No data,No data,No data,No data,No data,No data
46120,No data,No data,No data,No data,No data,No data,No data,66,8,No data
46200,0,8,1,0,0,2,0,No data,No data,No data
46205,No data,No data,No data,No data,No data,No data,No data,No data,No data,No data
46211,No data,No data,No data,No data,No data,No data,No data,No data,No data,No data
46215,15,31,11,0,0,0,0,No data,No data,1
46230,2,2,18,3,4,1,0,No data,No data,No data
46300,No data,No data,No data,No data,No data,No data,No data,No data,No data,No data
46310,7,9,11,5,0,0,0,No data,No data,No data
46320,No data,No data,No data,No data,No data,No data,No data,No data,No data,No data
46400,3,3,4,7,3,3,0,No data,No data,No data
46411,2,5,2,2,1,0,0,No data,No data,1
46415,0,3,4,2,2,0,0,No data,No data,No data
46420,No data,No data,No data,No data,No data,No data,No data,No data,No data,No data
46440,No data,No data,No data,No data,No data,No data,No data,No data,No data,No data
46500,No data,No data,No data,No data,No data,No data,No data,No data,No data,No data
46550,No data,No data,No data,No data,No data,No data,No data,No data,No data,No data
46600,0,3,1,0,0,0,0,No data,No data,No data
46610,4,2,1,0,0,0,0,No data,No data,No data
46700,0,2,0,2,0,1,0,No data,No data,No data
46705,16,14,23,6,1,0,0,No data,No data,2
46711,No data,No data,No data,No data,No data,No data,No data,No data,No data,No data
46715,No data,No data,No data,No data,No data,No data,No data,No data,No data,No data
46720,8,11,8,8,2,2,0,No data,No data,3
46725,5,15,17,1,0,0,0,No data,No data,1
46735,No data,No data,No data,No data,No data,No data,No data,No data,No data,No data
46740,6,71,62,10,1,13,0,No data,No data,4
46745,No data,No data,No data,No data,No data,No data,No data,No data,No data,No data
46750,No data,No data,No data,No data,No data,No data,No data,No data,No data,No data
46755,20,48,58,3,5,0,0,No data,No data,12
46760,11,16,0,1,0,0,0,No data,No data,No data
46765,No data,No data,No data,No data,No data,No data,No data,No data,No data,No data
46770,21,61,32,6,0,0,0,No data,No data,2
46795,No data,No data,No data,No data,No data,No data,No data,No data,No data,No data
46797,No data,No data,No data,No data,No data,No data,No data,16,0,No data
46901,No data,No data,No data,No data,No data,No data,No data,No data,No data,No data
46910,No data,No data,No data,No data,No data,No data,No data,17,9,No data
46915,No data,No data,No data,No data,No data,No data,No data,No data,No data,No data
46920,No data,No data,No data,No data,No data,No data,No data,12,0,No data
46W11,No data,No data,No data,No data,No data,No data,No data,No data,No data,No data
46W14,No data,No data,No data,No data,No data,No data,No data,No data,No data,No data
46W17,No data,No data,No data,No data,No data,No data,No data,No data,No data,No data
46W21,2,4,1,0,0,0,0,No data,No data,1
46W24,1,3,2,0,0,0,0,No data,No data,No data
46W27,2,2,0,0,3,0,0,No data,No data,1
46W31,No data,No data,No data,No data,No data,No data,No data,No data,No data,No data
46W34,No data,No data,No data,No data,No data,No data,No data,No data,No data,No data
46W37,No data,No data,No data,No data,No data,No data,No data,No data,No data,No data
46W43,No data,No data,No data,No data,No data,No data,No data,21,0,4
46W44,6,5,0,0,0,0,0,No data,No data,3
46W47,0,0,4,1,0,1,0,No data,No data,3
47201,8,21,21,10,2,2,0,No data,No data,No data
47202,No data,No data,No data,No data,No data,No data,No data,No data,No data,No data
47203,No data,No data,No data,No data,No data,No data,No data,No data,No data,No data
47205,4,5,4,2,0,1,0,No data,No data,No data
47209,No data,No data,No data,No data,No data,No data,No data,No data,No data,No data
47211,No data,No data,No data,No data,No data,No data,No data,No data,No data,No data
47212,No data,No data,No data,No data,No data,No data,No data,No data,No data,No data
47213,1,6,7,3,1,1,0,No data,No data,2
47214,No data,No data,No data,No data,No data,No data,No data,No data,No data,No data
47215,No data,No data,No data,No data,No data,No data,No data,No data,No data,No data
47216,1,1,0,0,2,1,0,No data,No data,2
47217,1,2,2,0,0,0,0,No data,No data,No data
47301,10,31,34,13,7,3,0,No data,No data,7
47302,No data,No data,No data,No data,No data,No data,No data,No data,No data,No data
47304,5,5,13,1,0,0,0,No data,No data,2
47305,9,12,6,5,3,2,0,No data,No data,4
47310,No data,No data,No data,No data,No data,No data,No data,No data,No data,No data
47317,No data,No data,No data,No data,No data,No data,No data,No data,No data,No data
47319,7,12,21,9,5,2,0,No data,No data,1
47330,No data,No data,No data,No data,No data,No data,No data,No data,No data,No data
47332,No data,No data,No data,No data,No data,No data,No data,No data,No data,No data
47333,No data,No data,No data,No data,No data,No data,No data,No data,No data,No data
47334,6,34,4,2,0,1,0,No data,No data,No data
47335,2,3,1,0,0,1,0,No data,No data,2
47336,No data,No data,No data,No data,No data,No data,No data,11,0,No data
47338,No data,No data,No data,No data,No data,No data,No data,No data,No data,No data
47339,No data,No data,No data,No data,No data,No data,No data,No data,No data,No data
47341,No data,No data,No data,No data,No data,No data,No data,No data,No data,No data
47507,No data,No data,No data,No data,No data,No data,No data,No data,No data,No data
47508,No data,No data,No data,No data,No data,No data,No data,No data,No data,No data
47509,No data,No data,No data,No data,No data,No data,No data,No data,No data,No data
47511,No data,No data,No data,No data,No data,No data,No data,20,0,No data
47513,No data,No data,No data,No data,No data,No data,No data,No data,No data,No data
47514,No data,No data,No data,No data,No data,No data,No data,No data,No data,No data
47517,No data,No data,No data,No data,No data,No data,No data,13,0,No data
47519,No data,No data,No data,No data,No data,No data,No data,9,0,3
47520,No data,No data,No data,No data,No data,No data,No data,No data,No data,No data
47521,No data,No data,No data,No data,No data,No data,No data,4,0,1
47522,No data,No data,No data,No data,No data,No data,No data,5,0,1
47523,No data,No data,No data,No data,No data,No data,No data,No data,No data,No data
47525,No data,No data,No data,No data,No data,No data,No data,8,0,1
47527,No data,No data,No data,No data,No data,No data,No data,No data,No data,No data
56867,No data,No data,No data,No data,No data,No data,No data,9,0,No data
56868,No data,No data,No data,No data,No data,No data,No data,5,0,No data
62000,1,2,2,2,2,7,0,No data,No data,2
62001,No data,No data,No data,No data,No data,No data,No data,No data,No data,No data
62008,15,19,24,22,7,1,0,No data,No data,5
62010,No data,No data,No data,No data,No data,No data,No data,No data,No data,No data
62014,16,15,32,24,13,6,0,No data,No data,2
62019,15,20,3,0,0,0,0,No data,No data,1
62024,No data,No data,No data,No data,No data,No data,No data,57,0,No data
62030,No data,No data,No data,No data,No data,No data,No data,No data,No data,No data
62033,23,14,31,11,1,1,0,No data,No data,5
62039,No data,No data,No data,No data,No data,No data,No data,No data,No data,No data
62041,15,5,13,8,0,0,0,No data,No data,1
62048,23,11,2,3,1,0,0,No data,No data,4
62054,0,5,4,4,1,0,0,No data,No data,No data
62074,0,160,42,0,0,0,0,No data,No data,5
62079,0,2,2,1,0,1,0,No data,No data,No data
62090,No data,No data,No data,No data,No data,No data,No data,No data,No data,No data
62096,No data,No data,No data,No data,No data,No data,No data,53,1,No data
62101,No data,No data,No data,No data,No data,No data,No data,No data,No data,No data
62104,No data,No data,No data,No data,No data,No data,No data,No data,No data,No data
62107,No data,No data,No data,No data,No data,No data,No data,No data,No data,No data
62108,No data,No data,No data,No data,No data,No data,No data,No data,No data,No data
62111,No data,No data,No data,No data,No data,No data,No data,No data,No data,No data
62112,0,41,0,0,0,0,1,No data,No data,No data
62118,25,67,17,7,1,0,0,No data,No data,No data
62120,0,22,6,3,0,0,0,No data,No data,No data
62121,No data,No data,No data,No data,No data,No data,No data,No data,No data,No data
62133,No data,No data,No data,No data,No data,No data,No data,No data,No data,No data
62134,15,6,5,2,0,0,0,No data,No data,3
62139,No data,No data,No data,No data,No data,No data,No data,76,0,1
62142,9,18,30,16,6,0,0,No data,No data,6
62143,No data,No data,No data,No data,No data,No data,No data,No data,No data,No data
62150,0,1,0,2,3,0,0,No data,No data,No data
62174,25,20,14,7,7,4,0,No data,No data,15
62177,No data,No data,No data,No data,No data,No data,No data,No data,No data,No data
62191,No data,No data,No data,No data,No data,No data,No data,No data,No data,No data
62198,No data,No data,No data,No data,No data,No data,No data,No data,No data,No data
62199,No data,No data,No data,No data,No data,No data,No data,No data,No data,No data
62200,No data,No data,No data,No data,No data,No data,No data,31,0,4
62202,0,0,7,0,0,0,0,No data,No data,No data
62205,23,35,8,17,3,0,0,No data,No data,4
62207,3,11,20,6,0,0,0,No data,No data,No data
62210,No data,No data,No data,No data,No data,No data,No data,145,12,3
62211,14,14,21,0,0,6,0,No data,No data,No data
62218,No data,No data,No data,No data,No data,No data,No data,4,1,No data
62223,25,13,17,11,6,11,1,No data,No data,23
62224,No data,No data,No data,No data,No data,No data,No data,No data,No data,No data
62225,No data,No data,No data,No data,No data,No data,No data,No data,No data,No data
62229,31,7,1,0,0,0,0,No data,No data,4
62231,No data,No data,No data,No data,No data,No data,No data,No data,No data,No data
62233,0,1,2,2,0,0,0,No data,No data,No data
62234,No data,No data,No data,No data,No data,No data,No data,No data,No data,No data
62235,No data,No data,No data,No data,No data,No data,No data,No data,No data,No data
62243,15,17,25,8,2,1,0,No data,No data,7
62249,12,17,23,12,4,0,0,No data,No data,1
62261,18,28,28,17,12,10,0,No data,No data,18
62263,1,0,1,2,1,3,1,No data,No data,No data
62265,No data,No data,No data,No data,No data,No data,No data,No data,No data,No data
62267,5,4,5,3,3,3,0,No data,No data,2
62268,No data,No data,No data,No data,No data,No data,No data,No data,No data,No data
62271,0,0,0,1,2,8,0,No data,No data,1
62272,33,26,27,21,5,1,0,No data,No data,9
62273,33,23,23,10,13,14,0,No data,No data,5
62276,4,2,5,6,1,1,0,No data,No data,2
62277,No data,No data,No data,No data,No data,No data,No data,No data,No data,No data
62279,0,0,4,1,5,0,0,No data,No data,2
62280,3,0,4,1,0,3,0,No data,No data,No data
62281,No data,No data,No data,No data,No data,No data,No data,No data,No data,No data
62282,No data,No data,No data,No data,No data,No data,No data,No data,No data,No data
62283,No data,No data,No data,No data,No data,No data,No data,7,0,No data
62284,No data,No data,No data,No data,No data,No data,No data,No data,No data,No data
62285,No data,No data,No data,No data,No data,No data,No data,No data,No data,No data
62286,6,1,3,1,0,0,0,No data,No data,No data
62319,No data,No data,No data,No data,No data,No data,No data,No data,No data,No data
62320,No data,No data,No data,No data,No data,No data,No data,No data,No data,No data
62324,15,22,14,9,5,3,0,No data,No data,No data
62327,No data,No data,No data,No data,No data,No data,No data,No data,No data,No data
62329,7,51,15,4,2,2,0,No data,No data,5
62330,19,37,24,0,2,3,0,No data,No data,6
62331,No data,No data,No data,No data,No data,No data,No data,No data,No data,No data
62362,8,3,4,7,8,4,0,No data,No data,1
62366,No data,No data,No data,No data,No data,No data,No data,No data,No data,No data
62369,17,9,4,2,0,0,0,No data,No data,6
62381,12,13,0,7,6,0,0,No data,No data,No data
62389,No data,No data,No data,No data,No data,No data,No data,No data,No data,No data
62410,34,49,28,0,0,0,0,No data,No data,1
62413,3,10,5,1,4,0,0,No data,No data,3
62416,No data,No data,No data,No data,No data,No data,No data,No data,No data,No data
62417,4,5,9,0,0,0,0,No data,No data,1
62420,No data,No data,No data,No data,No data,No data,No data,No data,No data,No data
62422,No data,No data,No data,No data,No data,No data,No data,No data,No data,No data
62424,No data,No data,No data,No data,No data,No data,No data,No data,No data,No data
62426,2,10,16,10,6,0,0,No data,No data,2
62427,0,6,7,3,0,0,0,No data,No data,1
62428,0,9,1,2,3,0,0,No data,No data,No data
62443,2,6,17,11,11,8,0,No data,No data,10
62444,No data,No data,No data,No data,No data,No data,No data,49,1,No data
62450,14,6,7,3,2,0,0,No data,No data,1
62452,14,12,5,0,0,0,0,No data,No data,1
62453,16,14,3,0,0,0,0,No data,No data,1
62454,1,4,7,9,7,6,0,No data,No data,2
62484,No data,No data,No data,No data,No data,No data,No data,No data,No data,No data
62512,2,4,7,7,10,4,0,No data,No data,4
62517,5,2,8,6,7,6,0,No data,No data,15
62521,No data,No data,No data,No data,No data,No data,No data,32,1,No data
62523,No data,No data,No data,No data,No data,No data,No data,No data,No data,No data
62525,0,1,1,1,2,0,0,No data,No data,2
62531,No data,No data,No data,No data,No data,No data,No data,No data,No data,No data
62533,3,6,3,0,1,0,0,No data,No data,2
62550,No data,No data,No data,No data,No data,No data,No data,No data,No data,No data
62560,10,37,14,1,0,0,1,No data,No data,No data
62575,1,5,6,1,6,5,0,No data,No data,4
62581,1,1,2,2,0,0,0,No data,No data,No data
62582,No data,No data,No data,No data,No data,No data,No data,No data,No data,No data
62589,2,23,28,24,10,1,5,No data,No data,No data
62595,22,21,12,4,2,4,0,No data,No data,1
62601,No data,No data,No data,No data,No data,No data,No data,No data,No data,No data
62604,6,18,17,19,15,7,0,No data,No data,15
62614,No data,No data,No data,No data,No data,No data,No data,No data,No data,No data
62616,6,8,16,16,16,1,0,No data,No data,2
62622,15,6,9,5,3,5,0,No data,No data,1
62629,6,10,4,1,1,0,0,No data,No data,No data
62637,No data,No data,No data,No data,No data,No data,No data,No data,No data,No data
62640,13,29,22,14,2,1,0,No data,No data,4
62641,No data,No data,No data,No data,No data,No data,No data,No data,No data,No data
62642,No data,No data,No data,No data,No data,No data,No data,No data,No data,No data
62643,No data,No data,No data,No data,No data,No data,No data,No data,No data,No data
62646,10,26,26,24,13,7,1,No data,No data,11
62657,9,11,10,16,17,13,1,No data,No data,4
62664,No data,No data,No data,No data,No data,No data,No data,No data,No data,No data
62670,15,12,29,10,2,0,1,No data,No data,5
62675,0,0,0,3,1,9,0,No data,No data,No data
62677,No data,No data,No data,No data,No data,No data,No data,No data,No data,No data
62683,9,6,9,5,4,2,0,No data,No data,5
62694,1,0,0,1,3,0,0,No data,No data,1
62696,No data,No data,No data,No data,No data,No data,No data,No data,No data,No data
62704,8,6,2,0,0,0,0,No data,No data,1
62705,No data,No data,No data,No data,No data,No data,No data,No data,No data,No data
62706,No data,No data,No data,No data,No data,No data,No data,No data,No data,No data
62708,6,1,3,3,1,1,0,No data,No data,2
62711,1,8,10,9,4,0,0,No data,No data,2
62712,1,0,0,1,0,3,0,No data,No data,1
62716,0,3,4,5,1,8,2,No data,No data,3
62733,No data,No data,No data,No data,No data,No data,No data,No data,No data,No data
62734,7,12,11,7,5,2,0,No data,No data,4
62735,11,2,9,15,18,14,3,No data,No data,12
62743,0,0,1,2,2,2,0,No data,No data,No data
62748,18,13,6,0,2,0,0,No data,No data,9
62752,No data,No data,No data,No data,No data,No data,No data,No data,No data,No data
62755,No data,No data,No data,No data,No data,No data,No data,No data,No data,No data
62756,3,3,2,2,1,5,0,No data,No data,4
62760,No data,No data,No data,No data,No data,No data,No data,No data,No data,No data
62761,1,4,7,3,3,0,0,No data,No data,No data
62762,No data,No data,No data,No data,No data,No data,No data,No data,No data,No data
62763,No data,No data,No data,No data,No data,No data,No data,No data,No data,No data
62764,18,3,0,0,0,0,0,No data,No data,1
62766,No data,No data,No data,No data,No data,No data,No data,No data,No data,No data
62768,No data,No data,No data,No data,No data,No data,No data,43,2,No data
62773,No data,No data,No data,No data,No data,No data,No data,No data,No data,No data
62774,18,12,4,1,0,0,0,No data,No data,5
62775,No data,No data,No data,No data,No data,No data,No data,No data,No data,No data
62782,10,11,1,0,0,0,0,No data,No data,1
62783,No data,No data,No data,No data,No data,No data,No data,No data,No data,No data
62798,11,7,13,8,9,6,1,No data,No data,4
62800,7,12,3,1,0,1,0,No data,No data,No data
62801,6,1,0,0,0,1,0,No data,No data,2
62802,No data,No data,No data,No data,No data,No data,No data,No data,No data,No data
62803,2,1,0,1,0,2,0,No data,No data,No data
62804,No data,No data,No data,No data,No data,No data,No data,No data,No data,No data
62805,1,2,4,0,0,1,2,No data,No data,2
62806,0,1,0,2,0,5,0,No data,No data,9
62807,0,1,2,0,2,3,0,No data,No data,2
62808,No data,No data,No data,No data,No data,No data,No data,No data,No data,No data
62809,No data,No data,No data,No data,No data,No data,No data,No data,No data,No data
62810,No data,No data,No data,No data,No data,No data,No data,No data,No data,No data
62908,No data,No data,No data,No data,No data,No data,No data,No data,No data,No data
62990,37,52,39,21,5,1,0,No data,No data,1
62999,55,118,66,18,0,2,0,No data,No data,2
62B01,3,8,5,1,0,0,0,No data,No data,No data
62B02,3,8,2,1,0,0,0,No data,No data,No data
62B03,No data,No data,No data,No data,No data,No data,No data,No data,No data,No data
62B06,No data,No data,No data,No data,No data,No data,No data,No data,No data,No data
62B20,No data,No data,No data,No data,No data,No data,No data,No data,No data,No data
62B24,No data,No data,No data,No data,No data,No data,No data,No data,No data,No data
62B29,No data,No data,No data,No data,No data,No data,No data,No data,No data,No data
62B30,No data,No data,No data,No data,No data,No data,No data,No data,No data,No data
62B90,2,3,0,1,0,0,0,No data,No data,No data
62C02,No data,No data,No data,No data,No data,No data,No data,No data,No data,No data
62C05,No data,No data,No data,No data,No data,No data,No data,No data,No data,No data
62C09,No data,No data,No data,No data,No data,No data,No data,No data,No data,No data
62C21,1,5,3,0,0,0,0,No data,No data,No data
62C22,No data,No data,No data,No data,No data,No data,No data,No data,No data,No data
62C30,0,13,1,1,0,0,0,No data,No data,No data
62C90,No data,No data,No data,No data,No data,No data,No data,No data,No data,No data
62E90,No data,No data,No data,No data,No data,No data,No data,No data,No data,No data
62I01,19,9,0,0,0,0,0,No data,No data,No data
62I02,10,13,9,3,0,0,0,No data,No data,No data
62I03,5,10,3,0,0,0,0,No data,No data,No data
62I04,6,4,2,0,0,0,0,No data,No data,No data
62I05,No data,No data,No data,No data,No data,No data,No data,No data,No data,No data
62I07,4,10,2,2,0,0,0,No data,No data,No data
62I08,No data,No data,No data,No data,No data,No data,No data,No data,No data,No data
62I10,No data,No data,No data,No data,No data,No data,No data,No data,No data,No data
62I11,No data,No data,No data,No data,No data,No data,No data,No data,No data,No data
62I12,4,4,9,1,0,0,0,No data,No data,No data
62I14,No data,No data,No data,No data,No data,No data,No data,No data,No data,No data
62I16,No data,No data,No data,No data,No data,No data,No data,No data,No data,No data
62I17,No data,No data,No data,No data,No data,No data,No data,No data,No data,No data
62I18,No data,No data,No data,No data,No data,No data,No data,No data,No data,No data
62I19,2,5,5,0,0,0,0,No data,No data,No data
62I90,No data,No data,No data,No data,No data,No data,No data,No data,No data,No data
62K01,No data,No data,No data,No data,No data,No data,No data,No data,No data,No data
62K02,No data,No data,No data,No data,No data,No data,No data,No data,No data,No data
62K03,No data,No data,No data,No data,No data,No data,No data,No data,No data,No data
62L01,9,6,8,1,0,0,0,No data,No data,No data
62L02,2,1,5,1,0,0,0,No data,No data,No data
62L03,1,4,3,2,0,0,0,No data,No data,No data
62L04,26,20,11,1,0,0,0,No data,No data,No data
62L05,16,15,9,1,0,0,0,No data,No data,No data
62L06,14,13,13,3,0,0,0,No data,No data,No data
62L07,No data,No data,No data,No data,No data,No data,No data,No data,No data,No data
62L09,No data,No data,No data,No data,No data,No data,No data,No data,No data,No data
62L10,No data,No data,No data,No data,No data,No data,No data,No data,No data,No data
62L12,7,7,7,2,0,0,0,No data,No data,No data
62L13,No data,No data,No data,No data,No data,No data,No data,No data,No data,No data
62L15,9,10,1,2,0,0,0,No data,No data,No data
62L16,No data,No data,No data,No data,No data,No data,No data,No data,No data,No data
62L17,No data,No data,No data,No data,No data,No data,No data,No data,No data,No data
62L18,10,4,1,0,0,0,0,No data,No data,No data
62L23,No data,No data,No data,No data,No data,No data,No data,No data,No data,No data
62L29,3,3,1,0,0,0,0,No data,No data,No data
62L32,4,3,3,0,0,0,0,No data,No data,No data
62L33,7,6,2,0,0,0,0,No data,No data,No data
62L36,5,6,1,0,0,0,0,No data,No data,No data
62L40,4,6,1,1,0,0,0,No data,No data,No data
62L67,5,8,2,0,0,0,0,No data,No data,No data
62L79,4,7,1,1,0,0,0,No data,No data,No data
62L84,No data,No data,No data,No data,No data,No data,No data,No data,No data,No data
62L85,9,8,1,0,0,0,0,No data,No data,No data
62L89,No data,No data,No data,No data,No data,No data,No data,No data,No data,No data
62L90,4,2,2,1,0,0,0,No data,No data,No data
62L91,21,12,8,0,0,0,0,No data,No data,No data
62L92,No data,No data,No data,No data,No data,No data,No data,No data,No data,No data
62L93,9,5,2,0,0,0,0,No data,No data,No data
62L94,No data,No data,No data,No data,No data,No data,No data,No data,No data,No data
62L95,No data,No data,No data,No data,No data,No data,No data,No data,No data,No data
62P01,4,2,6,0,0,0,0,No data,No data,No data
62P02,No data,No data,No data,No data,No data,No data,No data,No data,No data,No data
62P03,15,18,6,1,1,1,0,No data,No data,No data
62P04,No data,No data,No data,No data,No data,No data,No data,No data,No data,No data
62P05,No data,No data,No data,No data,No data,No data,No data,No data,No data,No data
62P07,8,9,5,1,0,1,0,No data,No data,No data
62P08,No data,No data,No data,No data,No data,No data,No data,No data,No data,No data
62P34,No data,No data,No data,No data,No data,No data,No data,No data,No data,No data
62P35,No data,No data,No data,No data,No data,No data,No data,No data,No data,No data
62P36,5,4,3,1,0,0,0,No data,No data,No data
62P37,No data,No data,No data,No data,No data,No data,No data,No data,No data,No data
62P90,2,1,3,1,0,0,0,No data,No data,No data
62P91,No data,No data,No data,No data,No data,No data,No data,No data,No data,No data
62T01,3,3,2,1,1,0,0,No data,No data,No data
62T04,No data,No data,No data,No data,No data,No data,No data,No data,No data,No data
62T20,No data,No data,No data,No data,No data,No data,No data,No data,No data,No data
62T22,3,0,0,1,0,0,0,No data,No data,No data
62T25,No data,No data,No data,No data,No data,No data,No data,No data,No data,No data
62T26,4,1,3,1,0,0,0,No data,No data,No data
62T30,No data,No data,No data,No data,No data,No data,No data,No data,No data,No data
62T34,No data,No data,No data,No data,No data,No data,No data,No data,No data,No data
62T37,No data,No data,No data,No data,No data,No data,No data,No data,No data,No data
62T38,No data,No data,No data,No data,No data,No data,No data,No data,No data,No data
62T39,No data,No data,No data,No data,No data,No data,No data,No data,No data,No data
62T90,No data,No data,No data,No data,No data,No data,No data,No data,No data,No data
63851,45,41,28,5,0,0,0,No data,No data,3
63852,55,107,72,7,0,0,0,No data,No data,8
63853,No data,No data,No data,No data,No data,No data,No data,No data,No data,No data
63860,No data,No data,No data,No data,No data,No data,No data,No data,No data,No data
63861,No data,No data,No data,No data,No data,No data,No data,No data,No data,No data
63880,No data,No data,No data,No data,No data,No data,No data,No data,No data,No data
63881,11,20,3,0,0,0,0,No data,No data,2
88383,No data,No data,No data,No data,No data,No data,No data,22,0,No data
KU002,1,3,7,5,8,1,0,No data,No data,No data
KU003,6,9,22,27,15,32,2,No data,No data,15
KU004,7,22,2,0,0,0,0,No data,No data,No data
KU005,No data,No data,No data,No data,No data,No data,No data,No data,No data,No data
KU006,No data,No data,No data,No data,No data,No data,No data,43,0,No data
KU010,No data,No data,No data,No data,No data,No data,No data,No data,No data,No data
KU011,No data,No data,No data,No data,No data,No data,No data,No data,No data,No data
KU013,0,1,0,2,0,0,1,No data,No data,No data
KU101,No data,No data,No data,No data,No data,No data,No data,No data,No data,No data
KU103,14,11,4,1,1,0,0,No data,No data,No data
KU105,No data,No data,No data,No data,No data,No data,No data,No data,No data,No data
KU112,No data,No data,No data,No data,No data,No data,No data,No data,No data,No data
KU113,No data,No data,No data,No data,No data,No data,No data,No data,No data,No data
KU115,No data,No data,No data,No data,No data,No data,No data,No data,No data,No data
KU180,No data,No data,No data,No data,No data,No data,No data,No data,No data,No data
KU181,No data,No data,No data,No data,No data,No data,No data,13,0,No data
KU304,3,2,4,3,0,2,0,No data,No data,1
KU307,0,1,2,6,3,8,3,No data,No data,1
KU320,No data,No data,No data,No data,No data,No data,No data,No data,No data,No data
KU321,No data,No data,No data,No data,No data,No data,No data,No data,No data,No data
KU322,No data,No data,No data,No data,No data,No data,No data,No data,No data,No data
KU323,No data,No data,No data,No data,No data,No data,No data,No data,No data,No data
