COURSE,E26_GRADE_12,E26_GRADE_10,E26_GRADE_7,E26_GRADE_4,E26_GRADE_02,E26_GRADE_00,E26_GRADE_MINUS_3,E26_PASSED,E26_FAILED,E26_ABSENT
01001,No data,No data,No data,No data,No data,No data,No data,No data,No data,No data
01002,No data,No data,No data,No data,No data,No data,No data,No data,No data,No data
01003,No data,No data,No data,No data,No data,No data,No data,No data,No data,No data
01004,No data,No data,No data,No data,No data,No data,No data,No data,No data,No data
01017,No data,No data,No data,No data,No data,No data,No data,No data,No data,No data
01018,No data,No data,No data,No data,No data,No data,No data,No data,No data,No data
01020,No data,No data,No data,No data,No data,No data,No data,No data,No data,No data
01025,No data,No data,No data,No data,No data,No data,No data,No data,No data,No data
01034,No data,No data,No data,No data,No data,No data,No data,No data,No data,No data
01035,No data,No data,No data,No data,No data,No data,No data,No data,No data,No data
01037,No data,No data,No data,No data,No data,No data,No data,No data,No data,No data
01125,No data,No data,No data,No data,No data,No data,No data,No data,No data,No data
01227,No data,No data,No data,No data,No data,No data,No data,No data,No data,No data
01237,No data,No data,No data,No data,No data,No data,No data,No data,No data,No data
01238,No data,No data,No data,No data,No data,No data,No data,No data,No data,No data
01257,No data,No data,No data,No data,No data,No data,No data,No data,No data,No data
01325,No data,No data,No data,No data,No data,No data,No data,No data,No data,No data
01405,No data,No data,No data,No data,No data,No data,No data,No data,No data,No data
01415,No data,No data,No data,No data,No data,No data,No data,No data,No data,No data
01418,No data,No data,No data,No data,No data,No data,No data,No data,No data,No data
01425,No data,No data,No data,No data,No data,No data,No data,No data,No data,No data
01426,No data,No data,No data,No data,No data,No data,No data,No data,No data,No data
01527,No data,No data,No data,No data,No data,No data,No data,No data,No data,No data
01617,No data,No data,No data,No data,No data,No data,No data,No data,No data,No data
01621,No data,No data,No data,No data,No data,No data,No data,No data,No data,No data
01622,No data,No data,No data,No data,No data,No data,No data,No data,No data,No data
01666,No data,No data,No data,No data,No data,No data,No data,No data,No data,No data
01715,No data,No data,No data,No data,No data,No data,No data,No data,No data,No data
01716,No data,No data,No data,No data,No data,No data,No data,No data,No data,No data
01811,No data,No data,No data,No data,No data,No data,No data,No data,No data,No data
01822,No data,No data,No data,No data,No data,No data,No data,No data,No data,No data
01904,No data,No data,No data,No data,No data,No data,No data,No data,No data,No data
01911,No data,No data,No data,No data,No data,No data,No data,No data,No data,No data
01922,No data,No data,No data,No data,No data,No data,No data,No data,No data,No data
02002,No data,No data,No data,No data,No data,No data,No data,No data,No data,No data
02003,No data,No data,No data,No data,No data,No data,No data,No data,No data,No data
02100,No data,No data,No data,No data,No data,No data,No data,No data,No data,No data
02104,No data,No data,No data,No data,No data,No data,No data,No data,No data,No data
02105,No data,No data,No data,No data,No data,No data,No data,No data,No data,No data
02110,No data,No data,No data,No data,No data,No data,No data,No data,No data,No data
02112,No data,No data,No data,No data,No data,No data,No data,No data,No data,No data
02113,No data,No data,No data,No data,No data,No data,No data,No data,No data,No data
02114,No data,No data,No data,No data,No data,No data,No data,No data,No data,No data
02116,No data,No data,No data,No data,No data,No data,No data,No data,No data,No data
02118,No data,No data,No data,No data,No data,No data,No data,No data,No data,No data
02122,No data,No data,No data,No data,No data,No data,No data,No data,No data,No data
02123,No data,No data,No data,No data,No data,No data,No data,No data,No data,No data
02132,No data,No data,No data,No data,No data,No data,No data,No data,No data,No data
02135,No data,No data,No data,No data,No data,No data,No data,No data,No data,No data
02138,No data,No data,No data,No data,No data,No data,No data,No data,No data,No data
02139,No data,No data,No data,No data,No data,No data,No data,No data,No data,No data
02141,No data,No data,No data,No data,No data,No data,No data,No data,No data,No data
02143,No data,No data,No data,No data,No data,No data,No data,No data,No data,No data
02148,No data,No data,No data,No data,No data,No data,No data,No data,No data,No data
02155,No data,No data,No data,No data,No data,No data,No data,No data,No data,No data
02156,No data,No data,No data,No data,No data,No data,No data,No data,No data,No data
02157,No data,No data,No data,No data,No data,No data,No data,No data,No data,No data
02159,No data,No data,No data,No data,No data,No data,No data,No data,No data,No data
02160,No data,No data,No data,No data,No data,No data,No data,No data,No data,No data
02161,No data,No data,No data,No data,No data,No data,No data,No data,No data,No data
02162,No data,No data,No data,No data,No data,No data,No data,No data,No data,No data
02170,No data,No data,No data,No data,No data,No data,No data,No data,No data,No data
02180,No data,No data,No data,No data,No data,No data,No data,No data,No data,No data
02182,No data,No data,No data,No data,No data,No data,No data,No data,No data,No data
02195,No data,No data,No data,No data,No data,No data,No data,No data,No data,No data
02196,No data,No data,No data,No data,No data,No data,No data,No data,No data,No data
02201,No data,No data,No data,No data,No data,No data,No data,No data,No data,No data
02203,No data,No data,No data,No data,No data,No data,No data,No data,No data,No data
02205,No data,No data,No data,No data,No data,No data,No data,No data,No data,No data
02207,No data,No data,No data,No data,No data,No data,No data,No data,No data,No data
02209,No data,No data,No data,No data,No data,No data,No data,No data,No data,No data
02211,No data,No data,No data,No data,No data,No data,No data,No data,No data,No data
02214,No data,No data,No data,No data,No data,No data,No data,No data,No data,No data
02225,No data,No data,No data,No data,No data,No data,No data,No data,No data,No data
02226,No data,No data,No data,No data,No data,No data,No data,No data,No data,No data
02231,No data,No data,No data,No data,No data,No data,No data,No data,No data,No data
02232,No data,No data,No data,No data,No data,No data,No data,No data,No data,No data
02234,No data,No data,No data,No data,No data,No data,No data,No data,No data,No data
02242,No data,No data,No data,No data,No data,No data,No data,No data,No data,No data
02244,No data,No data,No data,No data,No data,No data,No data,No data,No data,No data
02245,No data,No data,No data,No data,No data,No data,No data,No data,No data,No data
02246,No data,No data,No data,No data,No data,No data,No data,No data,No data,No data
02247,No data,No data,No data,No data,No data,No data,No data,No data,No data,No data
02249,No data,No data,No data,No data,No data,No data,No data,No data,No data,No data
02256,No data,No data,No data,No data,No data,No data,No data,No data,No data,No data
02258,No data,No data,No data,No data,No data,No data,No data,No data,No data,No data
02262,No data,No data,No data,No data,No data,No data,No data,No data,No data,No data
02266,No data,No data,No data,No data,No data,No data,No data,No data,No data,No data
02267,No data,No data,No data,No data,No data,No data,No data,No data,No data,No data
02268,No data,No data,No data,No data,No data,No data,No data,No data,No data,No data
02269,No data,No data,No data,No data,No data,No data,No data,No data,No data,No data
02270,No data,No data,No data,No data,No data,No data,No data,No data,No data,No data
02271,No data,No data,No data,No data,No data,No data,No data,No data,No data,No data
02275,No data,No data,No data,No data,No data,No data,No data,No data,No data,No data
02276,No data,No data,No data,No data,No data,No data,No data,No data,No data,No data
02277,No data,No data,No data,No data,No data,No data,No data,No data,No data,No data
02278,No data,No data,No data,No data,No data,No data,No data,No data,No data,No data
02280,No data,No data,No data,No data,No data,No data,No data,No data,No data,No data
02282,No data,No data,No data,No data,No data,No data,No data,No data,No data,No data
02287,No data,No data,No data,No data,No data,No data,No data,No data,No data,No data
02289,No data,No data,No data,No data,No data,No data,No data,No data,No data,No data
02291,No data,No data,No data,No data,No data,No data,No data,No data,No data,No data
02311,No data,No data,No data,No data,No data,No data,No data,No data,No data,No data
02312,No data,No data,No data,No data,No data,No data,No data,No data,No data,No data
02321,No data,No data,No data,No data,No data,No data,No data,No data,No data,No data
02322,No data,No data,No data,No data,No data,No data,No data,No data,No data,No data
02323,No data,No data,No data,No data,No data,No data,No data,No data,No data,No data
02324,No data,No data,No data,No data,No data,No data,No data,No data,No data,No data
02325,No data,No data,No data,No data,No data,No data,No data,No data,No data,No data
02326,No data,No data,No data,No data,No data,No data,No data,No data,No data,No data
02327,No data,No data,No data,No data,No data,No data,No data,No data,No data,No data
02328,No data,No data,No data,No data,No data,No data,No data,No data,No data,No data
02329,No data,No data,No data,No data,No data,No data,No data,No data,No data,No data
02335,No data,No data,No data,No data,No data,No data,No data,No data,No data,No data
02339,No data,No data,No data,No data,No data,No data,No data,No data,No data,No data
02343,No data,No data,No data,No data,No data,No data,No data,No data,No data,No data
02349,No data,No data,No data,No data,No data,No data,No data,No data,No data,No data
02369,No data,No data,No data,No data,No data,No data,No data,No data,No data,No data
02402,No data,No data,No data,No data,No data,No data,No data,No data,No data,No data
02403,No data,No data,No data,No data,No data,No data,No data,No data,No data,No data
02405,No data,No data,No data,No data,No data,No data,No data,No data,No data,No data
02407,No data,No data,No data,No data,No data,No data,No data,No data,No data,No data
02409,No data,No data,No data,No data,No data,No data,No data,No data,No data,No data
02411,No data,No data,No data,No data,No data,No data,No data,No data,No data,No data
02413,No data,No data,No data,No data,No data,No data,No data,No data,No data,No data
02417,No data,No data,No data,No data,No data,No data,No data,No data,No data,No data
02419,No data,No data,No data,No data,No data,No data,No data,No data,No data,No data
02421,No data,No data,No data,No data,No data,No data,No data,No data,No data,No data
02425,No data,No data,No data,No data,No data,No data,No data,No data,No data,No data
02426,No data,No data,No data,No data,No data,No data,No data,No data,No data,No data
02427,No data,No data,No data,No data,No data,No data,No data,No data,No data,No data
02428,No data,No data,No data,No data,No data,No data,No data,No data,No data,No data
02429,No data,No data,No data,No data,No data,No data,No data,No data,No data,No data
02431,No data,No data,No data,No data,No data,No data,No data,No data,No data,No data
02435,No data,No data,No data,No data,No data,No data,No data,No data,No data,No data
02441,No data,No data,No data,No data,No data,No data,No data,No data,No data,No data
02443,No data,No data,No data,No data,No data,No data,No data,No data,No data,No data
02445,No data,No data,No data,No data,No data,No data,No data,No data,No data,No data
02451,No data,No data,No data,No data,No data,No data,No data,No data,No data,No data
02452,No data,No data,No data,No data,No data,No data,No data,No data,No data,No data
02455,No data,No data,No data,No data,No data,No data,No data,No data,No data,No data
02456,No data,No data,No data,No data,No data,No data,No data,No data,No data,No data
02458,No data,No data,No data,No data,No data,No data,No data,No data,No data,No data
02460,No data,No data,No data,No data,No data,No data,No data,No data,No data,No data
02461,No data,No data,No data,No data,No data,No data,No data,No data,No data,No data
02462,No data,No data,No data,No data,No data,No data,No data,No data,No data,No data
02463,No data,No data,No data,No data,No data,No data,No data,No data,No data,No data
02464,No data,No data,No data,No data,No data,No data,No data,No data,No data,No data
02465,No data,No data,No data,No data,No data,No data,No data,No data,No data,No data
02466,No data,No data,No data,No data,No data,No data,No data,No data,No data,No data
02467,No data,No data,No data,No data,No data,No data,No data,No data,No data,No data
02471,No data,No data,No data,No data,No data,No data,No data,No data,No data,No data
02476,No data,No data,No data,No data,No data,No data,No data,No data,No data,No data
02477,No data,No data,No data,No data,No data,No data,No data,No data,No data,No data
02492,No data,No data,No data,No data,No data,No data,No data,No data,No data,No data
02501,No data,No data,No data,No data,No data,No data,No data,No data,No data,No data
02503,No data,No data,No data,No data,No data,No data,No data,No data,No data,No data
02504,No data,No data,No data,No data,No data,No data,No data,No data,No data,No data
02510,No data,No data,No data,No data,No data,No data,No data,No data,No data,No data
02515,No data,No data,No data,No data,No data,No data,No data,No data,No data,No data
02516,No data,No data,No data,No data,No data,No data,No data,No data,No data,No data
02517,No data,No data,No data,No data,No data,No data,No data,No data,No data,No data
02518,No data,No data,No data,No data,No data,No data,No data,No data,No data,No data
02525,No data,No data,No data,No data,No data,No data,No data,No data,No data,No data
02526,No data,No data,No data,No data,No data,No data,No data,No data,No data,No data
02561,No data,No data,No data,No data,No data,No data,No data,No data,No data,No data
02562,No data,No data,No data,No data,No data,No data,No data,No data,No data,No data
02563,No data,No data,No data,No data,No data,No data,No data,No data,No data,No data
02566,No data,No data,No data,No data,No data,No data,No data,No data,No data,No data
02581,No data,No data,No data,No data,No data,No data,No data,No data,No data,No data
02582,No data,No data,No data,No data,No data,No data,No data,No data,No data,No data
02586,No data,No data,No data,No data,No data,No data,No data,No data,No data,No data
02601,No data,No data,No data,No data,No data,No data,No data,No data,No data,No data
02611,No data,No data,No data,No data,No data,No data,No data,No data,No data,No data
02612,No data,No data,No data,No data,No data,No data,No data,No data,No data,No data
02613,No data,No data,No data,No data,No data,No data,No data,No data,No data,No data
02614,No data,No data,No data,No data,No data,No data,No data,No data,No data,No data
02615,No data,No data,No data,No data,No data,No data,No data,No data,No data,No data
02616,No data,No data,No data,No data,No data,No data,No data,No data,No data,No data
02619,No data,No data,No data,No data,No data,No data,No data,No data,No data,No data
02623,No data,No data,No data,No data,No data,No data,No data,No data,No data,No data
02624,No data,No data,No data,No data,No data,No data,No data,No data,No data,No data
02635,No data,No data,No data,No data,No data,No data,No data,No data,No data,No data
02686,No data,No data,No data,No data,No data,No data,No data,No data,No data,No data
02687,No data,No data,No data,No data,No data,No data,No data,No data,No data,No data
02689,No data,No data,No data,No data,No data,No data,No data,No data,No data,No data
02805,No data,No data,No data,No data,No data,No data,No data,No data,No data,No data
02806,No data,No data,No data,No data,No data,No data,No data,No data,No data,No data
02807,No data,No data,No data,No data,No data,No data,No data,No data,No data,No data
02808,No data,No data,No data,No data,No data,No data,No data,No data,No data,No data
02810,No data,No data,No data,No data,No data,No data,No data,No data,No data,No data
02820,No data,No data,No data,No data,No data,No data,No data,No data,No data,No data
02830,No data,No data,No data,No data,No data,No data,No data,No data,No data,No data
02840,No data,No data,No data,No data,No data,No data,No data,No data,No data,No data
02841,No data,No data,No data,No data,No data,No data,No data,No data,No data,No data
02901,No data,No data,No data,No data,No data,No data,No data,No data,No data,No data
02935,No data,No data,No data,No data,No data,No data,No data,No data,No data,No data
02946,No data,No data,No data,No data,No data,No data,No data,No data,No data,No data
02949,No data,No data,No data,No data,No data,No data,No data,No data,No data,No data
02955,No data,No data,No data,No data,No data,No data,No data,No data,No data,No data
02960,No data,No data,No data,No data,No data,No data,No data,No data,No data,No data
02980,No data,No data,No data,No data,No data,No data,No data,No data,No data,No data
02981,No data,No data,No data,No data,No data,No data,No data,No data,No data,No data
02982,No data,No data,No data,No data,No data,No data,No data,No data,No data,No data
02983,No data,No data,No data,No data,No data,No data,No data,No data,No data,No data
02984,No data,No data,No data,No data,No data,No data,No data,No data,No data,No data
02988,No data,No data,No data,No data,No data,No data,No data,No data,No data,No data
10031,No data,No data,No data,No data,No data,No data,No data,No data,No data,No data
10033,No data,No data,No data,No data,No data,No data,No data,No data,No data,No data
10034,No data,No data,No data,No data,No data,No data,No data,No data,No data,No data
10035,No data,No data,No data,No data,No data,No data,No data,No data,No data,No data
10036,No data,No data,No data,No data,No data,No data,No data,No data,No data,No data
10037,No data,No data,No data,No data,No data,No data,No data,No data,No data,No data
10060,No data,No data,No data,No data,No data,No data,No data,No data,No data,No data
10065,No data,No data,No data,No data,No data,No data,No data,No data,No data,No data
10080,No data,No data,No data,No data,No data,No data,No data,No data,No data,No data
10081,No data,No data,No data,No data,No data,No data,No data,No data,No data,No data
10102,No data,No data,No data,No data,No data,No data,No data,No data,No data,No data
10104,No data,No data,No data,No data,No data,No data,No data,No data,No data,No data
10112,No data,No data,No data,No data,No data,No data,No data,No data,No data,No data
10122,No data,No data,No data,No data,No data,No data,No data,No data,No data,No data
10200,No data,No data,No data,No data,No data,No data,No data,No data,No data,No data
10208,No data,No data,No data,No data,No data,No data,No data,No data,No data,No data
10209,No data,No data,No data,No data,No data,No data,No data,No data,No data,No data
10240,No data,No data,No data,No data,No data,No data,No data,No data,No data,No data
10255,No data,No data,No data,No data,No data,No data,No data,No data,No data,No data
10260,No data,No data,No data,No data,No data,No data,No data,No data,No data,No data
10302,No data,No data,No data,No data,No data,No data,No data,No data,No data,No data
10304,No data,No data,No data,No data,No data,No data,No data,No data,No data,No data
10306,No data,No data,No data,No data,No data,No data,No data,No data,No data,No data
10314,No data,No data,No data,No data,No data,No data,No data,No data,No data,No data
10315,No data,No data,No data,No data,No data,No data,No data,No data,No data,No data
10316,No data,No data,No data,No data,No data,No data,No data,No data,No data,No data
10317,No data,No data,No data,No data,No data,No data,No data,No data,No data,No data
10319,No data,No data,No data,No data,No data,No data,No data,No data,No data,No data
10321,No data,No data,No data,No data,No data,No data,No data,No data,No data,No data
10325,No data,No data,No data,No data,No data,No data,No data,No data,No data,No data
10331,No data,No data,No data,No data,No data,No data,No data,No data,No data,No data
10333,No data,No data,No data,No data,No data,No data,No data,No data,No data,No data
10337,No data,No data,No data,No data,No data,No data,No data,No data,No data,No data
10339,No data,No data,No data,No data,No data,No data,No data,No data,No data,No data
10346,No data,No data,No data,No data,No data,No data,No data,No data,No data,No data
10350,No data,No data,No data,No data,No data,No data,No data,No data,No data,No data
10380,No data,No data,No data,No data,No data,No data,No data,No data,No data,No data
10384,No data,No data,No data,No data,No data,No data,No data,No data,No data,No data
10385,No data,No data,No data,No data,No data,No data,No data,No data,No data,No data
10386,No data,No data,No data,No data,No data,No data,No data,No data,No data,No data
10387,No data,No data,No data,No data,No data,No data,No data,No data,No data,No data
10400,No data,No data,No data,No data,No data,No data,No data,No data,No data,No data
10401,No data,No data,No data,No data,No data,No data,No data,No data,No data,No data
10402,No data,No data,No data,No data,No data,No data,No data,No data,No data,No data
10405,No data,No data,No data,No data,No data,No data,No data,No data,No data,No data
10406,No data,No data,No data,No data,No data,No data,No data,No data,No data,No data
10411,No data,No data,No data,No data,No data,No data,No data,No data,No data,No data
10414,No data,No data,No data,No data,No data,No data,No data,No data,No data,No data
10415,No data,No data,No data,No data,No data,No data,No data,No data,No data,No data
10420,No data,No data,No data,No data,No data,No data,No data,No data,No data,No data
10506,No data,No data,No data,No data,No data,No data,No data,No data,No data,No data
10507,No data,No data,No data,No data,No data,No data,No data,No data,No data,No data
10508,No data,No data,No data,No data,No data,No data,No data,No data,No data,No data
10509,No data,No data,No data,No data,No data,No data,No data,No data,No data,No data
10511,No data,No data,No data,No data,No data,No data,No data,No data,No data,No data
10512,No data,No data,No data,No data,No data,No data,No data,No data,No data,No data
10514,No data,No data,No data,No data,No data,No data,No data,No data,No data,No data
10515,No data,No data,No data,No data,No data,No data,No data,No data,No data,No data
10519,No data,No data,No data,No data,No data,No data,No data,No data,No data,No data
10520,No data,No data,No data,No data,No data,No data,No data,No data,No data,No data
10521,No data,No data,No data,No data,No data,No data,No data,No data,No data,No data
10530,No data,No data,No data,No data,No data,No data,No data,No data,No data,No data
10540,No data,No data,No data,No data,No data,No data,No data,No data,No data,No data
10550,No data,No data,No data,No data,No data,No data,No data,No data,No data,No data
10590,No data,No data,No data,No data,No data,No data,No data,No data,No data,No data
10603,No data,No data,No data,No data,No data,No data,No data,No data,No data,No data
10605,No data,No data,No data,No data,No data,No data,No data,No data,No data,No data
10610,No data,No data,No data,No data,No data,No data,No data,No data,No data,No data
10750,No data,No data,No data,No data,No data,No data,No data,No data,No data,No data
10850,No data,No data,No data,No data,No data,No data,No data,No data,No data,No data
10851,No data,No data,No data,No data,No data,No data,No data,No data,No data,No data
10852,No data,No data,No data,No data,No data,No data,No data,No data,No data,No data
10855,No data,No data,No data,No data,No data,No data,No data,No data,No data,No data
10862,No data,No data,No data,No data,No data,No data,No data,No data,No data,No data
10863,No data,No data,No data,No data,No data,No data,No data,No data,No data,No data
10869,No data,No data,No data,No data,No data,No data,No data,No data,No data,No data
10870,No data,No data,No data,No data,No data,No data,No data,No data,No data,No data
10871,No data,No data,No data,No data,No data,No data,No data,No data,No data,No data
10916,No data,No data,No data,No data,No data,No data,No data,No data,No data,No data
10935,No data,No data,No data,No data,No data,No data,No data,No data,No data,No data
10960,No data,No data,No data,No data,No data,No data,No data,No data,No data,No data
10961,No data,No data,No data,No data,No data,No data,No data,No data,No data,No data
12000,No data,No data,No data,No data,No data,No data,No data,No data,No data,No data
12003,No data,No data,No data,No data,No data,No data,No data,No data,No data,No data
12100,No data,No data,No data,No data,No data,No data,No data,No data,No data,No data
12101,No data,No data,No data,No data,No data,No data,No data,No data,No data,No data
12102,No data,No data,No data,No data,No data,No data,No data,No data,No data,No data
12104,No data,No data,No data,No data,No data,No data,No data,No data,No data,No data
12105,No data,No data,No data,No data,No data,No data,No data,No data,No data,No data
12106,No data,No data,No data,No data,No data,No data,No data,No data,No data,No data
12109,No data,No data,No data,No data,No data,No data,No data,No data,No data,No data
12111,No data,No data,No data,No data,No data,No data,No data,No data,No data,No data
12115,No data,No data,No data,No data,No data,No data,No data,No data,No data,No data
12121,No data,No data,No data,No data,No data,No data,No data,No data,No data,No data
12122,No data,No data,No data,No data,No data,No data,No data,No data,No data,No data
12125,No data,No data,No data,No data,No data,No data,No data,No data,No data,No data
12130,No data,No data,No data,No data,No data,No data,No data,No data,No data,No data
12132,No data,No data,No data,No data,No data,No data,No data,No data,No data,No data
12134,No data,No data,No data,No data,No data,No data,No data,No data,No data,No data
12139,No data,No data,No data,No data,No data,No data,No data,No data,No data,No data
12143,No data,No data,No data,No data,No data,No data,No data,No data,No data,No data
12145,No data,No data,No data,No data,No data,No data,No data,No data,No data,No data
12150,No data,No data,No data,No data,No data,No data,No data,No data,No data,No data
12202,No data,No data,No data,No data,No data,No data,No data,No data,No data,No data
12203,No data,No data,No data,No data,No data,No data,No data,No data,No data,No data
12205,No data,No data,No data,No data,No data,No data,No data,No data,No data,No data
12211,No data,No data,No data,No data,No data,No data,No data,No data,No data,No data
12227,No data,No data,No data,No data,No data,No data,No data,No data,No data,No data
12228,No data,No data,No data,No data,No data,No data,No data,No data,No data,No data
12231,No data,No data,No data,No data,No data,No data,No data,No data,No data,No data
12237,No data,No data,No data,No data,No data,No data,No data,No data,No data,No data
12238,No data,No data,No data,No data,No data,No data,No data,No data,No data,No data
12240,No data,No data,No data,No data,No data,No data,No data,No data,No data,No data
12245,No data,No data,No data,No data,No data,No data,No data,No data,No data,No data
12250,No data,No data,No data,No data,No data,No data,No data,No data,No data,No data
12320,No data,No data,No data,No data,No data,No data,No data,No data,No data,No data
12330,No data,No data,No data,No data,No data,No data,No data,No data,No data,No data
12331,No data,No data,No data,No data,No data,No data,No data,No data,No data,No data
12336,No data,No data,No data,No data,No data,No data,No data,No data,No data,No data
12345,No data,No data,No data,No data,No data,No data,No data,No data,No data,No data
12350,No data,No data,No data,No data,No data,No data,No data,No data,No data,No data
12360,No data,No data,No data,No data,No data,No data,No data,No data,No data,No data
12361,No data,No data,No data,No data,No data,No data,No data,No data,No data,No data
12362,No data,No data,No data,No data,No data,No data,No data,No data,No data,No data
12363,No data,No data,No data,No data,No data,No data,No data,No data,No data,No data
12410,No data,No data,No data,No data,No data,No data,No data,No data,No data,No data
12411,No data,No data,No data,No data,No data,No data,No data,No data,No data,No data
12412,No data,No data,No data,No data,No data,No data,No data,No data,No data,No data
12415,No data,No data,No data,No data,No data,No data,No data,No data,No data,No data
12421,No data,No data,No data,No data,No data,No data,No data,No data,No data,No data
12422,No data,No data,No data,No data,No data,No data,No data,No data,No data,No data
12430,No data,No data,No data,No data,No data,No data,No data,No data,No data,No data
12431,No data,No data,No data,No data,No data,No data,No data,No data,No data,No data
12451,No data,No data,No data,No data,No data,No data,No data,No data,No data,No data
12452,No data,No data,No data,No data,No data,No data,No data,No data,No data,No data
12551,No data,No data,No data,No data,No data,No data,No data,No data,No data,No data
12552,No data,No data,No data,No data,No data,No data,No data,No data,No data,No data
12601,No data,No data,No data,No data,No data,No data,No data,No data,No data,No data
12603,No data,No data,No data,No data,No data,No data,No data,No data,No data,No data
12604,No data,No data,No data,No data,No data,No data,No data,No data,No data,No data
12605,No data,No data,No data,No data,No data,No data,No data,No data,No data,No data
12611,No data,No data,No data,No data,No data,No data,No data,No data,No data,No data
12612,No data,No data,No data,No data,No data,No data,No data,No data,No data,No data
12614,No data,No data,No data,No data,No data,No data,No data,No data,No data,No data
12615,No data,No data,No data,No data,No data,No data,No data,No data,No data,No data
12616,No data,No data,No data,No data,No data,No data,No data,No data,No data,No data
12701,No data,No data,No data,No data,No data,No data,No data,No data,No data,No data
12772,No data,No data,No data,No data,No data,No data,No data,No data,No data,No data
12773,No data,No data,No data,No data,No data,No data,No data,No data,No data,No data
12775,No data,No data,No data,No data,No data,No data,No data,No data,No data,No data
12821,No data,No data,No data,No data,No data,No data,No data,No data,No data,No data
12831,No data,No data,No data,No data,No data,No data,No data,No data,No data,No data
12832,No data,No data,No data,No data,No data,No data,No data,No data,No data,No data
12836,No data,No data,No data,No data,No data,No data,No data,No data,No data,No data
12856,No data,No data,No data,No data,No data,No data,No data,No data,No data,No data
12902,No data,No data,No data,No data,No data,No data,No data,No data,No data,No data
12911,No data,No data,No data,No data,No data,No data,No data,No data,No data,No data
12926,No data,No data,No data,No data,No data,No data,No data,No data,No data,No data
12936,No data,No data,No data,No data,No data,No data,No data,No data,No data,No data
12950,No data,No data,No data,No data,No data,No data,No data,No data,No data,No data
12951,No data,No data,No data,No data,No data,No data,No data,No data,No data,No data
12952,No data,No data,No data,No data,No data,No data,No data,No data,No data,No data
12953,No data,No data,No data,No data,No data,No data,No data,No data,No data,No data
12954,No data,No data,No data,No data,No data,No data,No data,No data,No data,No data
12958,No data,No data,No data,No data,No data,No data,No data,No data,No data,No data
12B1B,No data,No data,No data,No data,No data,No data,No data,No data,No data,No data
22001,No data,No data,No data,No data,No data,No data,No data,No data,No data,No data
22002,No data,No data,No data,No data,No data,No data,No data,No data,No data,No data
22003,No data,No data,No data,No data,No data,No data,No data,No data,No data,No data
22005,No data,No data,No data,No data,No data,No data,No data,No data,No data,No data
22006,No data,No data,No data,No data,No data,No data,No data,No data,No data,No data
22007,No data,No data,No data,No data,No data,No data,No data,No data,No data,No data
22050,No data,No data,No data,No data,No data,No data,No data,No data,No data,No data
22051,No data,No data,No data,No data,No data,No data,No data,No data,No data,No data
22052,No data,No data,No data,No data,No data,No data,No data,No data,No data,No data
22053,No data,No data,No data,No data,No data,No data,No data,No data,No data,No data
22054,No data,No data,No data,No data,No data,No data,No data,No data,No data,No data
22058,No data,No data,No data,No data,No data,No data,No data,No data,No data,No data
22059,No data,No data,No data,No data,No data,No data,No data,No data,No data,No data
22060,No data,No data,No data,No data,No data,No data,No data,No data,No data,No data
22061,No data,No data,No data,No data,No data,No data,No data,No data,No data,No data
22062,No data,No data,No data,No data,No data,No data,No data,No data,No data,No data
22100,No data,No data,No data,No data,No data,No data,No data,No data,No data,No data
22102,No data,No data,No data,No data,No data,No data,No data,No data,No data,No data
22107,No data,No data,No data,No data,No data,No data,No data,No data,No data,No data
22111,No data,No data,No data,No data,No data,No data,No data,No data,No data,No data
22112,No data,No data,No data,No data,No data,No data,No data,No data,No data,No data
22115,No data,No data,No data,No data,No data,No data,No data,No data,No data,No data
22116,No data,No data,No data,No data,No data,No data,No data,No data,No data,No data
22117,No data,No data,No data,No data,No data,No data,No data,No data,No data,No data
22118,No data,No data,No data,No data,No data,No data,No data,No data,No data,No data
22123,No data,No data,No data,No data,No data,No data,No data,No data,No data,No data
22125,No data,No data,No data,No data,No data,No data,No data,No data,No data,No data
22126,No data,No data,No data,No data,No data,No data,No data,No data,No data,No data
22140,No data,No data,No data,No data,No data,No data,No data,No data,No data,No data
22145,No data,No data,No data,No data,No data,No data,No data,No data,No data,No data
22150,No data,No data,No data,No data,No data,No data,No data,No data,No data,No data
22160,No data,No data,No data,No data,No data,No data,No data,No data,No data,No data
22166,No data,No data,No data,No data,No data,No data,No data,No data,No data,No data
22168,No data,No data,No data,No data,No data,No data,No data,No data,No data,No data
22170,No data,No data,No data,No data,No data,No data,No data,No data,No data,No data
22172,No data,No data,No data,No data,No data,No data,No data,No data,No data,No data
22175,No data,No data,No data,No data,No data,No data,No data,No data,No data,No data
22180,No data,No data,No data,No data,No data,No data,No data,No data,No data,No data
22181,No data,No data,No data,No data,No data,No data,No data,No data,No data,No data
22201,No data,No data,No data,No data,No data,No data,No data,No data,No data,No data
22203,No data,No data,No data,No data,No data,No data,No data,No data,No data,No data
22205,No data,No data,No data,No data,No data,No data,No data,No data,No data,No data
22206,No data,No data,No data,No data,No data,No data,No data,No data,No data,No data
22207,No data,No data,No data,No data,No data,No data,No data,No data,No data,No data
22208,No data,No data,No data,No data,No data,No data,No data,No data,No data,No data
22210,No data,No data,No data,No data,No data,No data,No data,No data,No data,No data
22211,No data,No data,No data,No data,No data,No data,No data,No data,No data,No data
22212,No data,No data,No data,No data,No data,No data,No data,No data,No data,No data
22213,No data,No data,No data,No data,No data,No data,No data,No data,No data,No data
22214,No data,No data,No data,No data,No data,No data,No data,No data,No data,No data
22230,No data,No data,No data,No data,No data,No data,No data,No data,No data,No data
22231,No data,No data,No data,No data,No data,No data,No data,No data,No data,No data
22232,No data,No data,No data,No data,No data,No data,No data,No data,No data,No data
22235,No data,No data,No data,No data,No data,No data,No data,No data,No data,No data
22236,No data,No data,No data,No data,No data,No data,No data,No data,No data,No data
22237,No data,No data,No data,No data,No data,No data,No data,No data,No data,No data
22238,No data,No data,No data,No data,No data,No data,No data,No data,No data,No data
22239,No data,No data,No data,No data,No data,No data,No data,No data,No data,No data
22240,No data,No data,No data,No data,No data,No data,No data,No data,No data,No data
22281,No data,No data,No data,No data,No data,No data,No data,No data,No data,No data
22282,No data,No data,No data,No data,No data,No data,No data,No data,No data,No data
22283,No data,No data,No data,No data,No data,No data,No data,No data,No data,No data
22284,No data,No data,No data,No data,No data,No data,No data,No data,No data,No data
22285,No data,No data,No data,No data,No data,No data,No data,No data,No data,No data
22286,No data,No data,No data,No data,No data,No data,No data,No data,No data,No data
22400,No data,No data,No data,No data,No data,No data,No data,No data,No data,No data
22403,No data,No data,No data,No data,No data,No data,No data,No data,No data,No data
22449,No data,No data,No data,No data,No data,No data,No data,No data,No data,No data
22450,No data,No data,No data,No data,No data,No data,No data,No data,No data,No data
22460,No data,No data,No data,No data,No data,No data,No data,No data,No data,No data
22461,No data,No data,No data,No data,No data,No data,No data,No data,No data,No data
22462,No data,No data,No data,No data,No data,No data,No data,No data,No data,No data
22475,No data,No data,No data,No data,No data,No data,No data,No data,No data,No data
22476,No data,No data,No data,No data,No data,No data,No data,No data,No data,No data
22481,No data,No data,No data,No data,No data,No data,No data,No data,No data,No data
22485,No data,No data,No data,No data,No data,No data,No data,No data,No data,No data
22486,No data,No data,No data,No data,No data,No data,No data,No data,No data,No data
22487,No data,No data,No data,No data,No data,No data,No data,No data,No data,No data
22506,No data,No data,No data,No data,No data,No data,No data,No data,No data,No data
22508,No data,No data,No data,No data,No data,No data,No data,No data,No data,No data
22511,No data,No data,No data,No data,No data,No data,No data,No data,No data,No data
22513,No data,No data,No data,No data,No data,No data,No data,No data,No data,No data
22514,No data,No data,No data,No data,No data,No data,No data,No data,No data,No data
22525,No data,No data,No data,No data,No data,No data,No data,No data,No data,No data
22530,No data,No data,No data,No data,No data,No data,No data,No data,No data,No data
22531,No data,No data,No data,No data,No data,No data,No data,No data,No data,No data
22600,No data,No data,No data,No data,No data,No data,No data,No data,No data,No data
22602,No data,No data,No data,No data,No data,No data,No data,No data,No data,No data
22603,No data,No data,No data,No data,No data,No data,No data,No data,No data,No data
22604,No data,No data,No data,No data,No data,No data,No data,No data,No data,No data
22610,No data,No data,No data,No data,No data,No data,No data,No data,No data,No data
22611,No data,No data,No data,No data,No data,No data,No data,No data,No data,No data
22612,No data,No data,No data,No data,No data,No data,No data,No data,No data,No data
22681,No data,No data,No data,No data,No data,No data,No data,No data,No data,No data
22800,No data,No data,No data,No data,No data,No data,No data,No data,No data,No data
23101,No data,No data,No data,No data,No data,No data,No data,No data,No data,No data
23103,No data,No data,No data,No data,No data,No data,No data,No data,No data,No data
23104,No data,No data,No data,No data,No data,No data,No data,No data,No data,No data
23205,No data,No data,No data,No data,No data,No data,No data,No data,No data,No data
23206,No data,No data,No data,No data,No data,No data,No data,No data,No data,No data
23212,No data,No data,No data,No data,No data,No data,No data,No data,No data,No data
23214,No data,No data,No data,No data,No data,No data,No data,No data,No data,No data
23216,No data,No data,No data,No data,No data,No data,No data,No data,No data,No data
23220,No data,No data,No data,No data,No data,No data,No data,No data,No data,No data
23255,No data,No data,No data,No data,No data,No data,No data,No data,No data,No data
23256,No data,No data,No data,No data,No data,No data,No data,No data,No data,No data
23257,No data,No data,No data,No data,No data,No data,No data,No data,No data,No data
23258,No data,No data,No data,No data,No data,No data,No data,No data,No data,No data
23260,No data,No data,No data,No data,No data,No data,No data,No data,No data,No data
23261,No data,No data,No data,No data,No data,No data,No data,No data,No data,No data
23262,No data,No data,No data,No data,No data,No data,No data,No data,No data,No data
23263,No data,No data,No data,No data,No data,No data,No data,No data,No data,No data
23272,No data,No data,No data,No data,No data,No data,No data,No data,No data,No data
23301,No data,No data,No data,No data,No data,No data,No data,No data,No data,No data
23302,No data,No data,No data,No data,No data,No data,No data,No data,No data,No data
23303,No data,No data,No data,No data,No data,No data,No data,No data,No data,No data
23360,No data,No data,No data,No data,No data,No data,No data,No data,No data,No data
23511,No data,No data,No data,No data,No data,No data,No data,No data,No data,No data
23513,No data,No data,No data,No data,No data,No data,No data,No data,No data,No data
23520,No data,No data,No data,No data,No data,No data,No data,No data,No data,No data
23521,No data,No data,No data,No data,No data,No data,No data,No data,No data,No data
23522,No data,No data,No data,No data,No data,No data,No data,No data,No data,No data
23531,No data,No data,No data,No data,No data,No data,No data,No data,No data,No data
23532,No data,No data,No data,No data,No data,No data,No data,No data,No data,No data
23552,No data,No data,No data,No data,No data,No data,No data,No data,No data,No data
23564,No data,No data,No data,No data,No data,No data,No data,No data,No data,No data
23662,No data,No data,No data,No data,No data,No data,No data,No data,No data,No data
23711,No data,No data,No data,No data,No data,No data,No data,No data,No data,No data
23721,No data,No data,No data,No data,No data,No data,No data,No data,No data,No data
23732,No data,No data,No data,No data,No data,No data,No data,No data,No data,No data
23750,No data,No data,No data,No data,No data,No data,No data,No data,No data,No data
23832,No data,No data,No data,No data,No data,No data,No data,No data,No data,No data
23837,No data,No data,No data,No data,No data,No data,No data,No data,No data,No data
23839,No data,No data,No data,No data,No data,No data,No data,No data,No data,No data
23841,No data,No data,No data,No data,No data,No data,No data,No data,No data,No data
23842,No data,No data,No data,No data,No data,No data,No data,No data,No data,No data
23851,No data,No data,No data,No data,No data,No data,No data,No data,No data,No data
23903,No data,No data,No data,No data,No data,No data,No data,No data,No data,No data
23904,No data,No data,No data,No data,No data,No data,No data,No data,No data,No data
23925,No data,No data,No data,No data,No data,No data,No data,No data,No data,No data
23926,No data,No data,No data,No data,No data,No data,No data,No data,No data,No data
23934,No data,No data,No data,No data,No data,No data,No data,No data,No data,No data
23936,No data,No data,No data,No data,No data,No data,No data,No data,No data,No data
23937,No data,No data,No data,No data,No data,No data,No data,No data,No data,No data
23952,No data,No data,No data,No data,No data,No data,No data,No data,No data,No data
23953,No data,No data,No data,No data,No data,No data,No data,No data,No data,No data
23955,No data,No data,No data,No data,No data,No data,No data,No data,No data,No data
23963,No data,No data,No data,No data,No data,No data,No data,No data,No data,No data
23982,No data,No data,No data,No data,No data,No data,No data,No data,No data,No data
23F11,No data,No data,No data,No data,No data,No data,No data,No data,No data,No data
23F12,No data,No data,No data,No data,No data,No data,No data,No data,No data,No data
23F13,No data,No data,No data,No data,No data,No data,No data,No data,No data,No data
23F14,No data,No data,No data,No data,No data,No data,No data,No data,No data,No data
23F15,No data,No data,No data,No data,No data,No data,No data,No data,No data,No data
23F16,No data,No data,No data,No data,No data,No data,No data,No data,No data,No data
23F17,No data,No data,No data,No data,No data,No data,No data,No data,No data,No data
25102,No data,No data,No data,No data,No data,No data,No data,No data,No data,No data
25104,No data,No data,No data,No data,No data,No data,No data,No data,No data,No data
25105,No data,No data,No data,No data,No data,No data,No data,No data,No data,No data
25106,No data,No data,No data,No data,No data,No data,No data,No data,No data,No data
25107,No data,No data,No data,No data,No data,No data,No data,No data,No data,No data
25108,No data,No data,No data,No data,No data,No data,No data,No data,No data,No data
25109,No data,No data,No data,No data,No data,No data,No data,No data,No data,No data
25201,No data,No data,No data,No data,No data,No data,No data,No data,No data,No data
25202,No data,No data,No data,No data,No data,No data,No data,No data,No data,No data
25203,No data,No data,No data,No data,No data,No data,No data,No data,No data,No data
25204,No data,No data,No data,No data,No data,No data,No data,No data,No data,No data
25205,No data,No data,No data,No data,No data,No data,No data,No data,No data,No data
25206,No data,No data,No data,No data,No data,No data,No data,No data,No data,No data
25207,No data,No data,No data,No data,No data,No data,No data,No data,No data,No data
25208,No data,No data,No data,No data,No data,No data,No data,No data,No data,No data
25209,No data,No data,No data,No data,No data,No data,No data,No data,No data,No data
25210,No data,No data,No data,No data,No data,No data,No data,No data,No data,No data
25211,No data,No data,No data,No data,No data,No data,No data,No data,No data,No data
25212,No data,No data,No data,No data,No data,No data,No data,No data,No data,No data
25213,No data,No data,No data,No data,No data,No data,No data,No data,No data,No data
25214,No data,No data,No data,No data,No data,No data,No data,No data,No data,No data
25215,No data,No data,No data,No data,No data,No data,No data,No data,No data,No data
25216,No data,No data,No data,No data,No data,No data,No data,No data,No data,No data
25217,No data,No data,No data,No data,No data,No data,No data,No data,No data,No data
25218,No data,No data,No data,No data,No data,No data,No data,No data,No data,No data
25302,No data,No data,No data,No data,No data,No data,No data,No data,No data,No data
25303,No data,No data,No data,No data,No data,No data,No data,No data,No data,No data
25310,No data,No data,No data,No data,No data,No data,No data,No data,No data,No data
25311,No data,No data,No data,No data,No data,No data,No data,No data,No data,No data
25312,No data,No data,No data,No data,No data,No data,No data,No data,No data,No data
25313,No data,No data,No data,No data,No data,No data,No data,No data,No data,No data
25315,No data,No data,No data,No data,No data,No data,No data,No data,No data,No data
25316,No data,No data,No data,No data,No data,No data,No data,No data,No data,No data
25317,No data,No data,No data,No data,No data,No data,No data,No data,No data,No data
25318,No data,No data,No data,No data,No data,No data,No data,No data,No data,No data
25321,No data,No data,No data,No data,No data,No data,No data,No data,No data,No data
25322,No data,No data,No data,No data,No data,No data,No data,No data,No data,No data
25323,No data,No data,No data,No data,No data,No data,No data,No data,No data,No data
25324,No data,No data,No data,No data,No data,No data,No data,No data,No data,No data
25325,No data,No data,No data,No data,No data,No data,No data,No data,No data,No data
25326,No data,No data,No data,No data,No data,No data,No data,No data,No data,No data
25327,No data,No data,No data,No data,No data,No data,No data,No data,No data,No data
25328,No data,No data,No data,No data,No data,No data,No data,No data,No data,No data
25331,No data,No data,No data,No data,No data,No data,No data,No data,No data,No data
25335,No data,No data,No data,No data,No data,No data,No data,No data,No data,No data
25336,No data,No data,No data,No data,No data,No data,No data,No data,No data,No data
25340,No data,No data,No data,No data,No data,No data,No data,No data,No data,No data
25341,No data,No data,No data,No data,No data,No data,No data,No data,No data,No data
25342,No data,No data,No data,No data,No data,No data,No data,No data,No data,No data
25343,No data,No data,No data,No data,No data,No data,No data,No data,No data,No data
25344,No data,No data,No data,No data,No data,No data,No data,No data,No data,No data
25345,No data,No data,No data,No data,No data,No data,No data,No data,No data,No data
25346,No data,No data,No data,No data,No data,No data,No data,No data,No data,No data
25347,No data,No data,No data,No data,No data,No data,No data,No data,No data,No data
25348,No data,No data,No data,No data,No data,No data,No data,No data,No data,No data
25349,No data,No data,No data,No data,No data,No data,No data,No data,No data,No data
25350,No data,No data,No data,No data,No data,No data,No data,No data,No data,No data
25351,No data,No data,No data,No data,No data,No data,No data,No data,No data,No data
25352,No data,No data,No data,No data,No data,No data,No data,No data,No data,No data
25353,No data,No data,No data,No data,No data,No data,No data,No data,No data,No data
25354,No data,No data,No data,No data,No data,No data,No data,No data,No data,No data
25355,No data,No data,No data,No data,No data,No data,No data,No data,No data,No data
25356,No data,No data,No data,No data,No data,No data,No data,No data,No data,No data
25357,No data,No data,No data,No data,No data,No data,No data,No data,No data,No data
25616,No data,No data,No data,No data,No data,No data,No data,No data,No data,No data
25619,No data,No data,No data,No data,No data,No data,No data,No data,No data,No data
25623,No data,No data,No data,No data,No data,No data,No data,No data,No data,No data
25624,No data,No data,No data,No data,No data,No data,No data,No data,No data,No data
25625,No data,No data,No data,No data,No data,No data,No data,No data,No data,No data
25626,No data,No data,No data,No data,No data,No data,No data,No data,No data,No data
25627,No data,No data,No data,No data,No data,No data,No data,No data,No data,No data
25628,No data,No data,No data,No data,No data,No data,No data,No data,No data,No data
25801,No data,No data,No data,No data,No data,No data,No data,No data,No data,No data
25811,No data,No data,No data,No data,No data,No data,No data,No data,No data,No data
25812,No data,No data,No data,No data,No data,No data,No data,No data,No data,No data
25813,No data,No data,No data,No data,No data,No data,No data,No data,No data,No data
25823,No data,No data,No data,No data,No data,No data,No data,No data,No data,No data
25824,No data,No data,No data,No data,No data,No data,No data,No data,No data,No data
25825,No data,No data,No data,No data,No data,No data,No data,No data,No data,No data
25826,No data,No data,No data,No data,No data,No data,No data,No data,No data,No data
25827,No data,No data,No data,No data,No data,No data,No data,No data,No data,No data
25829,No data,No data,No data,No data,No data,No data,No data,No data,No data,No data
25830,No data,No data,No data,No data,No data,No data,No data,No data,No data,No data
25831,No data,No data,No data,No data,No data,No data,No data,No data,No data,No data
25832,No data,No data,No data,No data,No data,No data,No data,No data,No data,No data
25833,No data,No data,No data,No data,No data,No data,No data,No data,No data,No data
25834,No data,No data,No data,No data,No data,No data,No data,No data,No data,No data
25835,No data,No data,No data,No data,No data,No data,No data,No data,No data,No data
25840,No data,No data,No data,No data,No data,No data,No data,No data,No data,No data
25841,No data,No data,No data,No data,No data,No data,No data,No data,No data,No data
25842,No data,No data,No data,No data,No data,No data,No data,No data,No data,No data
26001,No data,No data,No data,No data,No data,No data,No data,No data,No data,No data
26002,No data,No data,No data,No data,No data,No data,No data,No data,No data,No data
26003,No data,No data,No data,No data,No data,No data,No data,No data,No data,No data
26004,No data,No data,No data,No data,No data,No data,No data,No data,No data,No data
26008,No data,No data,No data,No data,No data,No data,No data,No data,No data,No data
26010,No data,No data,No data,No data,No data,No data,No data,No data,No data,No data
26020,No data,No data,No data,No data,No data,No data,No data,No data,No data,No data
26021,No data,No data,No data,No data,No data,No data,No data,No data,No data,No data
26022,No data,No data,No data,No data,No data,No data,No data,No data,No data,No data
26050,No data,No data,No data,No data,No data,No data,No data,No data,No data,No data
26124,No data,No data,No data,No data,No data,No data,No data,No data,No data,No data
26127,No data,No data,No data,No data,No data,No data,No data,No data,No data,No data
26128,No data,No data,No data,No data,No data,No data,No data,No data,No data,No data
26130,No data,No data,No data,No data,No data,No data,No data,No data,No data,No data
26134,No data,No data,No data,No data,No data,No data,No data,No data,No data,No data
26171,No data,No data,No data,No data,No data,No data,No data,No data,No data,No data
26173,No data,No data,No data,No data,No data,No data,No data,No data,No data,No data
26174,No data,No data,No data,No data,No data,No data,No data,No data,No data,No data
26200,No data,No data,No data,No data,No data,No data,No data,No data,No data,No data
26211,No data,No data,No data,No data,No data,No data,No data,No data,No data,No data
26220,No data,No data,No data,No data,No data,No data,No data,No data,No data,No data
26231,No data,No data,No data,No data,No data,No data,No data,No data,No data,No data
26236,No data,No data,No data,No data,No data,No data,No data,No data,No data,No data
26241,No data,No data,No data,No data,No data,No data,No data,No data,No data,No data
26245,No data,No data,No data,No data,No data,No data,No data,No data,No data,No data
26250,No data,No data,No data,No data,No data,No data,No data,No data,No data,No data
26261,No data,No data,No data,No data,No data,No data,No data,No data,No data,No data
26263,No data,No data,No data,No data,No data,No data,No data,No data,No data,No data
26271,No data,No data,No data,No data,No data,No data,No data,No data,No data,No data
26280,No data,No data,No data,No data,No data,No data,No data,No data,No data,No data
26300,No data,No data,No data,No data,No data,No data,No data,No data,No data,No data
26317,No data,No data,No data,No data,No data,No data,No data,No data,No data,No data
26325,No data,No data,No data,No data,No data,No data,No data,No data,No data,No data
26371,No data,No data,No data,No data,No data,No data,No data,No data,No data,No data
26374,No data,No data,No data,No data,No data,No data,No data,No data,No data,No data
26400,No data,No data,No data,No data,No data,No data,No data,No data,No data,No data
26407,No data,No data,No data,No data,No data,No data,No data,No data,No data,No data
26411,No data,No data,No data,No data,No data,No data,No data,No data,No data,No data
26416,No data,No data,No data,No data,No data,No data,No data,No data,No data,No data
26422,No data,No data,No data,No data,No data,No data,No data,No data,No data,No data
26426,No data,No data,No data,No data,No data,No data,No data,No data,No data,No data
26428,No data,No data,No data,No data,No data,No data,No data,No data,No data,No data
26433,No data,No data,No data,No data,No data,No data,No data,No data,No data,No data
26438,No data,No data,No data,No data,No data,No data,No data,No data,No data,No data
26444,No data,No data,No data,No data,No data,No data,No data,No data,No data,No data
26446,No data,No data,No data,No data,No data,No data,No data,No data,No data,No data
26455,No data,No data,No data,No data,No data,No data,No data,No data,No data,No data
26470,No data,No data,No data,No data,No data,No data,No data,No data,No data,No data
26474,No data,No data,No data,No data,No data,No data,No data,No data,No data,No data
26510,No data,No data,No data,No data,No data,No data,No data,No data,No data,No data
26620,No data,No data,No data,No data,No data,No data,No data,No data,No data,No data
26800,No data,No data,No data,No data,No data,No data,No data,No data,No data,No data
26805,No data,No data,No data,No data,No data,No data,No data,No data,No data,No data
26820,No data,No data,No data,No data,No data,No data,No data,No data,No data,No data
26840,No data,No data,No data,No data,No data,No data,No data,No data,No data,No data
26932,No data,No data,No data,No data,No data,No data,No data,No data,No data,No data
26933,No data,No data,No data,No data,No data,No data,No data,No data,No data,No data
26944,No data,No data,No data,No data,No data,No data,No data,No data,No data,No data
26960,No data,No data,No data,No data,No data,No data,No data,No data,No data,No data
26970,No data,No data,No data,No data,No data,No data,No data,No data,No data,No data
26991,No data,No data,No data,No data,No data,No data,No data,No data,No data,No data
27002,No data,No data,No data,No data,No data,No data,No data,No data,No data,No data
27003,No data,No data,No data,No data,No data,No data,No data,No data,No data,No data
27016,No data,No data,No data,No data,No data,No data,No data,No data,No data,No data
27020,No data,No data,No data,No data,No data,No data,No data,No data,No data,No data
27021,No data,No data,No data,No data,No data,No data,No data,No data,No data,No data
27022,No data,No data,No data,No data,No data,No data,No data,No data,No data,No data
27023,No data,No data,No data,No data,No data,No data,No data,No data,No data,No data
27026,No data,No data,No data,No data,No data,No data,No data,No data,No data,No data
27027,No data,No data,No data,No data,No data,No data,No data,No data,No data,No data
27029,No data,No data,No data,No data,No data,No data,No data,No data,No data,No data
27030,No data,No data,No data,No data,No data,No data,No data,No data,No data,No data
27032,No data,No data,No data,No data,No data,No data,No data,No data,No data,No data
27034,No data,No data,No data,No data,No data,No data,No data,No data,No data,No data
27035,No data,No data,No data,No data,No data,No data,No data,No data,No data,No data
27051,No data,No data,No data,No data,No data,No data,No data,No data,No data,No data
27062,No data,No data,No data,No data,No data,No data,No data,No data,No data,No data
27063,No data,No data,No data,No data,No data,No data,No data,No data,No data,No data
27064,No data,No data,No data,No data,No data,No data,No data,No data,No data,No data
27066,No data,No data,No data,No data,No data,No data,No data,No data,No data,No data
27070,No data,No data,No data,No data,No data,No data,No data,No data,No data,No data
27075,No data,No data,No data,No data,No data,No data,No data,No data,No data,No data
27101,No data,No data,No data,No data,No data,No data,No data,No data,No data,No data
27200,No data,No data,No data,No data,No data,No data,No data,No data,No data,No data
27221,No data,No data,No data,No data,No data,No data,No data,No data,No data,No data
27232,No data,No data,No data,No data,No data,No data,No data,No data,No data,No data
27246,No data,No data,No data,No data,No data,No data,No data,No data,No data,No data
27247,No data,No data,No data,No data,No data,No data,No data,No data,No data,No data
27255,No data,No data,No data,No data,No data,No data,No data,No data,No data,No data
27325,No data,No data,No data,No data,No data,No data,No data,No data,No data,No data
27330,No data,No data,No data,No data,No data,No data,No data,No data,No data,No data
27419,No data,No data,No data,No data,No data,No data,No data,No data,No data,No data
27422,No data,No data,No data,No data,No data,No data,No data,No data,No data,No data
27423,No data,No data,No data,No data,No data,No data,No data,No data,No data,No data
27430,No data,No data,No data,No data,No data,No data,No data,No data,No data,No data
27432,No data,No data,No data,No data,No data,No data,No data,No data,No data,No data
27436,No data,No data,No data,No data,No data,No data,No data,No data,No data,No data
27450,No data,No data,No data,No data,No data,No data,No data,No data,No data,No data
27455,No data,No data,No data,No data,No data,No data,No data,No data,No data,No data
27460,No data,No data,No data,No data,No data,No data,No data,No data,No data,No data
27470,No data,No data,No data,No data,No data,No data,No data,No data,No data,No data
27472,No data,No data,No data,No data,No data,No data,No data,No data,No data,No data
27510,No data,No data,No data,No data,No data,No data,No data,No data,No data,No data
27665,No data,No data,No data,No data,No data,No data,No data,No data,No data,No data
27666,No data,No data,No data,No data,No data,No data,No data,No data,No data,No data
27800,No data,No data,No data,No data,No data,No data,No data,No data,No data,No data
27802,No data,No data,No data,No data,No data,No data,No data,No data,No data,No data
27803,No data,No data,No data,No data,No data,No data,No data,No data,No data,No data
27804,No data,No data,No data,No data,No data,No data,No data,No data,No data,No data
27805,No data,No data,No data,No data,No data,No data,No data,No data,No data,No data
27823,No data,No data,No data,No data,No data,No data,No data,No data,No data,No data
27827,No data,No data,No data,No data,No data,No data,No data,No data,No data,No data
27829,No data,No data,No data,No data,No data,No data,No data,No data,No data,No data
27832,No data,No data,No data,No data,No data,No data,No data,No data,No data,No data
27833,No data,No data,No data,No data,No data,No data,No data,No data,No data,No data
27838,No data,No data,No data,No data,No data,No data,No data,No data,No data,No data
27839,No data,No data,No data,No data,No data,No data,No data,No data,No data,No data
27840,No data,No data,No data,No data,No data,No data,No data,No data,No data,No data
27845,No data,No data,No data,No data,No data,No data,No data,No data,No data,No data
28010,No data,No data,No data,No data,No data,No data,No data,No data,No data,No data
28012,No data,No data,No data,No data,No data,No data,No data,No data,No data,No data
28016,No data,No data,No data,No data,No data,No data,No data,No data,No data,No data
28020,No data,No data,No data,No data,No data,No data,No data,No data,No data,No data
28021,No data,No data,No data,No data,No data,No data,No data,No data,No data,No data
28022,No data,No data,No data,No data,No data,No data,No data,No data,No data,No data
28025,No data,No data,No data,No data,No data,No data,No data,No data,No data,No data
28121,No data,No data,No data,No data,No data,No data,No data,No data,No data,No data
28123,No data,No data,No data,No data,No data,No data,No data,No data,No data,No data
28125,No data,No data,No data,No data,No data,No data,No data,No data,No data,No data
28140,No data,No data,No data,No data,No data,No data,No data,No data,No data,No data
28145,No data,No data,No data,No data,No data,No data,No data,No data,No data,No data
28150,No data,No data,No data,No data,No data,No data,No data,No data,No data,No data
28155,No data,No data,No data,No data,No data,No data,No data,No data,No data,No data
28157,No data,No data,No data,No data,No data,No data,No data,No data,No data,No data
28160,No data,No data,No data,No data,No data,No data,No data,No data,No data,No data
28165,No data,No data,No data,No data,No data,No data,No data,No data,No data,No data
28212,No data,No data,No data,No data,No data,No data,No data,No data,No data,No data
28213,No data,No data,No data,No data,No data,No data,No data,No data,No data,No data
28214,No data,No data,No data,No data,No data,No data,No data,No data,No data,No data
28216,No data,No data,No data,No data,No data,No data,No data,No data,No data,No data
28217,No data,No data,No data,No data,No data,No data,No data,No data,No data,No data
28221,No data,No data,No data,No data,No data,No data,No data,No data,No data,No data
28233,No data,No data,No data,No data,No data,No data,No data,No data,No data,No data
28242,No data,No data,No data,No data,No data,No data,No data,No data,No data,No data
28244,No data,No data,No data,No data,No data,No data,No data,No data,No data,No data
28271,No data,No data,No data,No data,No data,No data,No data,No data,No data,No data
28311,No data,No data,No data,No data,No data,No data,No data,No data,No data,No data
28315,No data,No data,No data,No data,No data,No data,No data,No data,No data,No data
28316,No data,No data,No data,No data,No data,No data,No data,No data,No data,No data
28322,No data,No data,No data,No data,No data,No data,No data,No data,No data,No data
28342,No data,No data,No data,No data,No data,No data,No data,No data,No data,No data
28344,No data,No data,No data,No data,No data,No data,No data,No data,No data,No data
28345,No data,No data,No data,No data,No data,No data,No data,No data,No data,No data
28346,No data,No data,No data,No data,No data,No data,No data,No data,No data,No data
28350,No data,No data,No data,No data,No data,No data,No data,No data,No data,No data
28352,No data,No data,No data,No data,No data,No data,No data,No data,No data,No data
28361,No data,No data,No data,No data,No data,No data,No data,No data,No data,No data
28412,No data,No data,No data,No data,No data,No data,No data,No data,No data,No data
28420,No data,No data,No data,No data,No data,No data,No data,No data,No data,No data
28423,No data,No data,No data,No data,No data,No data,No data,No data,No data,No data
28434,No data,No data,No data,No data,No data,No data,No data,No data,No data,No data
28443,No data,No data,No data,No data,No data,No data,No data,No data,No data,No data
28451,No data,No data,No data,No data,No data,No data,No data,No data,No data,No data
28455,No data,No data,No data,No data,No data,No data,No data,No data,No data,No data
28485,No data,No data,No data,No data,No data,No data,No data,No data,No data,No data
28530,No data,No data,No data,No data,No data,No data,No data,No data,No data,No data
28720,No data,No data,No data,No data,No data,No data,No data,No data,No data,No data
28725,No data,No data,No data,No data,No data,No data,No data,No data,No data,No data
28730,No data,No data,No data,No data,No data,No data,No data,No data,No data,No data
28737,No data,No data,No data,No data,No data,No data,No data,No data,No data,No data
28745,No data,No data,No data,No data,No data,No data,No data,No data,No data,No data
28747,No data,No data,No data,No data,No data,No data,No data,No data,No data,No data
28750,No data,No data,No data,No data,No data,No data,No data,No data,No data,No data
28751,No data,No data,No data,No data,No data,No data,No data,No data,No data,No data
28755,No data,No data,No data,No data,No data,No data,No data,No data,No data,No data
28761,No data,No data,No data,No data,No data,No data,No data,No data,No data,No data
28777,No data,No data,No data,No data,No data,No data,No data,No data,No data,No data
28811,No data,No data,No data,No data,No data,No data,No data,No data,No data,No data
28831,No data,No data,No data,No data,No data,No data,No data,No data,No data,No data
28845,No data,No data,No data,No data,No data,No data,No data,No data,No data,No data
28850,No data,No data,No data,No data,No data,No data,No data,No data,No data,No data
28852,No data,No data,No data,No data,No data,No data,No data,No data,No data,No data
28855,No data,No data,No data,No data,No data,No data,No data,No data,No data,No data
28857,No data,No data,No data,No data,No data,No data,No data,No data,No data,No data
28870,No data,No data,No data,No data,No data,No data,No data,No data,No data,No data
28871,No data,No data,No data,No data,No data,No data,No data,No data,No data,No data
28872,No data,No data,No data,No data,No data,No data,No data,No data,No data,No data
28905,No data,No data,No data,No data,No data,No data,No data,No data,No data,No data
28908,No data,No data,No data,No data,No data,No data,No data,No data,No data,No data
28909,No data,No data,No data,No data,No data,No data,No data,No data,No data,No data
28917,No data,No data,No data,No data,No data,No data,No data,No data,No data,No data
28923,No data,No data,No data,No data,No data,No data,No data,No data,No data,No data
28927,No data,No data,No data,No data,No data,No data,No data,No data,No data,No data
28928,No data,No data,No data,No data,No data,No data,No data,No data,No data,No data
28930,No data,No data,No data,No data,No data,No data,No data,No data,No data,No data
28932,No data,No data,No data,No data,No data,No data,No data,No data,No data,No data
28934,No data,No data,No data,No data,No data,No data,No data,No data,No data,No data
29902,No data,No data,No data,No data,No data,No data,No data,No data,No data,No data
30010,No data,No data,No data,No data,No data,No data,No data,No data,No data,No data
30015,No data,No data,No data,No data,No data,No data,No data,No data,No data,No data
30020,No data,No data,No data,No data,No data,No data,No data,No data,No data,No data
30021,No data,No data,No data,No data,No data,No data,No data,No data,No data,No data
30032,No data,No data,No data,No data,No data,No data,No data,No data,No data,No data
30035,No data,No data,No data,No data,No data,No data,No data,No data,No data,No data
30081,No data,No data,No data,No data,No data,No data,No data,No data,No data,No data
30082,No data,No data,No data,No data,No data,No data,No data,No data,No data,No data
30101,No data,No data,No data,No data,No data,No data,No data,No data,No data,No data
30102,No data,No data,No data,No data,No data,No data,No data,No data,No data,No data
30110,No data,No data,No data,No data,No data,No data,No data,No data,No data,No data
30121,No data,No data,No data,No data,No data,No data,No data,No data,No data,No data
30131,No data,No data,No data,No data,No data,No data,No data,No data,No data,No data
30142,No data,No data,No data,No data,No data,No data,No data,No data,No data,No data
30150,No data,No data,No data,No data,No data,No data,No data,No data,No data,No data
30160,No data,No data,No data,No data,No data,No data,No data,No data,No data,No data
30202,No data,No data,No data,No data,No data,No data,No data,No data,No data,No data
30221,No data,No data,No data,No data,No data,No data,No data,No data,No data,No data
30222,No data,No data,No data,No data,No data,No data,No data,No data,No data,No data
30223,No data,No data,No data,No data,No data,No data,No data,No data,No data,No data
30224,No data,No data,No data,No data,No data,No data,No data,No data,No data,No data
30230,No data,No data,No data,No data,No data,No data,No data,No data,No data,No data
30300,No data,No data,No data,No data,No data,No data,No data,No data,No data,No data
30310,No data,No data,No data,No data,No data,No data,No data,No data,No data,No data
30320,No data,No data,No data,No data,No data,No data,No data,No data,No data,No data
30330,No data,No data,No data,No data,No data,No data,No data,No data,No data,No data
30340,No data,No data,No data,No data,No data,No data,No data,No data,No data,No data
30350,No data,No data,No data,No data,No data,No data,No data,No data,No data,No data
30400,No data,No data,No data,No data,No data,No data,No data,No data,No data,No data
30405,No data,No data,No data,No data,No data,No data,No data,No data,No data,No data
30410,No data,No data,No data,No data,No data,No data,No data,No data,No data,No data
30415,No data,No data,No data,No data,No data,No data,No data,No data,No data,No data
30421,No data,No data,No data,No data,No data,No data,No data,No data,No data,No data
30428,No data,No data,No data,No data,No data,No data,No data,No data,No data,No data
30430,No data,No data,No data,No data,No data,No data,No data,No data,No data,No data
30510,No data,No data,No data,No data,No data,No data,No data,No data,No data,No data
30530,No data,No data,No data,No data,No data,No data,No data,No data,No data,No data
30531,No data,No data,No data,No data,No data,No data,No data,No data,No data,No data
30540,No data,No data,No data,No data,No data,No data,No data,No data,No data,No data
30545,No data,No data,No data,No data,No data,No data,No data,No data,No data,No data
30552,No data,No data,No data,No data,No data,No data,No data,No data,No data,No data
30554,No data,No data,No data,No data,No data,No data,No data,No data,No data,No data
30555,No data,No data,No data,No data,No data,No data,No data,No data,No data,No data
30561,No data,No data,No data,No data,No data,No data,No data,No data,No data,No data
30564,No data,No data,No data,No data,No data,No data,No data,No data,No data,No data
30574,No data,No data,No data,No data,No data,No data,No data,No data,No data,No data
30720,No data,No data,No data,No data,No data,No data,No data,No data,No data,No data
30742,No data,No data,No data,No data,No data,No data,No data,No data,No data,No data
30745,No data,No data,No data,No data,No data,No data,No data,No data,No data,No data
30752,No data,No data,No data,No data,No data,No data,No data,No data,No data,No data
30755,No data,No data,No data,No data,No data,No data,No data,No data,No data,No data
30760,No data,No data,No data,No data,No data,No data,No data,No data,No data,No data
30784,No data,No data,No data,No data,No data,No data,No data,No data,No data,No data
30785,No data,No data,No data,No data,No data,No data,No data,No data,No data,No data
30791,No data,No data,No data,No data,No data,No data,No data,No data,No data,No data
30794,No data,No data,No data,No data,No data,No data,No data,No data,No data,No data
30857,No data,No data,No data,No data,No data,No data,No data,No data,No data,No data
30911,No data,No data,No data,No data,No data,No data,No data,No data,No data,No data
30970,No data,No data,No data,No data,No data,No data,No data,No data,No data,No data
34019,No data,No data,No data,No data,No data,No data,No data,No data,No data,No data
34020,No data,No data,No data,No data,No data,No data,No data,No data,No data,No data
34021,No data,No data,No data,No data,No data,No data,No data,No data,No data,No data
34023,No data,No data,No data,No data,No data,No data,No data,No data,No data,No data
34024,No data,No data,No data,No data,No data,No data,No data,No data,No data,No data
34029,No data,No data,No data,No data,No data,No data,No data,No data,No data,No data
34031,No data,No data,No data,No data,No data,No data,No data,No data,No data,No data
34032,No data,No data,No data,No data,No data,No data,No data,No data,No data,No data
34034,No data,No data,No data,No data,No data,No data,No data,No data,No data,No data
34038,No data,No data,No data,No data,No data,No data,No data,No data,No data,No data
34042,No data,No data,No data,No data,No data,No data,No data,No data,No data,No data
34043,No data,No data,No data,No data,No data,No data,No data,No data,No data,No data
34046,No data,No data,No data,No data,No data,No data,No data,No data,No data,No data
34051,No data,No data,No data,No data,No data,No data,No data,No data,No data,No data
34052,No data,No data,No data,No data,No data,No data,No data,No data,No data,No data
34053,No data,No data,No data,No data,No data,No data,No data,No data,No data,No data
34060,No data,No data,No data,No data,No data,No data,No data,No data,No data,No data
34061,No data,No data,No data,No data,No data,No data,No data,No data,No data,No data
34062,No data,No data,No data,No data,No data,No data,No data,No data,No data,No data
34063,No data,No data,No data,No data,No data,No data,No data,No data,No data,No data
34064,No data,No data,No data,No data,No data,No data,No data,No data,No data,No data
34091,No data,No data,No data,No data,No data,No data,No data,No data,No data,No data
34092,No data,No data,No data,No data,No data,No data,No data,No data,No data,No data
34094,No data,No data,No data,No data,No data,No data,No data,No data,No data,No data
34120,No data,No data,No data,No data,No data,No data,No data,No data,No data,No data
34121,No data,No data,No data,No data,No data,No data,No data,No data,No data,No data
34126,No data,No data,No data,No data,No data,No data,No data,No data,No data,No data
34127,No data,No data,No data,No data,No data,No data,No data,No data,No data,No data
34129,No data,No data,No data,No data,No data,No data,No data,No data,No data,No data
34130,No data,No data,No data,No data,No data,No data,No data,No data,No data,No data
34153,No data,No data,No data,No data,No data,No data,No data,No data,No data,No data
34156,No data,No data,No data,No data,No data,No data,No data,No data,No data,No data
34190,No data,No data,No data,No data,No data,No data,No data,No data,No data,No data
34192,No data,No data,No data,No data,No data,No data,No data,No data,No data,No data
34193,No data,No data,No data,No data,No data,No data,No data,No data,No data,No data
34194,No data,No data,No data,No data,No data,No data,No data,No data,No data,No data
34210,No data,No data,No data,No data,No data,No data,No data,No data,No data,No data
34220,No data,No data,No data,No data,No data,No data,No data,No data,No data,No data
34229,No data,No data,No data,No data,No data,No data,No data,No data,No data,No data
34231,No data,No data,No data,No data,No data,No data,No data,No data,No data,No data
34240,No data,No data,No data,No data,No data,No data,No data,No data,No data,No data
34241,No data,No data,No data,No data,No data,No data,No data,No data,No data,No data
34242,No data,No data,No data,No data,No data,No data,No data,No data,No data,No data
34249,No data,No data,No data,No data,No data,No data,No data,No data,No data,No data
34250,No data,No data,No data,No data,No data,No data,No data,No data,No data,No data
34251,No data,No data,No data,No data,No data,No data,No data,No data,No data,No data
34269,No data,No data,No data,No data,No data,No data,No data,No data,No data,No data
34290,No data,No data,No data,No data,No data,No data,No data,No data,No data,No data
34302,No data,No data,No data,No data,No data,No data,No data,No data,No data,No data
34313,No data,No data,No data,No data,No data,No data,No data,No data,No data,No data
34315,No data,No data,No data,No data,No data,No data,No data,No data,No data,No data
34318,No data,No data,No data,No data,No data,No data,No data,No data,No data,No data
34322,No data,No data,No data,No data,No data,No data,No data,No data,No data,No data
34325,No data,No data,No data,No data,No data,No data,No data,No data,No data,No data
34331,No data,No data,No data,No data,No data,No data,No data,No data,No data,No data
34332,No data,No data,No data,No data,No data,No data,No data,No data,No data,No data
34333,No data,No data,No data,No data,No data,No data,No data,No data,No data,No data
34334,No data,No data,No data,No data,No data,No data,No data,No data,No data,No data
34338,No data,No data,No data,No data,No data,No data,No data,No data,No data,No data
34343,No data,No data,No data,No data,No data,No data,No data,No data,No data,No data
34346,No data,No data,No data,No data,No data,No data,No data,No data,No data,No data
34349,No data,No data,No data,No data,No data,No data,No data,No data,No data,No data
34359,No data,No data,No data,No data,No data,No data,No data,No data,No data,No data
34365,No data,No data,No data,No data,No data,No data,No data,No data,No data,No data
34366,No data,No data,No data,No data,No data,No data,No data,No data,No data,No data
34367,No data,No data,No data,No data,No data,No data,No data,No data,No data,No data
34368,No data,No data,No data,No data,No data,No data,No data,No data,No data,No data
34369,No data,No data,No data,No data,No data,No data,No data,No data,No data,No data
34370,No data,No data,No data,No data,No data,No data,No data,No data,No data,No data
34371,No data,No data,No data,No data,No data,No data,No data,No data,No data,No data
34373,No data,No data,No data,No data,No data,No data,No data,No data,No data,No data
34374,No data,No data,No data,No data,No data,No data,No data,No data,No data,No data
34375,No data,No data,No data,No data,No data,No data,No data,No data,No data,No data
34430,No data,No data,No data,No data,No data,No data,No data,No data,No data,No data
34431,No data,No data,No data,No data,No data,No data,No data,No data,No data,No data
34440,No data,No data,No data,No data,No data,No data,No data,No data,No data,No data
34451,No data,No data,No data,No data,No data,No data,No data,No data,No data,No data
34492,No data,No data,No data,No data,No data,No data,No data,No data,No data,No data
34539,No data,No data,No data,No data,No data,No data,No data,No data,No data,No data
34540,No data,No data,No data,No data,No data,No data,No data,No data,No data,No data
34541,No data,No data,No data,No data,No data,No data,No data,No data,No data,No data
34542,No data,No data,No data,No data,No data,No data,No data,No data,No data,No data
34552,No data,No data,No data,No data,No data,No data,No data,No data,No data,No data
34553,No data,No data,No data,No data,No data,No data,No data,No data,No data,No data
34554,No data,No data,No data,No data,No data,No data,No data,No data,No data,No data
34555,No data,No data,No data,No data,No data,No data,No data,No data,No data,No data
34556,No data,No data,No data,No data,No data,No data,No data,No data,No data,No data
34590,No data,No data,No data,No data,No data,No data,No data,No data,No data,No data
34600,No data,No data,No data,No data,No data,No data,No data,No data,No data,No data
34601,No data,No data,No data,No data,No data,No data,No data,No data,No data,No data
34602,No data,No data,No data,No data,No data,No data,No data,No data,No data,No data
34603,No data,No data,No data,No data,No data,No data,No data,No data,No data,No data
34620,No data,No data,No data,No data,No data,No data,No data,No data,No data,No data
34621,No data,No data,No data,No data,No data,No data,No data,No data,No data,No data
34630,No data,No data,No data,No data,No data,No data,No data,No data,No data,No data
34636,No data,No data,No data,No data,No data,No data,No data,No data,No data,No data
34652,No data,No data,No data,No data,No data,No data,No data,No data,No data,No data
34653,No data,No data,No data,No data,No data,No data,No data,No data,No data,No data
34654,No data,No data,No data,No data,No data,No data,No data,No data,No data,No data
34655,No data,No data,No data,No data,No data,No data,No data,No data,No data,No data
34656,No data,No data,No data,No data,No data,No data,No data,No data,No data,No data
34657,No data,No data,No data,No data,No data,No data,No data,No data,No data,No data
34658,No data,No data,No data,No data,No data,No data,No data,No data,No data,No data
34659,No data,No data,No data,No data,No data,No data,No data,No data,No data,No data
34690,No data,No data,No data,No data,No data,No data,No data,No data,No data,No data
34692,No data,No data,No data,No data,No data,No data,No data,No data,No data,No data
34720,No data,No data,No data,No data,No data,No data,No data,No data,No data,No data
34721,No data,No data,No data,No data,No data,No data,No data,No data,No data,No data
34722,No data,No data,No data,No data,No data,No data,No data,No data,No data,No data
34723,No data,No data,No data,No data,No data,No data,No data,No data,No data,No data
34724,No data,No data,No data,No data,No data,No data,No data,No data,No data,No data
34745,No data,No data,No data,No data,No data,No data,No data,No data,No data,No data
34746,No data,No data,No data,No data,No data,No data,No data,No data,No data,No data
34748,No data,No data,No data,No data,No data,No data,No data,No data,No data,No data
34752,No data,No data,No data,No data,No data,No data,No data,No data,No data,No data
34753,No data,No data,No data,No data,No data,No data,No data,No data,No data,No data
34755,No data,No data,No data,No data,No data,No data,No data,No data,No data,No data
34757,No data,No data,No data,No data,No data,No data,No data,No data,No data,No data
34759,No data,No data,No data,No data,No data,No data,No data,No data,No data,No data
34760,No data,No data,No data,No data,No data,No data,No data,No data,No data,No data
34763,No data,No data,No data,No data,No data,No data,No data,No data,No data,No data
34764,No data,No data,No data,No data,No data,No data,No data,No data,No data,No data
34765,No data,No data,No data,No data,No data,No data,No data,No data,No data,No data
34766,No data,No data,No data,No data,No data,No data,No data,No data,No data,No data
34791,No data,No data,No data,No data,No data,No data,No data,No data,No data,No data
34792,No data,No data,No data,No data,No data,No data,No data,No data,No data,No data
34840,No data,No data,No data,No data,No data,No data,No data,No data,No data,No data
34844,No data,No data,No data,No data,No data,No data,No data,No data,No data,No data
34846,No data,No data,No data,No data,No data,No data,No data,No data,No data,No data
34848,No data,No data,No data,No data,No data,No data,No data,No data,No data,No data
34850,No data,No data,No data,No data,No data,No data,No data,No data,No data,No data
34860,No data,No data,No data,No data,No data,No data,No data,No data,No data,No data
34865,No data,No data,No data,No data,No data,No data,No data,No data,No data,No data
34867,No data,No data,No data,No data,No data,No data,No data,No data,No data,No data
34870,No data,No data,No data,No data,No data,No data,No data,No data,No data,No data
34871,No data,No data,No data,No data,No data,No data,No data,No data,No data,No data
34880,No data,No data,No data,No data,No data,No data,No data,No data,No data,No data
34895,No data,No data,No data,No data,No data,No data,No data,No data,No data,No data
38001,No data,No data,No data,No data,No data,No data,No data,No data,No data,No data
38102,No data,No data,No data,No data,No data,No data,No data,No data,No data,No data
38103,No data,No data,No data,No data,No data,No data,No data,No data,No data,No data
38104,No data,No data,No data,No data,No data,No data,No data,No data,No data,No data
38106,No data,No data,No data,No data,No data,No data,No data,No data,No data,No data
38108,No data,No data,No data,No data,No data,No data,No data,No data,No data,No data
38109,No data,No data,No data,No data,No data,No data,No data,No data,No data,No data
38110,No data,No data,No data,No data,No data,No data,No data,No data,No data,No data
38111,No data,No data,No data,No data,No data,No data,No data,No data,No data,No data
38112,No data,No data,No data,No data,No data,No data,No data,No data,No data,No data
38113,No data,No data,No data,No data,No data,No data,No data,No data,No data,No data
38201,No data,No data,No data,No data,No data,No data,No data,No data,No data,No data
38202,No data,No data,No data,No data,No data,No data,No data,No data,No data,No data
38203,No data,No data,No data,No data,No data,No data,No data,No data,No data,No data
38204,No data,No data,No data,No data,No data,No data,No data,No data,No data,No data
38301,No data,No data,No data,No data,No data,No data,No data,No data,No data,No data
38302,No data,No data,No data,No data,No data,No data,No data,No data,No data,No data
38311,No data,No data,No data,No data,No data,No data,No data,No data,No data,No data
38312,No data,No data,No data,No data,No data,No data,No data,No data,No data,No data
38400,No data,No data,No data,No data,No data,No data,No data,No data,No data,No data
38401,No data,No data,No data,No data,No data,No data,No data,No data,No data,No data
38402,No data,No data,No data,No data,No data,No data,No data,No data,No data,No data
38403,No data,No data,No data,No data,No data,No data,No data,No data,No data,No data
38404,No data,No data,No data,No data,No data,No data,No data,No data,No data,No data
38405,No data,No data,No data,No data,No data,No data,No data,No data,No data,No data
38799,No data,No data,No data,No data,No data,No data,No data,No data,No data,No data
41000,No data,No data,No data,No data,No data,No data,No data,No data,No data,No data
41011,No data,No data,No data,No data,No data,No data,No data,No data,No data,No data
41012,No data,No data,No data,No data,No data,No data,No data,No data,No data,No data
41013,No data,No data,No data,No data,No data,No data,No data,No data,No data,No data
41020,No data,No data,No data,No data,No data,No data,No data,No data,No data,No data
41028,No data,No data,No data,No data,No data,No data,No data,No data,No data,No data
41029,No data,No data,No data,No data,No data,No data,No data,No data,No data,No data
41031,No data,No data,No data,No data,No data,No data,No data,No data,No data,No data
41045,No data,No data,No data,No data,No data,No data,No data,No data,No data,No data
41046,No data,No data,No data,No data,No data,No data,No data,No data,No data,No data
41051,No data,No data,No data,No data,No data,No data,No data,No data,No data,No data
41073,No data,No data,No data,No data,No data,No data,No data,No data,No data,No data
41083,No data,No data,No data,No data,No data,No data,No data,No data,No data,No data
41084,No data,No data,No data,No data,No data,No data,No data,No data,No data,No data
41102,No data,No data,No data,No data,No data,No data,No data,No data,No data,No data
41107,No data,No data,No data,No data,No data,No data,No data,No data,No data,No data
41111,No data,No data,No data,No data,No data,No data,No data,No data,No data,No data
41112,No data,No data,No data,No data,No data,No data,No data,No data,No data,No data
41113,No data,No data,No data,No data,No data,No data,No data,No data,No data,No data
41117,No data,No data,No data,No data,No data,No data,No data,No data,No data,No data
41126,No data,No data,No data,No data,No data,No data,No data,No data,No data,No data
41129,No data,No data,No data,No data,No data,No data,No data,No data,No data,No data
41201,No data,No data,No data,No data,No data,No data,No data,No data,No data,No data
41204,No data,No data,No data,No data,No data,No data,No data,No data,No data,No data
41216,No data,No data,No data,No data,No data,No data,No data,No data,No data,No data
41222,No data,No data,No data,No data,No data,No data,No data,No data,No data,No data
41226,No data,No data,No data,No data,No data,No data,No data,No data,No data,No data
41236,No data,No data,No data,No data,No data,No data,No data,No data,No data,No data
41237,No data,No data,No data,No data,No data,No data,No data,No data,No data,No data
41239,No data,No data,No data,No data,No data,No data,No data,No data,No data,No data
41263,No data,No data,No data,No data,No data,No data,No data,No data,No data,No data
41264,No data,No data,No data,No data,No data,No data,No data,No data,No data,No data
41270,No data,No data,No data,No data,No data,No data,No data,No data,No data,No data
41271,No data,No data,No data,No data,No data,No data,No data,No data,No data,No data
41275,No data,No data,No data,No data,No data,No data,No data,No data,No data,No data
41280,No data,No data,No data,No data,No data,No data,No data,No data,No data,No data
41292,No data,No data,No data,No data,No data,No data,No data,No data,No data,No data
41312,No data,No data,No data,No data,No data,No data,No data,No data,No data,No data
41315,No data,No data,No data,No data,No data,No data,No data,No data,No data,No data
41316,No data,No data,No data,No data,No data,No data,No data,No data,No data,No data
41317,No data,No data,No data,No data,No data,No data,No data,No data,No data,No data
41320,No data,No data,No data,No data,No data,No data,No data,No data,No data,No data
41321,No data,No data,No data,No data,No data,No data,No data,No data,No data,No data
41341,No data,No data,No data,No data,No data,No data,No data,No data,No data,No data
41342,No data,No data,No data,No data,No data,No data,No data,No data,No data,No data
41343,No data,No data,No data,No data,No data,No data,No data,No data,No data,No data
41346,No data,No data,No data,No data,No data,No data,No data,No data,No data,No data
41348,No data,No data,No data,No data,No data,No data,No data,No data,No data,No data
41349,No data,No data,No data,No data,No data,No data,No data,No data,No data,No data
41391,No data,No data,No data,No data,No data,No data,No data,No data,No data,No data
41392,No data,No data,No data,No data,No data,No data,No data,No data,No data,No data
41401,No data,No data,No data,No data,No data,No data,No data,No data,No data,No data
41402,No data,No data,No data,No data,No data,No data,No data,No data,No data,No data
41416,No data,No data,No data,No data,No data,No data,No data,No data,No data,No data
41417,No data,No data,No data,No data,No data,No data,No data,No data,No data,No data
41418,No data,No data,No data,No data,No data,No data,No data,No data,No data,No data
41419,No data,No data,No data,No data,No data,No data,No data,No data,No data,No data
41420,No data,No data,No data,No data,No data,No data,No data,No data,No data,No data
41451,No data,No data,No data,No data,No data,No data,No data,No data,No data,No data
41452,No data,No data,No data,No data,No data,No data,No data,No data,No data,No data
41458,No data,No data,No data,No data,No data,No data,No data,No data,No data,No data
41459,No data,No data,No data,No data,No data,No data,No data,No data,No data,No data
41461,No data,No data,No data,No data,No data,No data,No data,No data,No data,No data
41462,No data,No data,No data,No data,No data,No data,No data,No data,No data,No data
41463,No data,No data,No data,No data,No data,No data,No data,No data,No data,No data
41464,No data,No data,No data,No data,No data,No data,No data,No data,No data,No data
41465,No data,No data,No data,No data,No data,No data,No data,No data,No data,No data
41466,No data,No data,No data,No data,No data,No data,No data,No data,No data,No data
41468,No data,No data,No data,No data,No data,No data,No data,No data,No data,No data
41469,No data,No data,No data,No data,No data,No data,No data,No data,No data,No data
41490,No data,No data,No data,No data,No data,No data,No data,No data,No data,No data
41491,No data,No data,No data,No data,No data,No data,No data,No data,No data,No data
41501,No data,No data,No data,No data,No data,No data,No data,No data,No data,No data
41502,No data,No data,No data,No data,No data,No data,No data,No data,No data,No data
41511,No data,No data,No data,No data,No data,No data,No data,No data,No data,No data
41512,No data,No data,No data,No data,No data,No data,No data,No data,No data,No data
41514,No data,No data,No data,No data,No data,No data,No data,No data,No data,No data
41515,No data,No data,No data,No data,No data,No data,No data,No data,No data,No data
41516,No data,No data,No data,No data,No data,No data,No data,No data,No data,No data
41518,No data,No data,No data,No data,No data,No data,No data,No data,No data,No data
41522,No data,No data,No data,No data,No data,No data,No data,No data,No data,No data
41524,No data,No data,No data,No data,No data,No data,No data,No data,No data,No data
41525,No data,No data,No data,No data,No data,No data,No data,No data,No data,No data
41526,No data,No data,No data,No data,No data,No data,No data,No data,No data,No data
41528,No data,No data,No data,No data,No data,No data,No data,No data,No data,No data
41533,No data,No data,No data,No data,No data,No data,No data,No data,No data,No data
41534,No data,No data,No data,No data,No data,No data,No data,No data,No data,No data
41561,No data,No data,No data,No data,No data,No data,No data,No data,No data,No data
41563,No data,No data,No data,No data,No data,No data,No data,No data,No data,No data
41564,No data,No data,No data,No data,No data,No data,No data,No data,No data,No data
41591,No data,No data,No data,No data,No data,No data,No data,No data,No data,No data
41603,No data,No data,No data,No data,No data,No data,No data,No data,No data,No data
41612,No data,No data,No data,No data,No data,No data,No data,No data,No data,No data
41615,No data,No data,No data,No data,No data,No data,No data,No data,No data,No data
41619,No data,No data,No data,No data,No data,No data,No data,No data,No data,No data
41635,No data,No data,No data,No data,No data,No data,No data,No data,No data,No data
41636,No data,No data,No data,No data,No data,No data,No data,No data,No data,No data
41637,No data,No data,No data,No data,No data,No data,No data,No data,No data,No data
41638,No data,No data,No data,No data,No data,No data,No data,No data,No data,No data
41639,No data,No data,No data,No data,No data,No data,No data,No data,No data,No data
41651,No data,No data,No data,No data,No data,No data,No data,No data,No data,No data
41653,No data,No data,No data,No data,No data,No data,No data,No data,No data,No data
41656,No data,No data,No data,No data,No data,No data,No data,No data,No data,No data
41658,No data,No data,No data,No data,No data,No data,No data,No data,No data,No data
41659,No data,No data,No data,No data,No data,No data,No data,No data,No data,No data
41661,No data,No data,No data,No data,No data,No data,No data,No data,No data,No data
41662,No data,No data,No data,No data,No data,No data,No data,No data,No data,No data
41667,No data,No data,No data,No data,No data,No data,No data,No data,No data,No data
41669,No data,No data,No data,No data,No data,No data,No data,No data,No data,No data
41680,No data,No data,No data,No data,No data,No data,No data,No data,No data,No data
41684,No data,No data,No data,No data,No data,No data,No data,No data,No data,No data
41685,No data,No data,No data,No data,No data,No data,No data,No data,No data,No data
41686,No data,No data,No data,No data,No data,No data,No data,No data,No data,No data
41689,No data,No data,No data,No data,No data,No data,No data,No data,No data,No data
41690,No data,No data,No data,No data,No data,No data,No data,No data,No data,No data
41691,No data,No data,No data,No data,No data,No data,No data,No data,No data,No data
41714,No data,No data,No data,No data,No data,No data,No data,No data,No data,No data
41733,No data,No data,No data,No data,No data,No data,No data,No data,No data,No data
41734,No data,No data,No data,No data,No data,No data,No data,No data,No data,No data
41735,No data,No data,No data,No data,No data,No data,No data,No data,No data,No data
41737,No data,No data,No data,No data,No data,No data,No data,No data,No data,No data
41739,No data,No data,No data,No data,No data,No data,No data,No data,No data,No data
41740,No data,No data,No data,No data,No data,No data,No data,No data,No data,No data
41743,No data,No data,No data,No data,No data,No data,No data,No data,No data,No data
41747,No data,No data,No data,No data,No data,No data,No data,No data,No data,No data
41749,No data,No data,No data,No data,No data,No data,No data,No data,No data,No data
41750,No data,No data,No data,No data,No data,No data,No data,No data,No data,No data
41751,No data,No data,No data,No data,No data,No data,No data,No data,No data,No data
41784,No data,No data,No data,No data,No data,No data,No data,No data,No data,No data
41787,No data,No data,No data,No data,No data,No data,No data,No data,No data,No data
41789,No data,No data,No data,No data,No data,No data,No data,No data,No data,No data
41792,No data,No data,No data,No data,No data,No data,No data,No data,No data,No data
41793,No data,No data,No data,No data,No data,No data,No data,No data,No data,No data
41801,No data,No data,No data,No data,No data,No data,No data,No data,No data,No data
41808,No data,No data,No data,No data,No data,No data,No data,No data,No data,No data
41813,No data,No data,No data,No data,No data,No data,No data,No data,No data,No data
41814,No data,No data,No data,No data,No data,No data,No data,No data,No data,No data
41815,No data,No data,No data,No data,No data,No data,No data,No data,No data,No data
41822,No data,No data,No data,No data,No data,No data,No data,No data,No data,No data
41832,No data,No data,No data,No data,No data,No data,No data,No data,No data,No data
41833,No data,No data,No data,No data,No data,No data,No data,No data,No data,No data
41860,No data,No data,No data,No data,No data,No data,No data,No data,No data,No data
41861,No data,No data,No data,No data,No data,No data,No data,No data,No data,No data
41862,No data,No data,No data,No data,No data,No data,No data,No data,No data,No data
41863,No data,No data,No data,No data,No data,No data,No data,No data,No data,No data
41864,No data,No data,No data,No data,No data,No data,No data,No data,No data,No data
41871,No data,No data,No data,No data,No data,No data,No data,No data,No data,No data
41872,No data,No data,No data,No data,No data,No data,No data,No data,No data,No data
41873,No data,No data,No data,No data,No data,No data,No data,No data,No data,No data
41874,No data,No data,No data,No data,No data,No data,No data,No data,No data,No data
41876,No data,No data,No data,No data,No data,No data,No data,No data,No data,No data
41881,No data,No data,No data,No data,No data,No data,No data,No data,No data,No data
41882,No data,No data,No data,No data,No data,No data,No data,No data,No data,No data
41903,No data,No data,No data,No data,No data,No data,No data,No data,No data,No data
41905,No data,No data,No data,No data,No data,No data,No data,No data,No data,No data
41906,No data,No data,No data,No data,No data,No data,No data,No data,No data,No data
41911,No data,No data,No data,No data,No data,No data,No data,No data,No data,No data
41919,No data,No data,No data,No data,No data,No data,No data,No data,No data,No data
41925,No data,No data,No data,No data,No data,No data,No data,No data,No data,No data
41927,No data,No data,No data,No data,No data,No data,No data,No data,No data,No data
41928,No data,No data,No data,No data,No data,No data,No data,No data,No data,No data
41929,No data,No data,No data,No data,No data,No data,No data,No data,No data,No data
41931,No data,No data,No data,No data,No data,No data,No data,No data,No data,No data
41932,No data,No data,No data,No data,No data,No data,No data,No data,No data,No data
41933,No data,No data,No data,No data,No data,No data,No data,No data,No data,No data
41934,No data,No data,No data,No data,No data,No data,No data,No data,No data,No data
41935,No data,No data,No data,No data,No data,No data,No data,No data,No data,No data
41936,No data,No data,No data,No data,No data,No data,No data,No data,No data,No data
41937,No data,No data,No data,No data,No data,No data,No data,No data,No data,No data
41938,No data,No data,No data,No data,No data,No data,No data,No data,No data,No data
41940,No data,No data,No data,No data,No data,No data,No data,No data,No data,No data
41941,No data,No data,No data,No data,No data,No data,No data,No data,No data,No data
41942,No data,No data,No data,No data,No data,No data,No data,No data,No data,No data
41943,No data,No data,No data,No data,No data,No data,No data,No data,No data,No data
41944,No data,No data,No data,No data,No data,No data,No data,No data,No data,No data
41945,No data,No data,No data,No data,No data,No data,No data,No data,No data,No data
41946,No data,No data,No data,No data,No data,No data,No data,No data,No data,No data
41947,No data,No data,No data,No data,No data,No data,No data,No data,No data,No data
41948,No data,No data,No data,No data,No data,No data,No data,No data,No data,No data
41950,No data,No data,No data,No data,No data,No data,No data,No data,No data,No data
41953,No data,No data,No data,No data,No data,No data,No data,No data,No data,No data
41954,No data,No data,No data,No data,No data,No data,No data,No data,No data,No data
41955,No data,No data,No data,No data,No data,No data,No data,No data,No data,No data
41956,No data,No data,No data,No data,No data,No data,No data,No data,No data,No data
41957,No data,No data,No data,No data,No data,No data,No data,No data,No data,No data
41959,No data,No data,No data,No data,No data,No data,No data,No data,No data,No data
41961,No data,No data,No data,No data,No data,No data,No data,No data,No data,No data
41963,No data,No data,No data,No data,No data,No data,No data,No data,No data,No data
41967,No data,No data,No data,No data,No data,No data,No data,No data,No data,No data
41968,No data,No data,No data,No data,No data,No data,No data,No data,No data,No data
41969,No data,No data,No data,No data,No data,No data,No data,No data,No data,No data
41970,No data,No data,No data,No data,No data,No data,No data,No data,No data,No data
41972,No data,No data,No data,No data,No data,No data,No data,No data,No data,No data
41991,No data,No data,No data,No data,No data,No data,No data,No data,No data,No data
41992,No data,No data,No data,No data,No data,No data,No data,No data,No data,No data
41B02,No data,No data,No data,No data,No data,No data,No data,No data,No data,No data
41B04,No data,No data,No data,No data,No data,No data,No data,No data,No data,No data
41B05,No data,No data,No data,No data,No data,No data,No data,No data,No data,No data
41B06,No data,No data,No data,No data,No data,No data,No data,No data,No data,No data
41B12,No data,No data,No data,No data,No data,No data,No data,No data,No data,No data
41B13,No data,No data,No data,No data,No data,No data,No data,No data,No data,No data
41B1A,No data,No data,No data,No data,No data,No data,No data,No data,No data,No data
41B1C,No data,No data,No data,No data,No data,No data,No data,No data,No data,No data
41B1D,No data,No data,No data,No data,No data,No data,No data,No data,No data,No data
41B24,No data,No data,No data,No data,No data,No data,No data,No data,No data,No data
41B25,No data,No data,No data,No data,No data,No data,No data,No data,No data,No data
41B26,No data,No data,No data,No data,No data,No data,No data,No data,No data,No data
41B28,No data,No data,No data,No data,No data,No data,No data,No data,No data,No data
41B29,No data,No data,No data,No data,No data,No data,No data,No data,No data,No data
41B2B,No data,No data,No data,No data,No data,No data,No data,No data,No data,No data
41B2C,No data,No data,No data,No data,No data,No data,No data,No data,No data,No data
41B3A,No data,No data,No data,No data,No data,No data,No data,No data,No data,No data
41B3B,No data,No data,No data,No data,No data,No data,No data,No data,No data,No data
41B3C,No data,No data,No data,No data,No data,No data,No data,No data,No data,No data
41B4A,No data,No data,No data,No data,No data,No data,No data,No data,No data,No data
41E16,No data,No data,No data,No data,No data,No data,No data,No data,No data,No data
41MIB,No data,No data,No data,No data,No data,No data,No data,No data,No data,No data
42009,No data,No data,No data,No data,No data,No data,No data,No data,No data,No data
42010,No data,No data,No data,No data,No data,No data,No data,No data,No data,No data
42014,No data,No data,No data,No data,No data,No data,No data,No data,No data,No data
42015,No data,No data,No data,No data,No data,No data,No data,No data,No data,No data
42016,No data,No data,No data,No data,No data,No data,No data,No data,No data,No data
42101,No data,No data,No data,No data,No data,No data,No data,No data,No data,No data
42112,No data,No data,No data,No data,No data,No data,No data,No data,No data,No data
42114,No data,No data,No data,No data,No data,No data,No data,No data,No data,No data
42115,No data,No data,No data,No data,No data,No data,No data,No data,No data,No data
42136,No data,No data,No data,No data,No data,No data,No data,No data,No data,No data
42137,No data,No data,No data,No data,No data,No data,No data,No data,No data,No data
42141,No data,No data,No data,No data,No data,No data,No data,No data,No data,No data
42142,No data,No data,No data,No data,No data,No data,No data,No data,No data,No data
42180,No data,No data,No data,No data,No data,No data,No data,No data,No data,No data
42189,No data,No data,No data,No data,No data,No data,No data,No data,No data,No data
42380,No data,No data,No data,No data,No data,No data,No data,No data,No data,No data
42402,No data,No data,No data,No data,No data,No data,No data,No data,No data,No data
42403,No data,No data,No data,No data,No data,No data,No data,No data,No data,No data
42404,No data,No data,No data,No data,No data,No data,No data,No data,No data,No data
42417,No data,No data,No data,No data,No data,No data,No data,No data,No data,No data
42421,No data,No data,No data,No data,No data,No data,No data,No data,No data,No data
42543,No data,No data,No data,No data,No data,No data,No data,No data,No data,No data
42576,No data,No data,No data,No data,No data,No data,No data,No data,No data,No data
42577,No data,No data,No data,No data,No data,No data,No data,No data,No data,No data
42578,No data,No data,No data,No data,No data,No data,No data,No data,No data,No data
42580,No data,No data,No data,No data,No data,No data,No data,No data,No data,No data
42584,No data,No data,No data,No data,No data,No data,No data,No data,No data,No data
42586,No data,No data,No data,No data,No data,No data,No data,No data,No data,No data
42587,No data,No data,No data,No data,No data,No data,No data,No data,No data,No data
42588,No data,No data,No data,No data,No data,No data,No data,No data,No data,No data
42620,No data,No data,No data,No data,No data,No data,No data,No data,No data,No data
42621,No data,No data,No data,No data,No data,No data,No data,No data,No data,No data
42622,No data,No data,No data,No data,No data,No data,No data,No data,No data,No data
42879,No data,No data,No data,No data,No data,No data,No data,No data,No data,No data
42893,No data,No data,No data,No data,No data,No data,No data,No data,No data,No data
42894,No data,No data,No data,No data,No data,No data,No data,No data,No data,No data
42B50,No data,No data,No data,No data,No data,No data,No data,No data,No data,No data
42B54,No data,No data,No data,No data,No data,No data,No data,No data,No data,No data
42B55,No data,No data,No data,No data,No data,No data,No data,No data,No data,No data
42B56,No data,No data,No data,No data,No data,No data,No data,No data,No data,No data
42B61,No data,No data,No data,No data,No data,No data,No data,No data,No data,No data
42B67,No data,No data,No data,No data,No data,No data,No data,No data,No data,No data
42B68,No data,No data,No data,No data,No data,No data,No data,No data,No data,No data
42B71,No data,No data,No data,No data,No data,No data,No data,No data,No data,No data
42B76,No data,No data,No data,No data,No data,No data,No data,No data,No data,No data
42B77,No data,No data,No data,No data,No data,No data,No data,No data,No data,No data
42B86,No data,No data,No data,No data,No data,No data,No data,No data,No data,No data
42B87,No data,No data,No data,No data,No data,No data,No data,No data,No data,No data
42B88,No data,No data,No data,No data,No data,No data,No data,No data,No data,No data
42B92,No data,No data,No data,No data,No data,No data,No data,No data,No data,No data
42B93,No data,No data,No data,No data,No data,No data,No data,No data,No data,No data
42B94,No data,No data,No data,No data,No data,No data,No data,No data,No data,No data
42B95,No data,No data,No data,No data,No data,No data,No data,No data,No data,No data
42MMT,No data,No data,No data,No data,No data,No data,No data,No data,No data,No data
42S11,No data,No data,No data,No data,No data,No data,No data,No data,No data,No data
42S12,No data,No data,No data,No data,No data,No data,No data,No data,No data,No data
42S13,No data,No data,No data,No data,No data,No data,No data,No data,No data,No data
42S14,No data,No data,No data,No data,No data,No data,No data,No data,No data,No data
42S15,No data,No data,No data,No data,No data,No data,No data,No data,No data,No data
42S16,No data,No data,No data,No data,No data,No data,No data,No data,No data,No data
42S17,No data,No data,No data,No data,No data,No data,No data,No data,No data,No data
42S18,No data,No data,No data,No data,No data,No data,No data,No data,No data,No data
42S19,No data,No data,No data,No data,No data,No data,No data,No data,No data,No data
42S20,No data,No data,No data,No data,No data,No data,No data,No data,No data,No data
46000,No data,No data,No data,No data,No data,No data,No data,No data,No data,No data
46015,No data,No data,No data,No data,No data,No data,No data,No data,No data,No data
46020,No data,No data,No data,No data,No data,No data,No data,No data,No data,No data
46025,No data,No data,No data,No data,No data,No data,No data,No data,No data,No data
46030,No data,No data,No data,No data,No data,No data,No data,No data,No data,No data
46035,No data,No data,No data,No data,No data,No data,No data,No data,No data,No data
46040,No data,No data,No data,No data,No data,No data,No data,No data,No data,No data
46045,No data,No data,No data,No data,No data,No data,No data,No data,No data,No data
46050,No data,No data,No data,No data,No data,No data,No data,No data,No data,No data
46055,No data,No data,No data,No data,No data,No data,No data,No data,No data,No data
46060,No data,No data,No data,No data,No data,No data,No data,No data,No data,No data
46100,No data,No data,No data,No data,No data,No data,No data,No data,No data,No data
46110,No data,No data,No data,No data,No data,No data,No data,No data,No data,No data
46115,No data,No data,No data,No data,No data,No data,No data,No data,No data,No data
46120,No data,No data,No data,No data,No data,No data,No data,No data,No data,No data
46200,No data,No data,No data,No data,No data,No data,No data,No data,No data,No data
46205,No data,No data,No data,No data,No data,No data,No data,No data,No data,No data
46211,No data,No data,No data,No data,No data,No data,No data,No data,No data,No data
46215,No data,No data,No data,No data,No data,No data,No data,No data,No data,No data
46220,No data,No data,No data,No data,No data,No data,No data,No data,No data,No data
46230,No data,No data,No data,No data,No data,No data,No data,No data,No data,No data
46300,No data,No data,No data,No data,No data,No data,No data,No data,No data,No data
46310,No data,No data,No data,No data,No data,No data,No data,No data,No data,No data
46320,No data,No data,No data,No data,No data,No data,No data,No data,No data,No data
46400,No data,No data,No data,No data,No data,No data,No data,No data,No data,No data
46411,No data,No data,No data,No data,No data,No data,No data,No data,No data,No data
46415,No data,No data,No data,No data,No data,No data,No data,No data,No data,No data
46420,No data,No data,No data,No data,No data,No data,No data,No data,No data,No data
46440,No data,No data,No data,No data,No data,No data,No data,No data,No data,No data
46500,No data,No data,No data,No data,No data,No data,No data,No data,No data,No data
46550,No data,No data,No data,No data,No data,No data,No data,No data,No data,No data
46600,No data,No data,No data,No data,No data,No data,No data,No data,No data,No data
46610,No data,No data,No data,No data,No data,No data,No data,No data,No data,No data
46700,No data,No data,No data,No data,No data,No data,No data,No data,No data,No data
46705,No data,No data,No data,No data,No data,No data,No data,No data,No data,No data
46711,No data,No data,No data,No data,No data,No data,No data,No data,No data,No data
46715,No data,No data,No data,No data,No data,No data,No data,No data,No data,No data
46720,No data,No data,No data,No data,No data,No data,No data,No data,No data,No data
46725,No data,No data,No data,No data,No data,No data,No data,No data,No data,No data
46735,No data,No data,No data,No data,No data,No data,No data,No data,No data,No data
46740,No data,No data,No data,No data,No data,No data,No data,No data,No data,No data
46745,No data,No data,No data,No data,No data,No data,No data,No data,No data,No data
46750,No data,No data,No data,No data,No data,No data,No data,No data,No data,No data
46755,No data,No data,No data,No data,No data,No data,No data,No data,No data,No data
46765,No data,No data,No data,No data,No data,No data,No data,No data,No data,No data
46770,No data,No data,No data,No data,No data,No data,No data,No data,No data,No data
46775,No data,No data,No data,No data,No data,No data,No data,No data,No data,No data
46795,No data,No data,No data,No data,No data,No data,No data,No data,No data,No data
46797,No data,No data,No data,No data,No data,No data,No data,No data,No data,No data
46800,No data,No data,No data,No data,No data,No data,No data,No data,No data,No data
46805,No data,No data,No data,No data,No data,No data,No data,No data,No data,No data
46901,No data,No data,No data,No data,No data,No data,No data,No data,No data,No data
46910,No data,No data,No data,No data,No data,No data,No data,No data,No data,No data
46920,No data,No data,No data,No data,No data,No data,No data,No data,No data,No data
46930,No data,No data,No data,No data,No data,No data,No data,No data,No data,No data
46940,No data,No data,No data,No data,No data,No data,No data,No data,No data,No data
46950,No data,No data,No data,No data,No data,No data,No data,No data,No data,No data
46W11,No data,No data,No data,No data,No data,No data,No data,No data,No data,No data
46W14,No data,No data,No data,No data,No data,No data,No data,No data,No data,No data
46W17,No data,No data,No data,No data,No data,No data,No data,No data,No data,No data
46W21,No data,No data,No data,No data,No data,No data,No data,No data,No data,No data
46W24,No data,No data,No data,No data,No data,No data,No data,No data,No data,No data
46W27,No data,No data,No data,No data,No data,No data,No data,No data,No data,No data
46W31,No data,No data,No data,No data,No data,No data,No data,No data,No data,No data
46W34,No data,No data,No data,No data,No data,No data,No data,No data,No data,No data
46W37,No data,No data,No data,No data,No data,No data,No data,No data,No data,No data
46W38,No data,No data,No data,No data,No data,No data,No data,No data,No data,No data
46W43,No data,No data,No data,No data,No data,No data,No data,No data,No data,No data
46W44,No data,No data,No data,No data,No data,No data,No data,No data,No data,No data
46W47,No data,No data,No data,No data,No data,No data,No data,No data,No data,No data
47201,No data,No data,No data,No data,No data,No data,No data,No data,No data,No data
47202,No data,No data,No data,No data,No data,No data,No data,No data,No data,No data
47203,No data,No data,No data,No data,No data,No data,No data,No data,No data,No data
47205,No data,No data,No data,No data,No data,No data,No data,No data,No data,No data
47209,No data,No data,No data,No data,No data,No data,No data,No data,No data,No data
47211,No data,No data,No data,No data,No data,No data,No data,No data,No data,No data
47212,No data,No data,No data,No data,No data,No data,No data,No data,No data,No data
47213,No data,No data,No data,No data,No data,No data,No data,No data,No data,No data
47214,No data,No data,No data,No data,No data,No data,No data,No data,No data,No data
47215,No data,No data,No data,No data,No data,No data,No data,No data,No data,No data
47216,No data,No data,No data,No data,No data,No data,No data,No data,No data,No data
47217,No data,No data,No data,No data,No data,No data,No data,No data,No data,No data
47218,No data,No data,No data,No data,No data,No data,No data,No data,No data,No data
47301,No data,No data,No data,No data,No data,No data,No data,No data,No data,No data
47302,No data,No data,No data,No data,No data,No data,No data,No data,No data,No data
47304,No data,No data,No data,No data,No data,No data,No data,No data,No data,No data
47305,No data,No data,No data,No data,No data,No data,No data,No data,No data,No data
47310,No data,No data,No data,No data,No data,No data,No data,No data,No data,No data
47317,No data,No data,No data,No data,No data,No data,No data,No data,No data,No data
47319,No data,No data,No data,No data,No data,No data,No data,No data,No data,No data
47330,No data,No data,No data,No data,No data,No data,No data,No data,No data,No data
47332,No data,No data,No data,No data,No data,No data,No data,No data,No data,No data
47333,No data,No data,No data,No data,No data,No data,No data,No data,No data,No data
47334,No data,No data,No data,No data,No data,No data,No data,No data,No data,No data
47335,No data,No data,No data,No data,No data,No data,No data,No data,No data,No data
47336,No data,No data,No data,No data,No data,No data,No data,No data,No data,No data
47338,No data,No data,No data,No data,No data,No data,No data,No data,No data,No data
47339,No data,No data,No data,No data,No data,No data,No data,No data,No data,No data
47341,No data,No data,No data,No data,No data,No data,No data,No data,No data,No data
47342,No data,No data,No data,No data,No data,No data,No data,No data,No data,No data
47507,No data,No data,No data,No data,No data,No data,No data,No data,No data,No data
47508,No data,No data,No data,No data,No data,No data,No data,No data,No data,No data
47509,No data,No data,No data,No data,No data,No data,No data,No data,No data,No data
47514,No data,No data,No data,No data,No data,No data,No data,No data,No data,No data
47517,No data,No data,No data,No data,No data,No data,No data,No data,No data,No data
47519,No data,No data,No data,No data,No data,No data,No data,No data,No data,No data
47520,No data,No data,No data,No data,No data,No data,No data,No data,No data,No data
47521,No data,No data,No data,No data,No data,No data,No data,No data,No data,No data
47522,No data,No data,No data,No data,No data,No data,No data,No data,No data,No data
47523,No data,No data,No data,No data,No data,No data,No data,No data,No data,No data
47525,No data,No data,No data,No data,No data,No data,No data,No data,No data,No data
47527,No data,No data,No data,No data,No data,No data,No data,No data,No data,No data
47528,No data,No data,No data,No data,No data,No data,No data,No data,No data,No data
56868,No data,No data,No data,No data,No data,No data,No data,No data,No data,No data
62000,No data,No data,No data,No data,No data,No data,No data,No data,No data,No data
62001,No data,No data,No data,No data,No data,No data,No data,No data,No data,No data
62008,No data,No data,No data,No data,No data,No data,No data,No data,No data,No data
62010,No data,No data,No data,No data,No data,No data,No data,No data,No data,No data
62014,No data,No data,No data,No data,No data,No data,No data,No data,No data,No data
62019,No data,No data,No data,No data,No data,No data,No data,No data,No data,No data
62024,No data,No data,No data,No data,No data,No data,No data,No data,No data,No data
62030,No data,No data,No data,No data,No data,No data,No data,No data,No data,No data
62033,No data,No data,No data,No data,No data,No data,No data,No data,No data,No data
62039,No data,No data,No data,No data,No data,No data,No data,No data,No data,No data
62041,No data,No data,No data,No data,No data,No data,No data,No data,No data,No data
62048,No data,No data,No data,No data,No data,No data,No data,No data,No data,No data
62054,No data,No data,No data,No data,No data,No data,No data,No data,No data,No data
62074,No data,No data,No data,No data,No data,No data,No data,No data,No data,No data
62079,No data,No data,No data,No data,No data,No data,No data,No data,No data,No data
62090,No data,No data,No data,No data,No data,No data,No data,No data,No data,No data
62096,No data,No data,No data,No data,No data,No data,No data,No data,No data,No data
62101,No data,No data,No data,No data,No data,No data,No data,No data,No data,No data
62104,No data,No data,No data,No data,No data,No data,No data,No data,No data,No data
62106,No data,No data,No data,No data,No data,No data,No data,No data,No data,No data
62108,No data,No data,No data,No data,No data,No data,No data,No data,No data,No data
62112,No data,No data,No data,No data,No data,No data,No data,No data,No data,No data
62117,No data,No data,No data,No data,No data,No data,No data,No data,No data,No data
62120,No data,No data,No data,No data,No data,No data,No data,No data,No data,No data
62123,No data,No data,No data,No data,No data,No data,No data,No data,No data,No data
62126,No data,No data,No data,No data,No data,No data,No data,No data,No data,No data
62127,No data,No data,No data,No data,No data,No data,No data,No data,No data,No data
62128,No data,No data,No data,No data,No data,No data,No data,No data,No data,No data
62129,No data,No data,No data,No data,No data,No data,No data,No data,No data,No data
62130,No data,No data,No data,No data,No data,No data,No data,No data,No data,No data
62133,No data,No data,No data,No data,No data,No data,No data,No data,No data,No data
62134,No data,No data,No data,No data,No data,No data,No data,No data,No data,No data
62139,No data,No data,No data,No data,No data,No data,No data,No data,No data,No data
62142,No data,No data,No data,No data,No data,No data,No data,No data,No data,No data
62143,No data,No data,No data,No data,No data,No data,No data,No data,No data,No data
62150,No data,No data,No data,No data,No data,No data,No data,No data,No data,No data
62151,No data,No data,No data,No data,No data,No data,No data,No data,No data,No data
62174,No data,No data,No data,No data,No data,No data,No data,No data,No data,No data
62177,No data,No data,No data,No data,No data,No data,No data,No data,No data,No data
62191,No data,No data,No data,No data,No data,No data,No data,No data,No data,No data
62198,No data,No data,No data,No data,No data,No data,No data,No data,No data,No data
62199,No data,No data,No data,No data,No data,No data,No data,No data,No data,No data
62200,No data,No data,No data,No data,No data,No data,No data,No data,No data,No data
62207,No data,No data,No data,No data,No data,No data,No data,No data,No data,No data
62210,No data,No data,No data,No data,No data,No data,No data,No data,No data,No data
62211,No data,No data,No data,No data,No data,No data,No data,No data,No data,No data
62218,No data,No data,No data,No data,No data,No data,No data,No data,No data,No data
62222,No data,No data,No data,No data,No data,No data,No data,No data,No data,No data
62223,No data,No data,No data,No data,No data,No data,No data,No data,No data,No data
62226,No data,No data,No data,No data,No data,No data,No data,No data,No data,No data
62231,No data,No data,No data,No data,No data,No data,No data,No data,No data,No data
62233,No data,No data,No data,No data,No data,No data,No data,No data,No data,No data
62235,No data,No data,No data,No data,No data,No data,No data,No data,No data,No data
62237,No data,No data,No data,No data,No data,No data,No data,No data,No data,No data
62243,No data,No data,No data,No data,No data,No data,No data,No data,No data,No data
62249,No data,No data,No data,No data,No data,No data,No data,No data,No data,No data
62261,No data,No data,No data,No data,No data,No data,No data,No data,No data,No data
62263,No data,No data,No data,No data,No data,No data,No data,No data,No data,No data
62265,No data,No data,No data,No data,No data,No data,No data,No data,No data,No data
62267,No data,No data,No data,No data,No data,No data,No data,No data,No data,No data
62268,No data,No data,No data,No data,No data,No data,No data,No data,No data,No data
62271,No data,No data,No data,No data,No data,No data,No data,No data,No data,No data
62272,No data,No data,No data,No data,No data,No data,No data,No data,No data,No data
62273,No data,No data,No data,No data,No data,No data,No data,No data,No data,No data
62276,No data,No data,No data,No data,No data,No data,No data,No data,No data,No data
62277,No data,No data,No data,No data,No data,No data,No data,No data,No data,No data
62278,No data,No data,No data,No data,No data,No data,No data,No data,No data,No data
62283,No data,No data,No data,No data,No data,No data,No data,No data,No data,No data
62284,No data,No data,No data,No data,No data,No data,No data,No data,No data,No data
62285,No data,No data,No data,No data,No data,No data,No data,No data,No data,No data
62286,No data,No data,No data,No data,No data,No data,No data,No data,No data,No data
62287,No data,No data,No data,No data,No data,No data,No data,No data,No data,No data
62288,No data,No data,No data,No data,No data,No data,No data,No data,No data,No data
62290,No data,No data,No data,No data,No data,No data,No data,No data,No data,No data
62319,No data,No data,No data,No data,No data,No data,No data,No data,No data,No data
62324,No data,No data,No data,No data,No data,No data,No data,No data,No data,No data
62326,No data,No data,No data,No data,No data,No data,No data,No data,No data,No data
62329,No data,No data,No data,No data,No data,No data,No data,No data,No data,No data
62331,No data,No data,No data,No data,No data,No data,No data,No data,No data,No data
62333,No data,No data,No data,No data,No data,No data,No data,No data,No data,No data
62360,No data,No data,No data,No data,No data,No data,No data,No data,No data,No data
62361,No data,No data,No data,No data,No data,No data,No data,No data,No data,No data
62370,No data,No data,No data,No data,No data,No data,No data,No data,No data,No data
62381,No data,No data,No data,No data,No data,No data,No data,No data,No data,No data
62389,No data,No data,No data,No data,No data,No data,No data,No data,No data,No data
62410,No data,No data,No data,No data,No data,No data,No data,No data,No data,No data
62413,No data,No data,No data,No data,No data,No data,No data,No data,No data,No data
62414,No data,No data,No data,No data,No data,No data,No data,No data,No data,No data
62421,No data,No data,No data,No data,No data,No data,No data,No data,No data,No data
62422,No data,No data,No data,No data,No data,No data,No data,No data,No data,No data
62424,No data,No data,No data,No data,No data,No data,No data,No data,No data,No data
62426,No data,No data,No data,No data,No data,No data,No data,No data,No data,No data
62427,No data,No data,No data,No data,No data,No data,No data,No data,No data,No data
62428,No data,No data,No data,No data,No data,No data,No data,No data,No data,No data
62443,No data,No data,No data,No data,No data,No data,No data,No data,No data,No data
62444,No data,No data,No data,No data,No data,No data,No data,No data,No data,No data
62451,No data,No data,No data,No data,No data,No data,No data,No data,No data,No data
62452,No data,No data,No data,No data,No data,No data,No data,No data,No data,No data
62453,No data,No data,No data,No data,No data,No data,No data,No data,No data,No data
62454,No data,No data,No data,No data,No data,No data,No data,No data,No data,No data
62484,No data,No data,No data,No data,No data,No data,No data,No data,No data,No data
62513,No data,No data,No data,No data,No data,No data,No data,No data,No data,No data
62517,No data,No data,No data,No data,No data,No data,No data,No data,No data,No data
62521,No data,No data,No data,No data,No data,No data,No data,No data,No data,No data
62523,No data,No data,No data,No data,No data,No data,No data,No data,No data,No data
62525,No data,No data,No data,No data,No data,No data,No data,No data,No data,No data
62531,No data,No data,No data,No data,No data,No data,No data,No data,No data,No data
62533,No data,No data,No data,No data,No data,No data,No data,No data,No data,No data
62550,No data,No data,No data,No data,No data,No data,No data,No data,No data,No data
62560,No data,No data,No data,No data,No data,No data,No data,No data,No data,No data
62575,No data,No data,No data,No data,No data,No data,No data,No data,No data,No data
62580,No data,No data,No data,No data,No data,No data,No data,No data,No data,No data
62582,No data,No data,No data,No data,No data,No data,No data,No data,No data,No data
62589,No data,No data,No data,No data,No data,No data,No data,No data,No data,No data
62595,No data,No data,No data,No data,No data,No data,No data,No data,No data,No data
62602,No data,No data,No data,No data,No data,No data,No data,No data,No data,No data
62604,No data,No data,No data,No data,No data,No data,No data,No data,No data,No data
62614,No data,No data,No data,No data,No data,No data,No data,No data,No data,No data
62616,No data,No data,No data,No data,No data,No data,No data,No data,No data,No data
62622,No data,No data,No data,No data,No data,No data,No data,No data,No data,No data
62629,No data,No data,No data,No data,No data,No data,No data,No data,No data,No data
62637,No data,No data,No data,No data,No data,No data,No data,No data,No data,No data
62640,No data,No data,No data,No data,No data,No data,No data,No data,No data,No data
62641,No data,No data,No data,No data,No data,No data,No data,No data,No data,No data
62642,No data,No data,No data,No data,No data,No data,No data,No data,No data,No data
62643,No data,No data,No data,No data,No data,No data,No data,No data,No data,No data
62646,No data,No data,No data,No data,No data,No data,No data,No data,No data,No data
62657,No data,No data,No data,No data,No data,No data,No data,No data,No data,No data
62664,No data,No data,No data,No data,No data,No data,No data,No data,No data,No data
62670,No data,No data,No data,No data,No data,No data,No data,No data,No data,No data
62675,No data,No data,No data,No data,No data,No data,No data,No data,No data,No data
62677,No data,No data,No data,No data,No data,No data,No data,No data,No data,No data
62678,No data,No data,No data,No data,No data,No data,No data,No data,No data,No data
62683,No data,No data,No data,No data,No data,No data,No data,No data,No data,No data
62694,No data,No data,No data,No data,No data,No data,No data,No data,No data,No data
62696,No data,No data,No data,No data,No data,No data,No data,No data,No data,No data
62704,No data,No data,No data,No data,No data,No data,No data,No data,No data,No data
62705,No data,No data,No data,No data,No data,No data,No data,No data,No data,No data
62706,No data,No data,No data,No data,No data,No data,No data,No data,No data,No data
62708,No data,No data,No data,No data,No data,No data,No data,No data,No data,No data
62711,No data,No data,No data,No data,No data,No data,No data,No data,No data,No data
62713,No data,No data,No data,No data,No data,No data,No data,No data,No data,No data
62716,No data,No data,No data,No data,No data,No data,No data,No data,No data,No data
62733,No data,No data,No data,No data,No data,No data,No data,No data,No data,No data
62734,No data,No data,No data,No data,No data,No data,No data,No data,No data,No data
62735,No data,No data,No data,No data,No data,No data,No data,No data,No data,No data
62743,No data,No data,No data,No data,No data,No data,No data,No data,No data,No data
62748,No data,No data,No data,No data,No data,No data,No data,No data,No data,No data
62752,No data,No data,No data,No data,No data,No data,No data,No data,No data,No data
62755,No data,No data,No data,No data,No data,No data,No data,No data,No data,No data
62756,No data,No data,No data,No data,No data,No data,No data,No data,No data,No data
62760,No data,No data,No data,No data,No data,No data,No data,No data,No data,No data
62761,No data,No data,No data,No data,No data,No data,No data,No data,No data,No data
62762,No data,No data,No data,No data,No data,No data,No data,No data,No data,No data
62763,No data,No data,No data,No data,No data,No data,No data,No data,No data,No data
62764,No data,No data,No data,No data,No data,No data,No data,No data,No data,No data
62766,No data,No data,No data,No data,No data,No data,No data,No data,No data,No data
62768,No data,No data,No data,No data,No data,No data,No data,No data,No data,No data
62773,No data,No data,No data,No data,No data,No data,No data,No data,No data,No data
62774,No data,No data,No data,No data,No data,No data,No data,No data,No data,No data
62776,No data,No data,No data,No data,No data,No data,No data,No data,No data,No data
62782,No data,No data,No data,No data,No data,No data,No data,No data,No data,No data
62783,No data,No data,No data,No data,No data,No data,No data,No data,No data,No data
62798,No data,No data,No data,No data,No data,No data,No data,No data,No data,No data
62802,No data,No data,No data,No data,No data,No data,No data,No data,No data,No data
62803,No data,No data,No data,No data,No data,No data,No data,No data,No data,No data
62804,No data,No data,No data,No data,No data,No data,No data,No data,No data,No data
62806,No data,No data,No data,No data,No data,No data,No data,No data,No data,No data
62807,No data,No data,No data,No data,No data,No data,No data,No data,No data,No data
62809,No data,No data,No data,No data,No data,No data,No data,No data,No data,No data
62810,No data,No data,No data,No data,No data,No data,No data,No data,No data,No data
62811,No data,No data,No data,No data,No data,No data,No data,No data,No data,No data
62812,No data,No data,No data,No data,No data,No data,No data,No data,No data,No data
62813,No data,No data,No data,No data,No data,No data,No data,No data,No data,No data
62814,No data,No data,No data,No data,No data,No data,No data,No data,No data,No data
62908,No data,No data,No data,No data,No data,No data,No data,No data,No data,No data
62990,No data,No data,No data,No data,No data,No data,No data,No data,No data,No data
62999,No data,No data,No data,No data,No data,No data,No data,No data,No data,No data
62B01,No data,No data,No data,No data,No data,No data,No data,No data,No data,No data
62B02,No data,No data,No data,No data,No data,No data,No data,No data,No data,No data
62B03,No data,No data,No data,No data,No data,No data,No data,No data,No data,No data
62B06,No data,No data,No data,No data,No data,No data,No data,No data,No data,No data
62B20,No data,No data,No data,No data,No data,No data,No data,No data,No data,No data
62B30,No data,No data,No data,No data,No data,No data,No data,No data,No data,No data
62B90,No data,No data,No data,No data,No data,No data,No data,No data,No data,No data
62C02,No data,No data,No data,No data,No data,No data,No data,No data,No data,No data
62C05,No data,No data,No data,No data,No data,No data,No data,No data,No data,No data
62C09,No data,No data,No data,No data,No data,No data,No data,No data,No data,No data
62C21,No data,No data,No data,No data,No data,No data,No data,No data,No data,No data
62C22,No data,No data,No data,No data,No data,No data,No data,No data,No data,No data
62C30,No data,No data,No data,No data,No data,No data,No data,No data,No data,No data
62C90,No data,No data,No data,No data,No data,No data,No data,No data,No data,No data
62G02,No data,No data,No data,No data,No data,No data,No data,No data,No data,No data
62I01,No data,No data,No data,No data,No data,No data,No data,No data,No data,No data
62I02,No data,No data,No data,No data,No data,No data,No data,No data,No data,No data
62I03,No data,No data,No data,No data,No data,No data,No data,No data,No data,No data
62I04,No data,No data,No data,No data,No data,No data,No data,No data,No data,No data
62I05,No data,No data,No data,No data,No data,No data,No data,No data,No data,No data
62I07,No data,No data,No data,No data,No data,No data,No data,No data,No data,No data
62I08,No data,No data,No data,No data,No data,No data,No data,No data,No data,No data
62I10,No data,No data,No data,No data,No data,No data,No data,No data,No data,No data
62I11,No data,No data,No data,No data,No data,No data,No data,No data,No data,No data
62I12,No data,No data,No data,No data,No data,No data,No data,No data,No data,No data
62I14,No data,No data,No data,No data,No data,No data,No data,No data,No data,No data
62I16,No data,No data,No data,No data,No data,No data,No data,No data,No data,No data
62I18,No data,No data,No data,No data,No data,No data,No data,No data,No data,No data
62I19,No data,No data,No data,No data,No data,No data,No data,No data,No data,No data
62I20,No data,No data,No data,No data,No data,No data,No data,No data,No data,No data
62I21,No data,No data,No data,No data,No data,No data,No data,No data,No data,No data
62I90,No data,No data,No data,No data,No data,No data,No data,No data,No data,No data
62K01,No data,No data,No data,No data,No data,No data,No data,No data,No data,No data
62K02,No data,No data,No data,No data,No data,No data,No data,No data,No data,No data
62K03,No data,No data,No data,No data,No data,No data,No data,No data,No data,No data
62L01,No data,No data,No data,No data,No data,No data,No data,No data,No data,No data
62L02,No data,No data,No data,No data,No data,No data,No data,No data,No data,No data
62L03,No data,No data,No data,No data,No data,No data,No data,No data,No data,No data
62L04,No data,No data,No data,No data,No data,No data,No data,No data,No data,No data
62L05,No data,No data,No data,No data,No data,No data,No data,No data,No data,No data
62L06,No data,No data,No data,No data,No data,No data,No data,No data,No data,No data
62L07,No data,No data,No data,No data,No data,No data,No data,No data,No data,No data
62L10,No data,No data,No data,No data,No data,No data,No data,No data,No data,No data
62L12,No data,No data,No data,No data,No data,No data,No data,No data,No data,No data
62L13,No data,No data,No data,No data,No data,No data,No data,No data,No data,No data
62L15,No data,No data,No data,No data,No data,No data,No data,No data,No data,No data
62L16,No data,No data,No data,No data,No data,No data,No data,No data,No data,No data
62L17,No data,No data,No data,No data,No data,No data,No data,No data,No data,No data
62L18,No data,No data,No data,No data,No data,No data,No data,No data,No data,No data
62L23,No data,No data,No data,No data,No data,No data,No data,No data,No data,No data
62L28,No data,No data,No data,No data,No data,No data,No data,No data,No data,No data
62L29,No data,No data,No data,No data,No data,No data,No data,No data,No data,No data
62L32,No data,No data,No data,No data,No data,No data,No data,No data,No data,No data
62L33,No data,No data,No data,No data,No data,No data,No data,No data,No data,No data
62L36,No data,No data,No data,No data,No data,No data,No data,No data,No data,No data
62L40,No data,No data,No data,No data,No data,No data,No data,No data,No data,No data
62L65,No data,No data,No data,No data,No data,No data,No data,No data,No data,No data
62L66,No data,No data,No data,No data,No data,No data,No data,No data,No data,No data
62L67,No data,No data,No data,No data,No data,No data,No data,No data,No data,No data
62L68,No data,No data,No data,No data,No data,No data,No data,No data,No data,No data
62L79,No data,No data,No data,No data,No data,No data,No data,No data,No data,No data
62L84,No data,No data,No data,No data,No data,No data,No data,No data,No data,No data
62L85,No data,No data,No data,No data,No data,No data,No data,No data,No data,No data
62L89,No data,No data,No data,No data,No data,No data,No data,No data,No data,No data
62L90,No data,No data,No data,No data,No data,No data,No data,No data,No data,No data
62L91,No data,No data,No data,No data,No data,No data,No data,No data,No data,No data
62L92,No data,No data,No data,No data,No data,No data,No data,No data,No data,No data
62L93,No data,No data,No data,No data,No data,No data,No data,No data,No data,No data
62L94,No data,No data,No data,No data,No data,No data,No data,No data,No data,No data
62L95,No data,No data,No data,No data,No data,No data,No data,No data,No data,No data
62P01,No data,No data,No data,No data,No data,No data,No data,No data,No data,No data
62P03,No data,No data,No data,No data,No data,No data,No data,No data,No data,No data
62P05,No data,No data,No data,No data,No data,No data,No data,No data,No data,No data
62P07,No data,No data,No data,No data,No data,No data,No data,No data,No data,No data
62P36,No data,No data,No data,No data,No data,No data,No data,No data,No data,No data
62P90,No data,No data,No data,No data,No data,No data,No data,No data,No data,No data
62T01,No data,No data,No data,No data,No data,No data,No data,No data,No data,No data
62T04,No data,No data,No data,No data,No data,No data,No data,No data,No data,No data
62T22,No data,No data,No data,No data,No data,No data,No data,No data,No data,No data
62T25,No data,No data,No data,No data,No data,No data,No data,No data,No data,No data
62T26,No data,No data,No data,No data,No data,No data,No data,No data,No data,No data
62T30,No data,No data,No data,No data,No data,No data,No data,No data,No data,No data
62T37,No data,No data,No data,No data,No data,No data,No data,No data,No data,No data
62T38,No data,No data,No data,No data,No data,No data,No data,No data,No data,No data
62T39,No data,No data,No data,No data,No data,No data,No data,No data,No data,No data
62T90,No data,No data,No data,No data,No data,No data,No data,No data,No data,No data
63851,No data,No data,No data,No data,No data,No data,No data,No data,No data,No data
63852,No data,No data,No data,No data,No data,No data,No data,No data,No data,No data
63853,No data,No data,No data,No data,No data,No data,No data,No data,No data,No data
63860,No data,No data,No data,No data,No data,No data,No data,No data,No data,No data
63861,No data,No data,No data,No data,No data,No data,No data,No data,No data,No data
63870,No data,No data,No data,No data,No data,No data,No data,No data,No data,No data
63880,No data,No data,No data,No data,No data,No data,No data,No data,No data,No data
63881,No data,No data,No data,No data,No data,No data,No data,No data,No data,No data
88383,No data,No data,No data,No data,No data,No data,No data,No data,No data,No data
KU002,No data,No data,No data,No data,No data,No data,No data,No data,No data,No data
KU003,No data,No data,No data,No data,No data,No data,No data,No data,No data,No data
KU004,No data,No data,No data,No data,No data,No data,No data,No data,No data,No data
KU005,No data,No data,No data,No data,No data,No data,No data,No data,No data,No data
KU006,No data,No data,No data,No data,No data,No data,No data,No data,No data,No data
KU010,No data,No data,No data,No data,No data,No data,No data,No data,No data,No data
KU011,No data,No data,No data,No data,No data,No data,No data,No data,No data,No data
KU013,No data,No data,No data,No data,No data,No data,No data,No data,No data,No data
KU101,No data,No data,No data,No data,No data,No data,No data,No data,No data,No data
KU103,No data,No data,No data,No data,No data,No data,No data,No data,No data,No data
KU105,No data,No data,No data,No data,No data,No data,No data,No data,No data,No data
KU180,No data,No data,No data,No data,No data,No data,No data,No data,No data,No data
KU181,No data,No data,No data,No data,No data,No data,No data,No data,No data,No data
KU304,No data,No data,No data,No data,No data,No data,No data,No data,No data,No data
KU307,No data,No data,No data,No data,No data,No data,No data,No data,No data,No data
LY100,No data,No data,No data,No data,No data,No data,No data,No data,No data,No data
LY200,No data,No data,No data,No data,No data,No data,No data,No data,No data,No data
LY300,No data,No data,No data,No data,No data,No data,No data,No data,No data,No data
MA100,No data,No data,No data,No data,No data,No data,No data,No data,No data,No data
MA143,No data,No data,No data,No data,No data,No data,No data,No data,No data,No data
MA200,No data,No data,No data,No data,No data,No data,No data,No data,No data,No data
MA239,No data,No data,No data,No data,No data,No data,No data,No data,No data,No data
MA263,No data,No data,No data,No data,No data,No data,No data,No data,No data,No data
MA264,No data,No data,No data,No data,No data,No data,No data,No data,No data,No data
MA270,No data,No data,No data,No data,No data,No data,No data,No data,No data,No data
MA271,No data,No data,No data,No data,No data,No data,No data,No data,No data,No data
MA300,No data,No data,No data,No data,No data,No data,No data,No data,No data,No data
MA534,No data,No data,No data,No data,No data,No data,No data,No data,No data,No data
MA604,No data,No data,No data,No data,No data,No data,No data,No data,No data,No data
MA646,No data,No data,No data,No data,No data,No data,No data,No data,No data,No data
MA657,No data,No data,No data,No data,No data,No data,No data,No data,No data,No data
MA675,No data,No data,No data,No data,No data,No data,No data,No data,No data,No data
MA678,No data,No data,No data,No data,No data,No data,No data,No data,No data,No data
MA694,No data,No data,No data,No data,No data,No data,No data,No data,No data,No data
MA722,No data,No data,No data,No data,No data,No data,No data,No data,No data,No data
MA776,No data,No data,No data,No data,No data,No data,No data,No data,No data,No data
MA911,No data,No data,No data,No data,No data,No data,No data,No data,No data,No data
MA922,No data,No data,No data,No data,No data,No data,No data,No data,No data,No data
