COURSE,F26_GRADE_12,F26_GRADE_10,F26_GRADE_7,F26_GRADE_4,F26_GRADE_02,F26_GRADE_00,F26_GRADE_MINUS_3,F26_PASSED,F26_FAILED,F26_ABSENT
01001,1.0,6.0,18.0,36.0,18.0,18.0,0.0,No data,No data,8.0
01002,109.0,148.0,239.0,209.0,168.0,236.0,0.0,No data,No data,74.0
01003,2.0,1.0,3.0,3.0,2.0,0.0,0.0,No data,No data,3.0
01004,41.0,32.0,23.0,21.0,9.0,39.0,0.0,0,0,12.0
01017,1.0,2.0,6.0,10.0,9.0,2.0,0.0,No data,No data,1.0
01018,No data,No data,No data,No data,No data,No data,No data,No data,No data,No data
01020,No data,No data,No data,No data,No data,No data,No data,79,7,6
01025,No data,No data,No data,No data,No data,No data,No data,No data,No data,No data
01034,0,1,4,8,3,7,0,No data,No data,1
01035,0,2,9,7,4,20,1,No data,No data,1
01037,59,75,69,59,25,90,12,No data,No data,20
01125,7,5,9,2,0,0,0,No data,No data,No data
01227,13,9,21,4,1,4,1,No data,No data,3
01237,No data,No data,No data,No data,No data,No data,No data,No data,No data,No data
01238,16,7,0,0,0,1,2,2,0,No data
01257,No data,No data,No data,No data,No data,No data,No data,No data,No data,No data
01325,3,11,18,12,13,7,5,No data,No data,1
01405,8,5,6,2,2,1,0,No data,No data,2
01415,No data,No data,No data,No data,No data,No data,No data,No data,No data,No data
01418,0,1,2,1,0,0,0,No data,No data,No data
01425,3,2,2,2,1,0,0,No data,No data,1
01426,No data,No data,No data,No data,No data,No data,No data,No data,No data,No data
01527,No data,No data,No data,No data,No data,No data,No data,No data,No data,No data
01617,No data,No data,No data,No data,No data,No data,No data,No data,No data,No data
01621,7,1,1,0,0,1,0,No data,No data,1
01622,5,13,2,0,0,0,0,No data,No data,No data
01666,36,11,3,0,0,0,0,No data,No data,2
01715,No data,No data,No data,No data,No data,No data,No data,No data,No data,No data
01716,No data,No data,No data,No data,No data,No data,No data,9,0,No data
01811,No data,No data,No data,No data,No data,No data,No data,8,0,4
01822,No data,No data,No data,No data,No data,No data,No data,No data,No data,No data
01904,0,3,1,1,2,3,0,No data,No data,1
01911,No data,No data,No data,No data,No data,No data,No data,54,32,9
01915,No data,No data,No data,No data,No data,No data,No data,No data,No data,No data
01922,45,148,210,106,41,89,13,No data,No data,95
02002,8,14,16,29,24,24,9,No data,No data,5
02003,3,3,5,7,3,6,3,No data,No data,1
02100,1,3,2,4,2,6,0,No data,No data,1
02104,No data,No data,No data,No data,No data,No data,No data,No data,No data,No data
02105,62,93,124,33,14,61,0,No data,No data,38
02110,1,4,6,4,2,2,0,No data,No data,1
02112,No data,No data,No data,No data,No data,No data,No data,No data,No data,No data
02113,20,0,0,0,0,0,0,No data,No data,1
02114,No data,No data,No data,No data,No data,No data,No data,No data,No data,No data
02116,No data,No data,No data,No data,No data,No data,No data,No data,No data,No data
02118,7,5,4,2,0,0,0,No data,No data,No data
02122,30,23,10,5,0,0,0,No data,No data,3
02123,6,6,0,6,0,0,0,No data,No data,No data
02132,0,1,2,0,0,1,0,No data,No data,No data
02135,14,14,8,4,4,0,3,No data,No data,2
02138,0,0,2,0,3,1,1,No data,No data,1
02139,20,33,13,1,8,5,0,No data,No data,4
02141,7,25,50,12,5,9,0,No data,No data,6
02143,1,1,4,3,0,1,0,No data,No data,No data
02148,No data,No data,No data,No data,No data,No data,No data,No data,No data,No data
02155,1,0,0,2,0,1,0,No data,No data,No data
02156,No data,No data,No data,No data,No data,No data,No data,No data,No data,No data
02157,7,6,4,5,3,4,1,No data,No data,2
02159,3,1,0,0,0,0,0,No data,No data,No data
02160,3,36,31,1,0,1,0,No data,No data,3
02161,20,48,37,11,5,0,0,No data,No data,6
02162,No data,No data,No data,No data,No data,No data,No data,No data,No data,No data
02170,86,57,22,4,3,9,0,No data,No data,10
02180,42,88,122,54,4,0,0,No data,No data,16
02182,17,28,24,0,0,0,0,No data,No data,1
02195,0,1,15,8,11,16,0,No data,No data,11
02196,0,1,7,7,6,13,1,No data,No data,8
02201,No data,No data,No data,No data,No data,No data,No data,No data,No data,No data
02203,No data,No data,No data,No data,No data,No data,No data,No data,No data,No data
02205,2,6,3,10,1,2,0,No data,No data,4
02207,No data,No data,No data,No data,No data,No data,No data,No data,No data,No data
02209,No data,No data,No data,No data,No data,No data,No data,No data,No data,No data
02211,22,11,2,0,0,2,0,No data,No data,2
02214,18,15,16,10,2,4,0,No data,No data,1
02225,61,170,57,0,0,0,0,No data,No data,5
02226,No data,No data,No data,No data,No data,No data,No data,No data,No data,No data
02231,1,1,3,2,2,3,0,0,1,No data
02232,15,12,12,11,0,0,0,No data,No data,1
02234,No data,No data,No data,No data,No data,No data,No data,No data,No data,No data
02242,0,3,1,2,2,1,0,No data,No data,1
02244,31,75,43,3,0,1,0,No data,No data,1
02245,0,0,3,2,0,1,0,No data,No data,No data
02246,No data,No data,No data,No data,No data,No data,No data,No data,No data,No data
02247,34,13,20,12,12,7,0,No data,No data,4
02249,2,0,2,6,8,12,1,No data,No data,No data
02256,18,8,5,2,1,11,2,No data,No data,7
02258,No data,No data,No data,No data,No data,No data,No data,No data,No data,No data
02262,No data,No data,No data,No data,No data,No data,No data,No data,No data,No data
02266,1,2,1,1,0,0,0,No data,No data,No data
02267,0,0,0,6,0,0,0,No data,No data,No data
02268,3,10,7,0,1,0,0,0,2,No data
02269,No data,No data,No data,No data,No data,No data,No data,No data,No data,No data
02270,0,2,3,2,3,1,0,No data,No data,3
02271,14,48,37,15,6,4,0,No data,No data,8
02275,No data,No data,No data,No data,No data,No data,No data,No data,No data,No data
02276,22,33,17,2,3,0,0,No data,No data,7
02277,56,75,20,0,0,0,0,No data,No data,1
02278,7,6,12,0,0,2,0,1,0,4
02282,20,18,13,21,19,17,5,No data,No data,11
02285,32,101,78,8,7,0,0,No data,No data,9
02287,No data,No data,No data,No data,No data,No data,No data,No data,No data,No data
02289,0,2,0,0,1,2,0,No data,No data,1
02291,19,57,59,22,10,1,0,No data,No data,3
02311,No data,No data,No data,No data,No data,No data,No data,No data,No data,No data
02312,9,5,1,1,0,6,1,No data,No data,1
02321,No data,No data,No data,No data,No data,No data,No data,No data,No data,No data
02322,7,17,22,17,13,13,8,No data,No data,14
02323,2,8,30,16,15,25,0,No data,No data,13
02324,17,8,21,10,6,42,0,No data,No data,10
02325,8,16,23,13,3,2,0,No data,No data,3
02326,34,32,38,20,4,38,4,No data,No data,18
02327,1,2,4,3,5,3,0,No data,No data,1
02328,1,2,6,4,1,5,2,No data,No data,10
02329,8,2,5,2,0,1,0,No data,No data,1
02335,No data,No data,No data,No data,No data,No data,No data,No data,No data,No data
02339,No data,No data,No data,No data,No data,No data,No data,No data,No data,No data
02343,19,32,27,8,4,2,0,No data,No data,4
02349,0,2,8,1,12,16,0,No data,No data,2
02369,1,1,2,0,1,0,0,0,1,No data
02402,50,111,161,65,64,168,4,No data,No data,67
02403,9,25,38,26,14,21,9,No data,No data,15
02405,3,2,4,1,0,3,1,No data,No data,1
02407,No data,No data,No data,No data,No data,No data,No data,No data,No data,No data
02409,No data,No data,No data,No data,No data,No data,No data,No data,No data,No data
02411,6,11,21,20,25,26,11,No data,No data,7
02413,No data,No data,No data,No data,No data,No data,No data,No data,No data,No data
02417,100,94,32,6,2,0,0,No data,No data,6
02419,No data,No data,No data,No data,No data,No data,No data,No data,No data,No data
02421,7,14,5,1,0,0,0,No data,No data,No data
02425,No data,No data,No data,No data,No data,No data,No data,No data,No data,No data
02426,No data,No data,No data,No data,No data,No data,No data,No data,No data,No data
02427,No data,No data,No data,No data,No data,No data,No data,No data,No data,No data
02428,No data,No data,No data,No data,No data,No data,No data,No data,No data,No data
02429,No data,No data,No data,No data,No data,No data,No data,No data,No data,No data
02431,0,0,0,0,3,1,0,No data,No data,No data
02435,47,23,31,9,0,0,0,No data,No data,1
02441,No data,No data,No data,No data,No data,No data,No data,No data,No data,No data
02443,No data,No data,No data,No data,No data,No data,No data,206,0,3
02445,21,43,5,4,1,0,0,0,2,No data
02451,44,51,74,59,50,72,23,No data,No data,33
02452,0,5,12,13,14,17,1,No data,No data,3
02455,No data,No data,No data,No data,No data,No data,No data,No data,No data,No data
02456,4,4,1,2,0,0,0,No data,No data,1
02458,No data,No data,No data,No data,No data,No data,No data,No data,No data,No data
02460,19,34,51,20,11,11,2,3,0,11
02461,No data,No data,No data,No data,No data,No data,No data,9,1,No data
02462,0,1,2,1,0,0,0,No data,No data,No data
02463,27,15,21,6,2,1,0,No data,No data,8
02464,1,0,3,1,2,0,0,No data,No data,No data
02465,26,22,15,27,14,11,4,No data,No data,16
02466,24,25,21,0,1,0,0,No data,No data,6
02467,6,13,14,6,5,0,0,No data,No data,2
02471,1,1,2,0,2,0,0,No data,No data,No data
02476,No data,No data,No data,No data,No data,No data,No data,No data,No data,No data
02477,25,16,19,27,18,32,6,No data,No data,32
02492,No data,No data,No data,No data,No data,No data,No data,7,1,No data
02501,25,33,15,14,11,9,0,No data,No data,3
02503,No data,No data,No data,No data,No data,No data,No data,No data,No data,No data
02504,15,10,14,8,3,4,0,No data,No data,12
02506,10,20,10,1,0,1,0,No data,No data,2
02510,11,7,6,2,1,1,0,No data,No data,2
02515,36,14,8,1,0,0,0,No data,No data,1
02516,0,4,0,5,1,0,0,No data,No data,1
02517,No data,No data,No data,No data,No data,No data,No data,No data,No data,No data
02518,6,7,8,5,0,0,0,No data,No data,4
02525,No data,No data,No data,No data,No data,No data,No data,No data,No data,No data
02526,27,37,33,7,2,5,0,No data,No data,3
02561,1,2,2,0,0,0,0,No data,No data,1
02562,1,1,3,0,0,0,0,No data,No data,1
02563,No data,No data,No data,No data,No data,No data,No data,No data,No data,No data
02566,5,10,11,3,2,0,1,No data,No data,No data
02581,No data,No data,No data,No data,No data,No data,No data,No data,No data,No data
02582,9,46,47,25,8,0,0,0,4,No data
02586,No data,No data,No data,No data,No data,No data,No data,No data,No data,No data
02601,23,23,24,17,8,22,14,No data,No data,16
02611,8,12,14,6,3,1,1,No data,No data,7
02612,35,34,11,0,0,0,0,No data,No data,1
02613,46,80,98,42,62,23,1,0,0,11
02614,No data,No data,No data,No data,No data,No data,No data,No data,No data,No data
02615,No data,No data,No data,No data,No data,No data,No data,No data,No data,No data
02616,No data,No data,No data,No data,No data,No data,No data,No data,No data,No data
02619,No data,No data,No data,No data,No data,No data,No data,No data,No data,No data
02623,No data,No data,No data,No data,No data,No data,No data,No data,No data,No data
02624,No data,No data,No data,No data,No data,No data,No data,No data,No data,No data
02635,No data,No data,No data,No data,No data,No data,No data,No data,No data,No data
02686,14,0,1,1,0,0,0,No data,No data,3
02687,32,6,4,0,0,0,0,No data,No data,No data
02689,No data,No data,No data,No data,No data,No data,No data,No data,No data,No data
02805,No data,No data,No data,No data,No data,No data,No data,No data,No data,No data
02806,27,72,72,17,1,0,0,No data,No data,9
02807,No data,No data,No data,No data,No data,No data,No data,No data,No data,No data
02808,5,20,17,3,0,0,0,No data,No data,3
02810,No data,No data,No data,No data,No data,No data,No data,No data,No data,No data
02830,No data,No data,No data,No data,No data,No data,No data,No data,No data,No data
02840,No data,No data,No data,No data,No data,No data,No data,No data,No data,No data
02841,No data,No data,No data,No data,No data,No data,No data,No data,No data,No data
02901,No data,No data,No data,No data,No data,No data,No data,No data,No data,No data
02910,No data,No data,No data,No data,No data,No data,No data,No data,No data,No data
02935,No data,No data,No data,No data,No data,No data,No data,18,1,4
02946,No data,No data,No data,No data,No data,No data,No data,No data,No data,No data
02949,No data,No data,No data,No data,No data,No data,No data,27,3,No data
02955,No data,No data,No data,No data,No data,No data,No data,No data,No data,No data
02960,No data,No data,No data,No data,No data,No data,No data,No data,No data,No data
02980,No data,No data,No data,No data,No data,No data,No data,30,2,4
02981,No data,No data,No data,No data,No data,No data,No data,21,0,1
02982,No data,No data,No data,No data,No data,No data,No data,4,1,No data
02983,No data,No data,No data,No data,No data,No data,No data,No data,No data,No data
02984,No data,No data,No data,No data,No data,No data,No data,No data,No data,No data
02987,No data,No data,No data,No data,No data,No data,No data,55,0,No data
02988,No data,No data,No data,No data,No data,No data,No data,No data,No data,No data
02989,No data,No data,No data,No data,No data,No data,No data,5,0,1
10031,10,17,21,1,1,0,0,No data,No data,8
10033,10,19,29,14,13,7,0,No data,No data,2
10034,16,33,26,12,1,3,0,No data,No data,4
10035,No data,No data,No data,No data,No data,No data,No data,No data,No data,No data
10036,2,1,1,2,1,0,0,No data,No data,1
10037,No data,No data,No data,No data,No data,No data,No data,88,0,1
10054,6,8,11,5,3,2,1,No data,No data,2
10060,3,4,11,19,4,6,0,No data,No data,No data
10062,No data,No data,No data,No data,No data,No data,No data,No data,No data,No data
10065,No data,No data,No data,No data,No data,No data,No data,No data,No data,No data
10080,17,18,33,12,5,9,0,No data,No data,2
10081,No data,No data,No data,No data,No data,No data,No data,No data,No data,No data
10102,10,7,14,12,3,6,0,No data,No data,3
10104,2,8,8,11,13,18,9,No data,No data,No data
10112,No data,No data,No data,No data,No data,No data,No data,No data,No data,No data
10122,No data,No data,No data,No data,No data,No data,No data,No data,No data,No data
10200,No data,No data,No data,No data,No data,No data,No data,No data,No data,No data
10208,No data,No data,No data,No data,No data,No data,No data,No data,No data,No data
10209,No data,No data,No data,No data,No data,No data,No data,13,0,1
10240,No data,No data,No data,No data,No data,No data,No data,128,4,4
10255,No data,No data,No data,No data,No data,No data,No data,No data,No data,No data
10260,7,2,9,4,3,7,0,No data,No data,2
10302,20,10,7,1,0,0,0,No data,No data,No data
10304,4,3,3,3,3,2,0,No data,No data,1
10306,No data,No data,No data,No data,No data,No data,No data,No data,No data,No data
10314,6,7,1,2,0,0,0,No data,No data,4
10315,No data,No data,No data,No data,No data,No data,No data,No data,No data,No data
10316,No data,No data,No data,No data,No data,No data,No data,No data,No data,No data
10317,9,6,4,3,4,2,0,No data,No data,2
10319,No data,No data,No data,No data,No data,No data,No data,No data,No data,No data
10321,No data,No data,No data,No data,No data,No data,No data,No data,No data,No data
10325,No data,No data,No data,No data,No data,No data,No data,No data,No data,No data
10331,No data,No data,No data,No data,No data,No data,No data,No data,No data,No data
10333,No data,No data,No data,No data,No data,No data,No data,No data,No data,No data
10337,No data,No data,No data,No data,No data,No data,No data,No data,No data,No data
10339,No data,No data,No data,No data,No data,No data,No data,No data,No data,No data
10346,10,4,3,2,0,1,0,No data,No data,2
10350,No data,No data,No data,No data,No data,No data,No data,16,0,1
10380,12,8,6,2,0,3,0,No data,No data,4
10384,No data,No data,No data,No data,No data,No data,No data,No data,No data,No data
10385,6,13,19,15,8,3,0,No data,No data,10
10386,No data,No data,No data,No data,No data,No data,No data,38,0,3
10387,No data,No data,No data,No data,No data,No data,No data,24,0,2
10400,No data,No data,No data,No data,No data,No data,No data,No data,No data,No data
10401,4,7,6,3,1,0,0,No data,No data,No data
10402,11,7,4,1,0,0,0,No data,No data,1
10405,0,1,2,1,1,0,0,No data,No data,No data
10411,1,5,7,7,3,10,0,No data,No data,1
10413,No data,No data,No data,No data,No data,No data,No data,No data,No data,No data
10414,1,3,3,4,0,0,0,No data,No data,No data
10420,8,4,9,2,2,0,0,No data,No data,5
10506,No data,No data,No data,No data,No data,No data,No data,No data,No data,No data
10507,No data,No data,No data,No data,No data,No data,No data,6,0,No data
10508,No data,No data,No data,No data,No data,No data,No data,No data,No data,No data
10509,No data,No data,No data,No data,No data,No data,No data,No data,No data,No data
10511,No data,No data,No data,No data,No data,No data,No data,17,0,No data
10512,No data,No data,No data,No data,No data,No data,No data,No data,No data,No data
10514,No data,No data,No data,No data,No data,No data,No data,No data,No data,No data
10515,No data,No data,No data,No data,No data,No data,No data,No data,No data,No data
10519,No data,No data,No data,No data,No data,No data,No data,No data,No data,No data
10520,No data,No data,No data,No data,No data,No data,No data,No data,No data,No data
10521,No data,No data,No data,No data,No data,No data,No data,No data,No data,No data
10530,No data,No data,No data,No data,No data,No data,No data,87,6,3
10540,No data,No data,No data,No data,No data,No data,No data,65,0,No data
10550,No data,No data,No data,No data,No data,No data,No data,No data,No data,No data
10590,No data,No data,No data,No data,No data,No data,No data,No data,No data,No data
10603,No data,No data,No data,No data,No data,No data,No data,17,0,No data
10605,No data,No data,No data,No data,No data,No data,No data,4,0,No data
10610,No data,No data,No data,No data,No data,No data,No data,No data,No data,No data
10720,No data,No data,No data,No data,No data,No data,No data,No data,No data,No data
10721,No data,No data,No data,No data,No data,No data,No data,6,0,No data
10722,No data,No data,No data,No data,No data,No data,No data,No data,No data,No data
10730,No data,No data,No data,No data,No data,No data,No data,No data,No data,No data
10731,No data,No data,No data,No data,No data,No data,No data,No data,No data,No data
10732,No data,No data,No data,No data,No data,No data,No data,No data,No data,No data
10750,No data,No data,No data,No data,No data,No data,No data,No data,No data,No data
10850,3,3,5,1,1,2,0,No data,No data,1
10851,No data,No data,No data,No data,No data,No data,No data,No data,No data,No data
10852,No data,No data,No data,No data,No data,No data,No data,7,0,1
10855,No data,No data,No data,No data,No data,No data,No data,No data,No data,No data
10862,No data,No data,No data,No data,No data,No data,No data,6,0,No data
10863,No data,No data,No data,No data,No data,No data,No data,No data,No data,No data
10864,No data,No data,No data,No data,No data,No data,No data,No data,No data,No data
10870,No data,No data,No data,No data,No data,No data,No data,No data,No data,No data
10871,1,1,1,0,1,2,0,No data,No data,No data
10916,No data,No data,No data,No data,No data,No data,No data,No data,No data,No data
10935,No data,No data,No data,No data,No data,No data,No data,No data,No data,No data
12000,No data,No data,No data,No data,No data,No data,No data,No data,No data,No data
12003,12,10,8,0,0,0,0,No data,No data,No data
12100,46,222,136,12,1,3,0,0,5,10
12101,80,259,210,12,0,5,0,0,60,14
12102,No data,No data,No data,No data,No data,No data,No data,No data,No data,No data
12104,No data,No data,No data,No data,No data,No data,No data,No data,No data,No data
12105,0,7,9,1,0,0,0,No data,No data,No data
12106,0,6,9,2,0,0,0,No data,No data,3
12109,No data,No data,No data,No data,No data,No data,No data,No data,No data,No data
12111,No data,No data,No data,No data,No data,No data,No data,No data,No data,No data
12115,4,6,9,2,2,1,0,No data,No data,2
12121,0,6,12,7,0,0,0,No data,No data,2
12122,No data,No data,No data,No data,No data,No data,No data,No data,No data,No data
12125,No data,No data,No data,No data,No data,No data,No data,No data,No data,No data
12130,No data,No data,No data,No data,No data,No data,No data,No data,No data,No data
12132,No data,No data,No data,No data,No data,No data,No data,No data,No data,No data
12134,No data,No data,No data,No data,No data,No data,No data,No data,No data,No data
12139,No data,No data,No data,No data,No data,No data,No data,No data,No data,No data
12143,No data,No data,No data,No data,No data,No data,No data,No data,No data,No data
12145,No data,No data,No data,No data,No data,No data,No data,No data,No data,No data
12150,No data,No data,No data,No data,No data,No data,No data,No data,No data,No data
12202,4,5,15,6,0,0,0,0,0,No data
12203,14,17,0,0,0,0,0,No data,No data,1
12205,12,27,29,12,0,9,0,No data,No data,4
12211,No data,No data,No data,No data,No data,No data,No data,16,1,12
12227,1,16,30,0,0,0,0,No data,No data,No data
12228,No data,No data,No data,No data,No data,No data,No data,No data,No data,No data
12231,No data,No data,No data,No data,No data,No data,No data,17,0,No data
12237,10,21,25,4,0,3,2,No data,No data,No data
12238,6,9,12,2,0,0,0,No data,No data,No data
12240,No data,No data,No data,No data,No data,No data,No data,No data,No data,No data
12245,No data,No data,No data,No data,No data,No data,No data,No data,No data,No data
12250,No data,No data,No data,No data,No data,No data,No data,No data,No data,No data
12320,2,8,8,11,3,2,0,No data,No data,1
12330,3,4,3,4,4,3,0,No data,No data,No data
12331,No data,No data,No data,No data,No data,No data,No data,15,0,No data
12336,No data,No data,No data,No data,No data,No data,No data,No data,No data,No data
12345,No data,No data,No data,No data,No data,No data,No data,No data,No data,No data
12350,No data,No data,No data,No data,No data,No data,No data,No data,No data,No data
12360,13,32,34,6,0,0,0,No data,No data,No data
12361,No data,No data,No data,No data,No data,No data,No data,No data,No data,No data
12362,No data,No data,No data,No data,No data,No data,No data,No data,No data,No data
12363,No data,No data,No data,No data,No data,No data,No data,No data,No data,No data
12410,No data,No data,No data,No data,No data,No data,No data,No data,No data,No data
12411,1,12,12,9,11,7,0,No data,No data,5
12412,No data,No data,No data,No data,No data,No data,No data,No data,No data,No data
12415,1,2,5,2,0,0,0,No data,No data,No data
12421,No data,No data,No data,No data,No data,No data,No data,No data,No data,No data
12422,4,21,29,6,1,1,0,No data,No data,No data
12423,No data,No data,No data,No data,No data,No data,No data,No data,No data,No data
12430,No data,No data,No data,No data,No data,No data,No data,No data,No data,No data
12431,No data,No data,No data,No data,No data,No data,No data,No data,No data,No data
12451,No data,No data,No data,No data,No data,No data,No data,No data,No data,No data
12452,1,3,2,0,1,0,0,No data,No data,2
12551,9,18,31,38,45,62,7,No data,No data,17
12552,0,0,0,2,7,2,0,No data,No data,1
12601,0,0,2,0,4,5,0,No data,No data,No data
12603,4,3,21,12,15,19,0,No data,No data,6
12604,0,16,36,2,0,0,0,No data,No data,No data
12605,2,2,5,4,0,3,0,0,0,1
12611,No data,No data,No data,No data,No data,No data,No data,No data,No data,No data
12612,6,6,16,4,7,6,4,No data,No data,6
12614,2,23,13,1,0,0,0,No data,No data,No data
12615,No data,No data,No data,No data,No data,No data,No data,No data,No data,No data
12616,No data,No data,No data,No data,No data,No data,No data,No data,No data,No data
12701,No data,No data,No data,No data,No data,No data,No data,No data,No data,No data
12772,No data,No data,No data,No data,No data,No data,No data,No data,No data,No data
12773,26,37,13,0,0,0,0,No data,No data,No data
12775,6,10,7,4,0,0,0,No data,No data,1
12821,No data,No data,No data,No data,No data,No data,No data,No data,No data,No data
12831,No data,No data,No data,No data,No data,No data,No data,No data,No data,No data
12832,No data,No data,No data,No data,No data,No data,No data,No data,No data,No data
12836,0,4,3,2,0,0,0,No data,No data,No data
12854,2,8,0,0,0,0,0,No data,No data,No data
12856,2,13,6,2,0,0,0,No data,No data,No data
12902,No data,No data,No data,No data,No data,No data,No data,24,0,3
12911,No data,No data,No data,No data,No data,No data,No data,31,1,1
12919,No data,No data,No data,No data,No data,No data,No data,No data,No data,No data
12920,No data,No data,No data,No data,No data,No data,No data,No data,No data,No data
12926,No data,No data,No data,No data,No data,No data,No data,No data,No data,No data
12936,No data,No data,No data,No data,No data,No data,No data,No data,No data,No data
12950,No data,No data,No data,No data,No data,No data,No data,105,0,1
12951,No data,No data,No data,No data,No data,No data,No data,104,0,1
12952,No data,No data,No data,No data,No data,No data,No data,No data,No data,No data
12953,No data,No data,No data,No data,No data,No data,No data,27,0,3
12954,No data,No data,No data,No data,No data,No data,No data,No data,No data,No data
12958,No data,No data,No data,No data,No data,No data,No data,6,0,No data
12B1B,No data,No data,No data,No data,No data,No data,No data,No data,No data,No data
22001,No data,No data,No data,No data,No data,No data,No data,No data,No data,No data
22002,No data,No data,No data,No data,No data,No data,No data,No data,No data,No data
22003,7,8,10,8,2,4,0,No data,No data,3
22005,No data,No data,No data,No data,No data,No data,No data,9,0,No data
22006,No data,No data,No data,No data,No data,No data,No data,No data,No data,No data
22007,No data,No data,No data,No data,No data,No data,No data,No data,No data,No data
22050,7,21,21,49,23,33,18,No data,No data,7
22051,No data,No data,No data,No data,No data,No data,No data,No data,No data,No data
22052,No data,No data,No data,No data,No data,No data,No data,No data,No data,No data
22053,No data,No data,No data,No data,No data,No data,No data,No data,No data,No data
22054,No data,No data,No data,No data,No data,No data,No data,No data,No data,No data
22058,31,55,37,6,0,1,3,No data,No data,No data
22059,22,19,10,0,0,0,0,No data,No data,No data
22060,No data,No data,No data,No data,No data,No data,No data,No data,No data,No data
22061,0,2,0,3,0,1,0,No data,No data,1
22062,No data,No data,No data,No data,No data,No data,No data,No data,No data,No data
22100,No data,No data,No data,No data,No data,No data,No data,No data,No data,No data
22102,No data,No data,No data,No data,No data,No data,No data,No data,No data,No data
22107,No data,No data,No data,No data,No data,No data,No data,No data,No data,No data
22111,0,3,0,2,1,0,0,No data,No data,No data
22112,No data,No data,No data,No data,No data,No data,No data,No data,No data,No data
22115,48,3,3,0,0,1,0,No data,No data,No data
22116,No data,No data,No data,No data,No data,No data,No data,2,2,No data
22117,57,31,16,2,1,0,0,4,0,2
22118,No data,No data,No data,No data,No data,No data,No data,13,0,No data
22123,No data,No data,No data,No data,No data,No data,No data,No data,No data,No data
22125,10,10,5,3,0,1,0,No data,No data,No data
22126,No data,No data,No data,No data,No data,No data,No data,No data,No data,No data
22140,No data,No data,No data,No data,No data,No data,No data,No data,No data,No data
22145,No data,No data,No data,No data,No data,No data,No data,No data,No data,No data
22150,No data,No data,No data,No data,No data,No data,No data,No data,No data,No data
22160,No data,No data,No data,No data,No data,No data,No data,No data,No data,No data
22166,No data,No data,No data,No data,No data,No data,No data,12,8,No data
22168,No data,No data,No data,No data,No data,No data,No data,39,1,No data
22172,No data,No data,No data,No data,No data,No data,No data,No data,No data,No data
22175,1,3,0,0,0,0,0,No data,No data,1
22179,3,2,0,0,0,0,1,No data,No data,No data
22180,No data,No data,No data,No data,No data,No data,No data,No data,No data,No data
22201,8,19,6,3,0,0,0,No data,No data,No data
22203,No data,No data,No data,No data,No data,No data,No data,No data,No data,No data
22205,No data,No data,No data,No data,No data,No data,No data,13,0,No data
22206,No data,No data,No data,No data,No data,No data,No data,4,0,No data
22207,No data,No data,No data,No data,No data,No data,No data,No data,No data,No data
22208,No data,No data,No data,No data,No data,No data,No data,No data,No data,No data
22210,3,0,0,1,0,0,0,No data,No data,No data
22211,No data,No data,No data,No data,No data,No data,No data,No data,No data,No data
22212,3,9,20,16,0,1,0,No data,No data,1
22213,5,48,9,0,0,0,0,No data,No data,No data
22230,20,22,19,6,1,0,0,No data,No data,No data
22231,No data,No data,No data,No data,No data,No data,No data,No data,No data,No data
22232,No data,No data,No data,No data,No data,No data,No data,16,0,No data
22235,16,59,50,19,1,0,0,No data,No data,5
22236,26,32,21,11,3,2,0,No data,No data,1
22237,No data,No data,No data,No data,No data,No data,No data,No data,No data,No data
22238,No data,No data,No data,No data,No data,No data,No data,13,0,No data
22239,No data,No data,No data,No data,No data,No data,No data,20,0,1
22281,6,48,18,6,2,0,0,No data,No data,4
22282,No data,No data,No data,No data,No data,No data,No data,No data,No data,No data
22283,No data,No data,No data,No data,No data,No data,No data,No data,No data,No data
22284,1,70,68,4,0,0,0,No data,No data,2
22285,No data,No data,No data,No data,No data,No data,No data,No data,No data,No data
22400,41,72,54,3,0,4,0,No data,No data,3
22403,No data,No data,No data,No data,No data,No data,No data,23,0,No data
22439,1,2,1,1,0,0,1,No data,No data,No data
22449,2,3,4,4,1,0,0,No data,No data,1
22450,17,21,21,12,1,1,0,No data,No data,No data
22460,No data,No data,No data,No data,No data,No data,No data,No data,No data,No data
22461,No data,No data,No data,No data,No data,No data,No data,No data,No data,No data
22462,10,13,25,18,3,2,1,No data,No data,3
22475,No data,No data,No data,No data,No data,No data,No data,No data,No data,No data
22476,4,5,12,10,6,6,2,No data,No data,No data
22481,No data,No data,No data,No data,No data,No data,No data,No data,No data,No data
22485,No data,No data,No data,No data,No data,No data,No data,No data,No data,No data
22486,No data,No data,No data,No data,No data,No data,No data,No data,No data,No data
22487,No data,No data,No data,No data,No data,No data,No data,No data,No data,No data
22506,0,7,6,2,0,2,0,No data,No data,1
22507,No data,No data,No data,No data,No data,No data,No data,No data,No data,No data
22508,No data,No data,No data,No data,No data,No data,No data,25,0,No data
22511,No data,No data,No data,No data,No data,No data,No data,No data,No data,No data
22513,No data,No data,No data,No data,No data,No data,No data,No data,No data,No data
22525,No data,No data,No data,No data,No data,No data,No data,No data,No data,No data
22530,No data,No data,No data,No data,No data,No data,No data,No data,No data,No data
22600,No data,No data,No data,No data,No data,No data,No data,No data,No data,No data
22602,5,7,1,3,3,0,0,No data,No data,No data
22603,No data,No data,No data,No data,No data,No data,No data,No data,No data,No data
22604,No data,No data,No data,No data,No data,No data,No data,No data,No data,No data
22605,No data,No data,No data,No data,No data,No data,No data,8,0,No data
22610,No data,No data,No data,No data,No data,No data,No data,No data,No data,No data
22611,No data,No data,No data,No data,No data,No data,No data,No data,No data,No data
22612,No data,No data,No data,No data,No data,No data,No data,No data,No data,No data
22680,No data,No data,No data,No data,No data,No data,No data,No data,No data,No data
22681,No data,No data,No data,No data,No data,No data,No data,No data,No data,No data
22800,No data,No data,No data,No data,No data,No data,No data,20,0,No data
23101,No data,No data,No data,No data,No data,No data,No data,No data,No data,No data
23102,0,13,34,4,0,0,0,No data,No data,2
23205,No data,No data,No data,No data,No data,No data,No data,No data,No data,No data
23206,No data,No data,No data,No data,No data,No data,No data,No data,No data,No data
23210,No data,No data,No data,No data,No data,No data,No data,No data,No data,No data
23212,7,4,3,1,0,0,0,No data,No data,No data
23214,No data,No data,No data,No data,No data,No data,No data,No data,No data,No data
23216,0,16,14,5,0,0,0,0,1,1
23220,No data,No data,No data,No data,No data,No data,No data,No data,No data,No data
23255,No data,No data,No data,No data,No data,No data,No data,No data,No data,No data
23256,9,42,17,0,0,0,0,No data,No data,1
23257,8,13,10,1,1,0,0,No data,No data,2
23258,8,12,12,5,0,2,0,No data,No data,1
23260,No data,No data,No data,No data,No data,No data,No data,No data,No data,No data
23261,0,4,5,2,0,0,0,No data,No data,No data
23262,15,9,6,0,2,1,0,No data,No data,No data
23263,No data,No data,No data,No data,No data,No data,No data,No data,No data,No data
23272,No data,No data,No data,No data,No data,No data,No data,No data,No data,No data
23301,No data,No data,No data,No data,No data,No data,No data,No data,No data,No data
23302,4,15,13,8,1,0,0,No data,No data,No data
23360,No data,No data,No data,No data,No data,No data,No data,No data,No data,No data
23511,No data,No data,No data,No data,No data,No data,No data,No data,No data,No data
23513,No data,No data,No data,No data,No data,No data,No data,No data,No data,No data
23520,5,4,7,3,2,0,0,No data,No data,No data
23521,0,2,3,0,0,1,0,No data,No data,No data
23522,No data,No data,No data,No data,No data,No data,No data,No data,No data,No data
23531,15,8,4,3,0,0,0,No data,No data,2
23532,5,18,9,0,0,0,0,No data,No data,No data
23552,No data,No data,No data,No data,No data,No data,No data,13,0,1
23564,No data,No data,No data,No data,No data,No data,No data,No data,No data,No data
23662,No data,No data,No data,No data,No data,No data,No data,No data,No data,No data
23711,No data,No data,No data,No data,No data,No data,No data,No data,No data,No data
23732,0,1,1,1,1,1,0,No data,No data,No data
23832,No data,No data,No data,No data,No data,No data,No data,No data,No data,No data
23837,No data,No data,No data,No data,No data,No data,No data,19,0,No data
23839,No data,No data,No data,No data,No data,No data,No data,No data,No data,No data
23841,No data,No data,No data,No data,No data,No data,No data,8,0,2
23842,No data,No data,No data,No data,No data,No data,No data,7,0,2
23851,No data,No data,No data,No data,No data,No data,No data,No data,No data,No data
23903,No data,No data,No data,No data,No data,No data,No data,No data,No data,No data
23904,No data,No data,No data,No data,No data,No data,No data,No data,No data,No data
23925,No data,No data,No data,No data,No data,No data,No data,No data,No data,No data
23926,No data,No data,No data,No data,No data,No data,No data,No data,No data,No data
23932,1,7,19,12,13,8,0,No data,No data,6
23936,5,5,5,2,0,0,0,No data,No data,No data
23937,No data,No data,No data,No data,No data,No data,No data,No data,No data,No data
23952,No data,No data,No data,No data,No data,No data,No data,No data,No data,No data
23953,No data,No data,No data,No data,No data,No data,No data,No data,No data,No data
23954,No data,No data,No data,No data,No data,No data,No data,No data,No data,No data
23963,No data,No data,No data,No data,No data,No data,No data,No data,No data,No data
23982,No data,No data,No data,No data,No data,No data,No data,No data,No data,No data
23F11,1,4,4,1,0,0,0,No data,No data,No data
23F12,No data,No data,No data,No data,No data,No data,No data,No data,No data,No data
23F13,No data,No data,No data,No data,No data,No data,No data,No data,No data,No data
23F14,No data,No data,No data,No data,No data,No data,No data,No data,No data,No data
23F15,No data,No data,No data,No data,No data,No data,No data,No data,No data,No data
23F16,No data,No data,No data,No data,No data,No data,No data,No data,No data,No data
25102,No data,No data,No data,No data,No data,No data,No data,12,0,No data
25104,8,12,6,0,0,0,0,No data,No data,2
25105,19,11,17,11,3,5,0,No data,No data,2
25106,No data,No data,No data,No data,No data,No data,No data,No data,No data,No data
25107,6,13,9,3,1,1,0,No data,No data,1
25108,No data,No data,No data,No data,No data,No data,No data,No data,No data,No data
25109,No data,No data,No data,No data,No data,No data,No data,No data,No data,No data
25201,No data,No data,No data,No data,No data,No data,No data,No data,No data,No data
25202,No data,No data,No data,No data,No data,No data,No data,No data,No data,No data
25203,No data,No data,No data,No data,No data,No data,No data,No data,No data,No data
25204,No data,No data,No data,No data,No data,No data,No data,No data,No data,No data
25205,No data,No data,No data,No data,No data,No data,No data,No data,No data,No data
25206,No data,No data,No data,No data,No data,No data,No data,No data,No data,No data
25207,No data,No data,No data,No data,No data,No data,No data,No data,No data,No data
25208,4,13,8,2,2,0,0,No data,No data,No data
25209,No data,No data,No data,No data,No data,No data,No data,No data,No data,No data
25210,No data,No data,No data,No data,No data,No data,No data,No data,No data,No data
25211,No data,No data,No data,No data,No data,No data,No data,No data,No data,No data
25212,No data,No data,No data,No data,No data,No data,No data,No data,No data,No data
25213,No data,No data,No data,No data,No data,No data,No data,No data,No data,No data
25214,No data,No data,No data,No data,No data,No data,No data,No data,No data,No data
25215,No data,No data,No data,No data,No data,No data,No data,No data,No data,No data
25217,No data,No data,No data,No data,No data,No data,No data,No data,No data,No data
25218,No data,No data,No data,No data,No data,No data,No data,No data,No data,No data
25302,No data,No data,No data,No data,No data,No data,No data,No data,No data,No data
25303,No data,No data,No data,No data,No data,No data,No data,No data,No data,No data
25310,9,7,6,4,3,1,0,No data,No data,No data
25311,No data,No data,No data,No data,No data,No data,No data,No data,No data,No data
25312,No data,No data,No data,No data,No data,No data,No data,No data,No data,No data
25313,No data,No data,No data,No data,No data,No data,No data,No data,No data,No data
25314,2,4,1,0,0,0,0,No data,No data,No data
25315,No data,No data,No data,No data,No data,No data,No data,No data,No data,No data
25316,0,1,4,2,2,1,0,No data,No data,No data
25317,No data,No data,No data,No data,No data,No data,No data,No data,No data,No data
25318,No data,No data,No data,No data,No data,No data,No data,No data,No data,No data
25321,1,3,1,0,0,0,0,No data,No data,No data
25322,No data,No data,No data,No data,No data,No data,No data,8,0,2
25323,No data,No data,No data,No data,No data,No data,No data,No data,No data,No data
25324,No data,No data,No data,No data,No data,No data,No data,28,0,No data
25325,No data,No data,No data,No data,No data,No data,No data,No data,No data,No data
25326,1,2,1,2,0,0,0,No data,No data,1
25327,6,7,5,3,2,2,0,No data,No data,3
25328,No data,No data,No data,No data,No data,No data,No data,No data,No data,No data
25331,2,4,1,0,0,0,0,No data,No data,No data
25335,2,2,1,0,0,0,0,No data,No data,No data
25336,3,1,2,0,0,0,0,No data,No data,No data
25340,21,12,4,0,0,0,0,No data,No data,1
25341,2,6,1,0,0,0,0,No data,No data,1
25342,No data,No data,No data,No data,No data,No data,No data,No data,No data,No data
25343,2,1,0,0,0,1,0,0,1,1
25344,No data,No data,No data,No data,No data,No data,No data,No data,No data,No data
25345,No data,No data,No data,No data,No data,No data,No data,No data,No data,No data
25346,No data,No data,No data,No data,No data,No data,No data,No data,No data,No data
25347,3,11,24,3,0,1,0,No data,No data,2
25348,4,0,0,0,0,0,0,No data,No data,No data
25349,2,5,1,0,0,0,0,No data,No data,2
25350,No data,No data,No data,No data,No data,No data,No data,No data,No data,No data
25351,No data,No data,No data,No data,No data,No data,No data,No data,No data,No data
25352,No data,No data,No data,No data,No data,No data,No data,No data,No data,No data
25353,2,0,3,5,0,0,0,No data,No data,1
25354,No data,No data,No data,No data,No data,No data,No data,No data,No data,No data
25355,No data,No data,No data,No data,No data,No data,No data,No data,No data,No data
25356,No data,No data,No data,No data,No data,No data,No data,No data,No data,No data
25357,No data,No data,No data,No data,No data,No data,No data,No data,No data,No data
25616,No data,No data,No data,No data,No data,No data,No data,No data,No data,No data
25619,No data,No data,No data,No data,No data,No data,No data,No data,No data,No data
25621,No data,No data,No data,No data,No data,No data,No data,No data,No data,No data
25623,No data,No data,No data,No data,No data,No data,No data,No data,No data,No data
25624,No data,No data,No data,No data,No data,No data,No data,No data,No data,No data
25625,No data,No data,No data,No data,No data,No data,No data,No data,No data,No data
25626,No data,No data,No data,No data,No data,No data,No data,No data,No data,No data
25627,No data,No data,No data,No data,No data,No data,No data,No data,No data,No data
25628,No data,No data,No data,No data,No data,No data,No data,No data,No data,No data
25801,No data,No data,No data,No data,No data,No data,No data,8,0,No data
25811,No data,No data,No data,No data,No data,No data,No data,No data,No data,No data
25812,No data,No data,No data,No data,No data,No data,No data,No data,No data,No data
25813,No data,No data,No data,No data,No data,No data,No data,No data,No data,No data
25823,No data,No data,No data,No data,No data,No data,No data,No data,No data,No data
25824,No data,No data,No data,No data,No data,No data,No data,No data,No data,No data
25825,No data,No data,No data,No data,No data,No data,No data,No data,No data,No data
25826,No data,No data,No data,No data,No data,No data,No data,No data,No data,No data
25827,No data,No data,No data,No data,No data,No data,No data,No data,No data,No data
25829,No data,No data,No data,No data,No data,No data,No data,No data,No data,No data
25830,No data,No data,No data,No data,No data,No data,No data,No data,No data,No data
25831,No data,No data,No data,No data,No data,No data,No data,No data,No data,No data
25832,No data,No data,No data,No data,No data,No data,No data,No data,No data,No data
25833,No data,No data,No data,No data,No data,No data,No data,4,0,No data
25834,No data,No data,No data,No data,No data,No data,No data,No data,No data,No data
25835,No data,No data,No data,No data,No data,No data,No data,No data,No data,No data
26001,No data,No data,No data,No data,No data,No data,No data,No data,No data,No data
26002,No data,No data,No data,No data,No data,No data,No data,No data,No data,No data
26003,No data,No data,No data,No data,No data,No data,No data,46,0,1
26004,No data,No data,No data,No data,No data,No data,No data,21,0,No data
26008,No data,No data,No data,No data,No data,No data,No data,No data,No data,No data
26010,No data,No data,No data,No data,No data,No data,No data,No data,No data,No data
26020,0,2,3,2,7,7,2,No data,No data,1
26021,12,45,70,63,56,50,7,No data,No data,16
26022,8,36,43,70,64,94,23,No data,No data,39
26050,0,3,3,0,1,2,0,No data,No data,No data
26124,10,18,13,11,4,3,2,No data,No data,4
26127,No data,No data,No data,No data,No data,No data,No data,No data,No data,No data
26128,No data,No data,No data,No data,No data,No data,No data,No data,No data,No data
26130,No data,No data,No data,No data,No data,No data,No data,No data,No data,No data
26134,No data,No data,No data,No data,No data,No data,No data,No data,No data,No data
26171,No data,No data,No data,No data,No data,No data,No data,No data,No data,No data
26173,0,0,2,1,1,0,0,No data,No data,No data
26174,No data,No data,No data,No data,No data,No data,No data,No data,No data,No data
26200,0,2,2,1,1,3,0,No data,No data,No data
26211,14,22,56,27,12,6,0,No data,No data,7
26220,12,10,8,10,2,8,4,No data,No data,1
26225,No data,No data,No data,No data,No data,No data,No data,No data,No data,No data
26231,2,7,7,4,2,4,2,No data,No data,1
26236,No data,No data,No data,No data,No data,No data,No data,No data,No data,No data
26241,No data,No data,No data,No data,No data,No data,No data,No data,No data,No data
26245,No data,No data,No data,No data,No data,No data,No data,29,1,1
26255,No data,No data,No data,No data,No data,No data,No data,No data,No data,No data
26261,No data,No data,No data,No data,No data,No data,No data,No data,No data,No data
26263,No data,No data,No data,No data,No data,No data,No data,No data,No data,No data
26271,5,10,23,15,7,11,5,No data,No data,12
26280,3,4,4,3,0,0,0,No data,No data,3
26300,0,2,1,0,4,0,0,No data,No data,No data
26317,17,13,12,5,3,2,1,No data,No data,6
26325,11,8,2,0,0,0,0,No data,No data,1
26371,No data,No data,No data,No data,No data,No data,No data,No data,No data,No data
26374,No data,No data,No data,No data,No data,No data,No data,43,0,2
26400,48,42,43,28,25,39,21,No data,No data,28
26407,No data,No data,No data,No data,No data,No data,No data,17,0,No data
26411,0,2,3,2,1,2,0,No data,No data,1
26416,No data,No data,No data,No data,No data,No data,No data,No data,No data,No data
26422,No data,No data,No data,No data,No data,No data,No data,No data,No data,No data
26426,7,18,15,14,9,16,2,0,0,6
26428,8,13,12,7,4,3,4,No data,No data,6
26433,1,1,1,3,1,0,2,No data,No data,2
26438,No data,No data,No data,No data,No data,No data,No data,No data,No data,No data
26444,6,5,7,7,2,4,1,No data,No data,1
26446,6,6,7,7,3,9,1,No data,No data,No data
26455,No data,No data,No data,No data,No data,No data,No data,No data,No data,No data
26471,7,8,18,15,13,23,5,No data,No data,11
26474,No data,No data,No data,No data,No data,No data,No data,No data,No data,No data
26510,3,12,14,2,3,0,0,No data,No data,No data
26620,No data,No data,No data,No data,No data,No data,No data,45,0,1
26800,No data,No data,No data,No data,No data,No data,No data,No data,No data,No data
26805,No data,No data,No data,No data,No data,No data,No data,No data,No data,No data
26820,No data,No data,No data,No data,No data,No data,No data,No data,No data,No data
26840,1,0,1,3,0,3,0,No data,No data,4
26932,No data,No data,No data,No data,No data,No data,No data,No data,No data,No data
26933,No data,No data,No data,No data,No data,No data,No data,No data,No data,No data
26944,No data,No data,No data,No data,No data,No data,No data,No data,No data,No data
26960,No data,No data,No data,No data,No data,No data,No data,No data,No data,No data
26970,No data,No data,No data,No data,No data,No data,No data,No data,No data,No data
26991,No data,No data,No data,No data,No data,No data,No data,No data,No data,No data
27002,No data,No data,No data,No data,No data,No data,No data,No data,No data,No data
27003,No data,No data,No data,No data,No data,No data,No data,No data,No data,No data
27016,No data,No data,No data,No data,No data,No data,No data,No data,No data,No data
27020,23,155,258,75,3,0,0,0,3,18
27021,0,2,6,5,0,0,0,No data,No data,1
27022,18,26,37,46,15,15,0,No data,No data,10
27023,No data,No data,No data,No data,No data,No data,No data,54,0,No data
27026,0,2,0,3,1,2,0,No data,No data,3
27027,No data,No data,No data,No data,No data,No data,No data,No data,No data,No data
27030,16,25,20,8,8,3,0,No data,No data,6
27034,11,44,29,11,10,1,1,No data,No data,5
27035,No data,No data,No data,No data,No data,No data,No data,57,0,No data
27051,17,16,22,14,8,4,0,No data,No data,2
27062,No data,No data,No data,No data,No data,No data,No data,No data,No data,No data
27063,No data,No data,No data,No data,No data,No data,No data,No data,No data,No data
27070,21,48,49,1,1,0,0,No data,No data,5
27075,27,17,1,5,0,0,0,No data,No data,No data
27101,No data,No data,No data,No data,No data,No data,No data,59,2,No data
27220,19,20,16,5,3,1,0,No data,No data,3
27230,3,3,3,2,2,0,0,No data,No data,1
27246,0,1,2,2,2,0,0,No data,No data,1
27247,No data,No data,No data,No data,No data,No data,No data,No data,No data,No data
27255,23,6,0,1,0,0,0,No data,No data,No data
27325,10,16,5,1,1,0,0,No data,No data,2
27330,5,3,8,2,1,1,0,No data,No data,4
27419,48,29,17,4,1,0,0,No data,No data,6
27422,46,19,11,4,0,2,0,No data,No data,2
27423,0,1,2,1,1,0,0,No data,No data,1
27430,13,16,15,19,14,21,1,No data,No data,12
27432,No data,No data,No data,No data,No data,No data,No data,28,0,No data
27436,4,1,2,0,0,0,0,No data,No data,2
27455,8,28,23,10,7,1,0,No data,No data,2
27460,No data,No data,No data,No data,No data,No data,No data,No data,No data,No data
27470,33,52,14,1,1,0,0,No data,No data,2
27472,6,2,1,0,0,0,0,No data,No data,No data
27510,6,22,28,9,1,0,0,No data,No data,No data
27665,No data,No data,No data,No data,No data,No data,No data,No data,No data,No data
27666,28,17,3,0,0,0,0,3,0,No data
27800,No data,No data,No data,No data,No data,No data,No data,15,0,No data
27802,No data,No data,No data,No data,No data,No data,No data,10,0,No data
27803,No data,No data,No data,No data,No data,No data,No data,No data,No data,No data
27804,No data,No data,No data,No data,No data,No data,No data,No data,No data,No data
27805,No data,No data,No data,No data,No data,No data,No data,No data,No data,No data
27820,No data,No data,No data,No data,No data,No data,No data,No data,No data,No data
27823,No data,No data,No data,No data,No data,No data,No data,No data,No data,No data
27828,13,0,0,0,0,0,0,No data,No data,No data
27832,No data,No data,No data,No data,No data,No data,No data,No data,No data,No data
27833,No data,No data,No data,No data,No data,No data,No data,No data,No data,No data
27838,No data,No data,No data,No data,No data,No data,No data,29,0,No data
27839,No data,No data,No data,No data,No data,No data,No data,33,0,No data
27840,No data,No data,No data,No data,No data,No data,No data,26,0,No data
27845,No data,No data,No data,No data,No data,No data,No data,6,0,1
28010,27,16,11,3,1,0,0,No data,No data,1
28012,0,1,2,1,0,5,0,No data,No data,No data
28016,1,0,3,0,1,0,0,No data,No data,No data
28020,8,6,11,8,7,0,12,No data,No data,1
28021,1,1,2,1,0,0,1,No data,No data,3
28022,0,3,1,2,0,0,0,No data,No data,1
28025,12,13,16,7,8,7,0,No data,No data,1
28121,11,5,0,0,0,0,0,No data,No data,No data
28123,26,23,7,0,0,0,0,No data,No data,No data
28125,No data,No data,No data,No data,No data,No data,No data,No data,No data,No data
28140,1,1,2,1,0,5,0,No data,No data,No data
28145,No data,No data,No data,No data,No data,No data,No data,No data,No data,No data
28150,No data,No data,No data,No data,No data,No data,No data,No data,No data,No data
28155,No data,No data,No data,No data,No data,No data,No data,No data,No data,No data
28157,7,23,8,0,0,0,0,No data,No data,3
28160,13,10,12,1,1,5,0,No data,No data,No data
28165,No data,No data,No data,No data,No data,No data,No data,No data,No data,No data
28212,11,4,14,7,7,7,2,No data,No data,6
28213,No data,No data,No data,No data,No data,No data,No data,No data,No data,No data
28214,6,5,0,0,0,0,0,No data,No data,No data
28216,No data,No data,No data,No data,No data,No data,No data,No data,No data,No data
28217,No data,No data,No data,No data,No data,No data,No data,No data,No data,No data
28221,3,20,7,0,0,0,0,No data,No data,No data
28233,0,2,8,0,1,4,0,No data,No data,No data
28242,1,2,0,4,0,0,0,No data,No data,No data
28244,No data,No data,No data,No data,No data,No data,No data,No data,No data,No data
28271,6,2,2,0,0,0,0,No data,No data,1
28311,No data,No data,No data,No data,No data,No data,No data,No data,No data,No data
28315,1,1,1,2,0,0,0,No data,No data,1
28316,No data,No data,No data,No data,No data,No data,No data,No data,No data,No data
28322,No data,No data,No data,No data,No data,No data,No data,No data,No data,No data
28342,2,10,12,6,7,18,2,No data,No data,7
28344,3,9,12,0,0,7,1,No data,No data,No data
28345,2,15,45,15,4,3,0,No data,No data,2
28346,15,4,0,0,0,0,0,No data,No data,No data
28350,15,33,21,12,0,0,0,No data,No data,No data
28352,4,17,17,2,0,2,0,No data,No data,2
28361,19,24,3,2,1,0,0,No data,No data,6
28412,No data,No data,No data,No data,No data,No data,No data,No data,No data,No data
28420,No data,No data,No data,No data,No data,No data,No data,No data,No data,No data
28423,3,10,5,4,0,0,0,No data,No data,2
28434,21,19,13,5,0,6,0,No data,No data,4
28443,13,15,6,5,0,0,0,No data,No data,No data
28451,8,11,8,3,0,0,0,No data,No data,No data
28455,No data,No data,No data,No data,No data,No data,No data,No data,No data,No data
28485,No data,No data,No data,No data,No data,No data,No data,No data,No data,No data
28530,1,0,2,1,0,0,0,No data,No data,No data
28720,No data,No data,No data,No data,No data,No data,No data,No data,No data,No data
28725,No data,No data,No data,No data,No data,No data,No data,No data,No data,No data
28730,No data,No data,No data,No data,No data,No data,No data,No data,No data,No data
28737,6,4,7,0,0,0,0,No data,No data,No data
28745,No data,No data,No data,No data,No data,No data,No data,No data,No data,No data
28747,No data,No data,No data,No data,No data,No data,No data,No data,No data,No data
28750,No data,No data,No data,No data,No data,No data,No data,No data,No data,No data
28751,No data,No data,No data,No data,No data,No data,No data,No data,No data,No data
28755,No data,No data,No data,No data,No data,No data,No data,No data,No data,No data
28761,No data,No data,No data,No data,No data,No data,No data,No data,No data,No data
28777,No data,No data,No data,No data,No data,No data,No data,No data,No data,No data
28811,3,1,2,0,0,0,0,No data,No data,No data
28831,No data,No data,No data,No data,No data,No data,No data,No data,No data,No data
28845,No data,No data,No data,No data,No data,No data,No data,No data,No data,No data
28850,35,56,34,1,0,0,0,No data,No data,4
28852,No data,No data,No data,No data,No data,No data,No data,No data,No data,No data
28855,No data,No data,No data,No data,No data,No data,No data,257,24,No data
28857,No data,No data,No data,No data,No data,No data,No data,No data,No data,No data
28870,No data,No data,No data,No data,No data,No data,No data,No data,No data,No data
28871,4,7,8,4,4,0,0,No data,No data,1
28872,No data,No data,No data,No data,No data,No data,No data,No data,No data,No data
28905,No data,No data,No data,No data,No data,No data,No data,No data,No data,No data
28908,No data,No data,No data,No data,No data,No data,No data,No data,No data,No data
28909,No data,No data,No data,No data,No data,No data,No data,No data,No data,No data
28917,No data,No data,No data,No data,No data,No data,No data,No data,No data,No data
28923,No data,No data,No data,No data,No data,No data,No data,No data,No data,No data
28927,No data,No data,No data,No data,No data,No data,No data,No data,No data,No data
28928,No data,No data,No data,No data,No data,No data,No data,No data,No data,No data
28930,No data,No data,No data,No data,No data,No data,No data,No data,No data,No data
28932,No data,No data,No data,No data,No data,No data,No data,No data,No data,No data
28934,No data,No data,No data,No data,No data,No data,No data,No data,No data,No data
29902,No data,No data,No data,No data,No data,No data,No data,No data,No data,No data
29905,No data,No data,No data,No data,No data,No data,No data,No data,No data,No data
29907,No data,No data,No data,No data,No data,No data,No data,No data,No data,No data
30010,No data,No data,No data,No data,No data,No data,No data,No data,No data,No data
30015,No data,No data,No data,No data,No data,No data,No data,No data,No data,No data
30020,No data,No data,No data,No data,No data,No data,No data,32,6,1
30021,No data,No data,No data,No data,No data,No data,No data,No data,No data,No data
30032,0,1,2,1,1,1,0,No data,No data,No data
30035,No data,No data,No data,No data,No data,No data,No data,No data,No data,No data
30081,No data,No data,No data,No data,No data,No data,No data,30,0,3
30082,7,7,9,8,4,1,0,No data,No data,3
30101,No data,No data,No data,No data,No data,No data,No data,No data,No data,No data
30102,3,10,13,7,8,0,0,No data,No data,No data
30110,12,15,6,0,0,0,0,No data,No data,No data
30121,17,20,7,6,2,0,0,0,1,No data
30131,No data,No data,No data,No data,No data,No data,No data,No data,No data,No data
30142,2,7,2,5,1,0,1,No data,No data,2
30150,No data,No data,No data,No data,No data,No data,No data,No data,No data,No data
30160,5,3,9,9,6,8,7,No data,No data,5
30202,No data,No data,No data,No data,No data,No data,No data,No data,No data,No data
30221,1,15,0,0,0,0,0,No data,No data,4
30222,No data,No data,No data,No data,No data,No data,No data,No data,No data,No data
30223,0,4,0,0,0,0,0,No data,No data,No data
30224,No data,No data,No data,No data,No data,No data,No data,No data,No data,No data
30230,No data,No data,No data,No data,No data,No data,No data,No data,No data,No data
30300,No data,No data,No data,No data,No data,No data,No data,No data,No data,No data
30310,9,26,10,9,0,0,0,No data,No data,1
30320,34,0,0,0,0,0,0,No data,No data,No data
30330,No data,No data,No data,No data,No data,No data,No data,No data,No data,No data
30340,6,4,10,5,3,0,2,No data,No data,1
30350,No data,No data,No data,No data,No data,No data,No data,No data,No data,No data
30400,No data,No data,No data,No data,No data,No data,No data,No data,No data,No data
30405,1,10,9,10,17,4,1,No data,No data,6
30410,No data,No data,No data,No data,No data,No data,No data,No data,No data,No data
30415,No data,No data,No data,No data,No data,No data,No data,No data,No data,No data
30421,2,2,5,7,2,2,1,No data,No data,No data
30428,2,4,3,3,2,0,0,No data,No data,No data
30430,No data,No data,No data,No data,No data,No data,No data,No data,No data,No data
30510,13,5,0,0,0,0,0,No data,No data,No data
30530,6,21,20,14,6,2,0,No data,No data,No data
30531,11,15,2,1,1,1,0,No data,No data,3
30540,No data,No data,No data,No data,No data,No data,No data,No data,No data,No data
30545,No data,No data,No data,No data,No data,No data,No data,No data,No data,No data
30552,No data,No data,No data,No data,No data,No data,No data,No data,No data,No data
30554,8,5,4,2,0,0,0,No data,No data,1
30555,No data,No data,No data,No data,No data,No data,No data,No data,No data,No data
30561,8,5,0,0,0,0,0,No data,No data,1
30564,No data,No data,No data,No data,No data,No data,No data,No data,No data,No data
30574,9,20,8,3,0,0,0,No data,No data,No data
30720,No data,No data,No data,No data,No data,No data,No data,No data,No data,No data
30742,No data,No data,No data,No data,No data,No data,No data,No data,No data,No data
30745,0,4,5,0,0,0,0,No data,No data,1
30752,No data,No data,No data,No data,No data,No data,No data,No data,No data,No data
30755,No data,No data,No data,No data,No data,No data,No data,No data,No data,No data
30760,6,11,2,1,0,0,0,1,0,2
30784,No data,No data,No data,No data,No data,No data,No data,No data,No data,No data
30785,11,6,1,1,1,0,0,No data,No data,2
30791,No data,No data,No data,No data,No data,No data,No data,No data,No data,No data
30794,No data,No data,No data,No data,No data,No data,No data,No data,No data,No data
30857,5,22,4,0,0,0,0,No data,No data,No data
30911,No data,No data,No data,No data,No data,No data,No data,No data,No data,No data
30970,No data,No data,No data,No data,No data,No data,No data,No data,No data,No data
34019,No data,No data,No data,No data,No data,No data,No data,No data,No data,No data
34020,7,18,24,8,10,2,1,No data,No data,2
34021,9,4,1,0,0,0,0,No data,No data,No data
34023,No data,No data,No data,No data,No data,No data,No data,No data,No data,No data
34024,No data,No data,No data,No data,No data,No data,No data,No data,No data,No data
34029,No data,No data,No data,No data,No data,No data,No data,No data,No data,No data
34031,2,6,11,4,7,2,0,No data,No data,3
34032,No data,No data,No data,No data,No data,No data,No data,No data,No data,No data
34034,0,1,1,0,2,1,0,No data,No data,No data
34038,No data,No data,No data,No data,No data,No data,No data,No data,No data,No data
34041,3,3,1,1,0,1,0,No data,No data,2
34042,No data,No data,No data,No data,No data,No data,No data,No data,No data,No data
34043,3,1,2,2,0,0,0,No data,No data,No data
34046,No data,No data,No data,No data,No data,No data,No data,No data,No data,No data
34051,0,5,5,1,3,3,0,No data,No data,2
34052,No data,No data,No data,No data,No data,No data,No data,No data,No data,No data
34053,No data,No data,No data,No data,No data,No data,No data,No data,No data,No data
34060,2,0,1,1,2,0,0,No data,No data,No data
34061,5,4,1,2,1,0,0,No data,No data,1
34062,2,2,2,2,0,0,0,No data,No data,No data
34063,No data,No data,No data,No data,No data,No data,No data,No data,No data,No data
34091,No data,No data,No data,No data,No data,No data,No data,No data,No data,No data
34092,No data,No data,No data,No data,No data,No data,No data,No data,No data,No data
34094,No data,No data,No data,No data,No data,No data,No data,No data,No data,No data
34120,2,1,2,2,2,1,0,No data,No data,No data
34121,No data,No data,No data,No data,No data,No data,No data,No data,No data,No data
34126,No data,No data,No data,No data,No data,No data,No data,No data,No data,No data
34127,6,3,0,2,0,0,0,No data,No data,No data
34129,No data,No data,No data,No data,No data,No data,No data,No data,No data,No data
34130,No data,No data,No data,No data,No data,No data,No data,No data,No data,No data
34153,0,1,1,2,1,2,0,No data,No data,3
34156,No data,No data,No data,No data,No data,No data,No data,No data,No data,No data
34190,No data,No data,No data,No data,No data,No data,No data,No data,No data,No data
34192,No data,No data,No data,No data,No data,No data,No data,6,0,No data
34193,No data,No data,No data,No data,No data,No data,No data,No data,No data,No data
34194,No data,No data,No data,No data,No data,No data,No data,No data,No data,No data
34210,6,2,6,5,3,2,0,No data,No data,4
34220,6,14,11,1,1,0,0,No data,No data,2
34229,4,12,4,0,0,0,0,0,1,No data
34231,No data,No data,No data,No data,No data,No data,No data,No data,No data,No data
34240,2,2,2,1,0,0,0,No data,No data,2
34241,2,2,2,1,0,0,0,No data,No data,2
34242,No data,No data,No data,No data,No data,No data,No data,16,0,1
34249,3,15,0,0,0,0,0,0,2,No data
34250,No data,No data,No data,No data,No data,No data,No data,No data,No data,No data
34251,No data,No data,No data,No data,No data,No data,No data,No data,No data,No data
34269,1,5,0,3,0,0,1,No data,No data,1
34290,No data,No data,No data,No data,No data,No data,No data,5,0,No data
34302,No data,No data,No data,No data,No data,No data,No data,No data,No data,No data
34313,No data,No data,No data,No data,No data,No data,No data,No data,No data,No data
34315,26,15,17,11,5,0,0,No data,No data,No data
34318,No data,No data,No data,No data,No data,No data,No data,No data,No data,No data
34322,5,13,8,0,0,0,0,No data,No data,No data
34325,0,9,1,2,0,0,0,No data,No data,No data
34331,No data,No data,No data,No data,No data,No data,No data,No data,No data,No data
34332,No data,No data,No data,No data,No data,No data,No data,No data,No data,No data
34333,2,7,10,1,1,0,0,No data,No data,1
34334,No data,No data,No data,No data,No data,No data,No data,No data,No data,No data
34338,No data,No data,No data,No data,No data,No data,No data,No data,No data,No data
34343,3,5,7,4,0,1,0,No data,No data,4
34345,No data,No data,No data,No data,No data,No data,No data,No data,No data,No data
34346,7,15,10,1,1,1,0,No data,No data,No data
34349,12,26,11,1,0,0,0,No data,No data,2
34351,0,14,8,1,0,0,0,No data,No data,2
34359,No data,No data,No data,No data,No data,No data,No data,No data,No data,No data
34365,No data,No data,No data,No data,No data,No data,No data,No data,No data,No data
34366,No data,No data,No data,No data,No data,No data,No data,No data,No data,No data
34367,No data,No data,No data,No data,No data,No data,No data,No data,No data,No data
34368,No data,No data,No data,No data,No data,No data,No data,No data,No data,No data
34369,No data,No data,No data,No data,No data,No data,No data,No data,No data,No data
34370,13,24,22,4,0,0,2,No data,No data,No data
34371,No data,No data,No data,No data,No data,No data,No data,No data,No data,No data
34373,No data,No data,No data,No data,No data,No data,No data,37,0,1
34374,No data,No data,No data,No data,No data,No data,No data,48,2,1
34430,6,6,2,8,0,0,0,No data,No data,No data
34431,No data,No data,No data,No data,No data,No data,No data,No data,No data,No data
34440,No data,No data,No data,No data,No data,No data,No data,No data,No data,No data
34451,No data,No data,No data,No data,No data,No data,No data,No data,No data,No data
34492,No data,No data,No data,No data,No data,No data,No data,No data,No data,No data
34539,No data,No data,No data,No data,No data,No data,No data,10,0,1
34540,No data,No data,No data,No data,No data,No data,No data,No data,No data,No data
34541,No data,No data,No data,No data,No data,No data,No data,No data,No data,No data
34542,No data,No data,No data,No data,No data,No data,No data,No data,No data,No data
34551,No data,No data,No data,No data,No data,No data,No data,No data,No data,No data
34552,10,46,28,1,0,0,0,No data,No data,No data
34553,4,6,0,0,1,0,0,No data,No data,No data
34554,No data,No data,No data,No data,No data,No data,No data,No data,No data,No data
34590,No data,No data,No data,No data,No data,No data,No data,No data,No data,No data
34600,No data,No data,No data,No data,No data,No data,No data,No data,No data,No data
34601,No data,No data,No data,No data,No data,No data,No data,81,0,1
34602,No data,No data,No data,No data,No data,No data,No data,49,0,2
34603,No data,No data,No data,No data,No data,No data,No data,33,1,1
34620,No data,No data,No data,No data,No data,No data,No data,99,0,8
34621,No data,No data,No data,No data,No data,No data,No data,No data,No data,No data
34630,No data,No data,No data,No data,No data,No data,No data,No data,No data,No data
34636,No data,No data,No data,No data,No data,No data,No data,No data,No data,No data
34652,No data,No data,No data,No data,No data,No data,No data,No data,No data,No data
34653,No data,No data,No data,No data,No data,No data,No data,No data,No data,No data
34654,No data,No data,No data,No data,No data,No data,No data,No data,No data,No data
34655,21,20,22,8,1,0,0,No data,No data,No data
34656,10,15,14,2,1,1,0,No data,No data,2
34657,No data,No data,No data,No data,No data,No data,No data,No data,No data,No data
34658,4,6,2,0,0,0,0,No data,No data,No data
34659,6,5,3,1,0,0,0,No data,No data,No data
34690,No data,No data,No data,No data,No data,No data,No data,No data,No data,No data
34720,28,11,0,6,0,0,0,No data,No data,No data
34721,5,28,52,32,7,11,0,No data,No data,3
34722,1,5,21,13,5,9,0,No data,No data,No data
34723,No data,No data,No data,No data,No data,No data,No data,30,7,No data
34724,No data,No data,No data,No data,No data,No data,No data,6,1,1
34745,No data,No data,No data,No data,No data,No data,No data,No data,No data,No data
34746,9,15,5,2,0,0,0,No data,No data,No data
34748,3,4,8,0,2,0,0,No data,No data,No data
34752,No data,No data,No data,No data,No data,No data,No data,46,1,2
34753,2,2,2,7,1,2,0,No data,No data,No data
34755,12,43,32,6,0,2,0,No data,No data,No data
34757,No data,No data,No data,No data,No data,No data,No data,42,0,1
34759,No data,No data,No data,No data,No data,No data,No data,No data,No data,No data
34760,7,23,26,0,0,0,0,No data,No data,1
34761,No data,No data,No data,No data,No data,No data,No data,No data,No data,No data
34763,No data,No data,No data,No data,No data,No data,No data,61,1,No data
34764,No data,No data,No data,No data,No data,No data,No data,No data,No data,No data
34765,No data,No data,No data,No data,No data,No data,No data,No data,No data,No data
34791,No data,No data,No data,No data,No data,No data,No data,No data,No data,No data
34792,No data,No data,No data,No data,No data,No data,No data,9,0,1
34840,0,0,1,2,0,1,0,No data,No data,1
34844,No data,No data,No data,No data,No data,No data,No data,No data,No data,No data
34846,5,11,9,6,0,0,0,No data,No data,1
34847,No data,No data,No data,No data,No data,No data,No data,No data,No data,No data
34848,No data,No data,No data,No data,No data,No data,No data,No data,No data,No data
34850,2,6,7,8,2,3,0,No data,No data,1
34860,9,7,5,2,6,2,0,No data,No data,5
34865,2,1,1,0,1,2,0,No data,No data,No data
34867,No data,No data,No data,No data,No data,No data,No data,No data,No data,No data
34870,No data,No data,No data,No data,No data,No data,No data,No data,No data,No data
34871,No data,No data,No data,No data,No data,No data,No data,No data,No data,No data
34880,No data,No data,No data,No data,No data,No data,No data,No data,No data,No data
34895,No data,No data,No data,No data,No data,No data,No data,No data,No data,No data
38001,6,57,21,0,0,0,0,No data,No data,2
38102,No data,No data,No data,No data,No data,No data,No data,No data,No data,No data
38103,25,40,42,2,0,0,0,No data,No data,2
38104,10,19,17,1,0,0,0,No data,No data,No data
38106,No data,No data,No data,No data,No data,No data,No data,400,22,No data
38108,No data,No data,No data,No data,No data,No data,No data,No data,No data,No data
38109,No data,No data,No data,No data,No data,No data,No data,16,0,No data
38110,No data,No data,No data,No data,No data,No data,No data,No data,No data,No data
38111,No data,No data,No data,No data,No data,No data,No data,No data,No data,No data
38112,9,15,1,1,0,0,0,No data,No data,1
38113,No data,No data,No data,No data,No data,No data,No data,No data,No data,No data
38201,No data,No data,No data,No data,No data,No data,No data,No data,No data,No data
38202,19,22,3,1,0,0,0,No data,No data,No data
38203,No data,No data,No data,No data,No data,No data,No data,No data,No data,No data
38204,No data,No data,No data,No data,No data,No data,No data,No data,No data,No data
38301,No data,No data,No data,No data,No data,No data,No data,24,0,No data
38302,No data,No data,No data,No data,No data,No data,No data,44,0,1
38799,No data,No data,No data,No data,No data,No data,No data,25,0,No data
38888,No data,No data,No data,No data,No data,No data,No data,No data,No data,No data
41000,No data,No data,No data,No data,No data,No data,No data,No data,No data,No data
41011,No data,No data,No data,No data,No data,No data,No data,No data,No data,No data
41012,No data,No data,No data,No data,No data,No data,No data,No data,No data,No data
41013,No data,No data,No data,No data,No data,No data,No data,No data,No data,No data
41020,38,19,1,0,0,0,0,No data,No data,No data
41028,No data,No data,No data,No data,No data,No data,No data,139,2,No data
41029,12,42,6,0,0,0,0,No data,No data,2
41031,No data,No data,No data,No data,No data,No data,No data,No data,No data,No data
41045,No data,No data,No data,No data,No data,No data,No data,No data,No data,No data
41046,1,6,11,17,11,4,0,No data,No data,2
41051,12,29,15,6,0,0,0,No data,No data,No data
41073,No data,No data,No data,No data,No data,No data,No data,No data,No data,No data
41083,16,41,20,20,0,0,0,No data,No data,3
41084,No data,No data,No data,No data,No data,No data,No data,No data,No data,No data
41102,No data,No data,No data,No data,No data,No data,No data,No data,No data,No data
41107,5,17,62,10,5,2,0,No data,No data,5
41111,No data,No data,No data,No data,No data,No data,No data,No data,No data,No data
41112,No data,No data,No data,No data,No data,No data,No data,No data,No data,No data
41113,No data,No data,No data,No data,No data,No data,No data,No data,No data,No data
41117,No data,No data,No data,No data,No data,No data,No data,No data,No data,No data
41126,3,5,2,0,3,0,0,No data,No data,No data
41129,No data,No data,No data,No data,No data,No data,No data,No data,No data,No data
41201,No data,No data,No data,No data,No data,No data,No data,No data,No data,No data
41204,6,6,13,6,10,6,2,No data,No data,3
41216,No data,No data,No data,No data,No data,No data,No data,No data,No data,No data
41222,No data,No data,No data,No data,No data,No data,No data,No data,No data,No data
41226,5,5,3,1,3,0,0,No data,No data,1
41236,8,12,38,33,3,32,15,No data,No data,5
41237,5,31,18,6,3,0,0,No data,No data,No data
41239,No data,No data,No data,No data,No data,No data,No data,No data,No data,No data
41263,0,1,4,4,1,0,0,No data,No data,No data
41270,No data,No data,No data,No data,No data,No data,No data,No data,No data,No data
41271,0,8,3,0,0,1,0,No data,No data,No data
41275,No data,No data,No data,No data,No data,No data,No data,No data,No data,No data
41280,0,4,0,0,0,0,0,No data,No data,No data
41292,No data,No data,No data,No data,No data,No data,No data,No data,No data,No data
41312,5,19,21,20,5,5,0,No data,No data,5
41315,No data,No data,No data,No data,No data,No data,No data,86,0,2
41316,No data,No data,No data,No data,No data,No data,No data,No data,No data,No data
41317,39,24,5,1,0,1,0,No data,No data,1
41320,No data,No data,No data,No data,No data,No data,No data,No data,No data,No data
41321,2,4,8,2,0,1,0,No data,No data,No data
41341,No data,No data,No data,No data,No data,No data,No data,No data,No data,No data
41342,No data,No data,No data,No data,No data,No data,No data,14,0,No data
41343,8,10,8,2,0,0,0,No data,No data,No data
41346,6,17,5,2,0,0,0,No data,No data,No data
41348,No data,No data,No data,No data,No data,No data,No data,No data,No data,No data
41391,No data,No data,No data,No data,No data,No data,No data,No data,No data,No data
41392,No data,No data,No data,No data,No data,No data,No data,No data,No data,No data
41401,13,22,7,2,2,3,1,No data,No data,3
41402,No data,No data,No data,No data,No data,No data,No data,No data,No data,No data
41416,5,36,15,0,0,0,0,No data,No data,1
41417,No data,No data,No data,No data,No data,No data,No data,No data,No data,No data
41418,10,29,32,0,0,0,0,No data,No data,No data
41419,No data,No data,No data,No data,No data,No data,No data,No data,No data,No data
41420,No data,No data,No data,No data,No data,No data,No data,No data,No data,No data
41451,40,22,23,14,13,9,3,No data,No data,6
41452,6,1,5,0,4,1,0,No data,No data,1
41458,7,9,10,6,5,8,0,No data,No data,3
41459,5,10,14,8,12,11,3,No data,No data,5
41461,No data,No data,No data,No data,No data,No data,No data,No data,No data,No data
41462,No data,No data,No data,No data,No data,No data,No data,No data,No data,No data
41463,No data,No data,No data,No data,No data,No data,No data,No data,No data,No data
41464,1,17,14,5,0,0,0,No data,No data,No data
41465,0,0,0,4,3,4,0,No data,No data,No data
41466,10,16,28,11,3,3,0,No data,No data,1
41468,4,24,32,2,1,4,0,No data,No data,1
41469,No data,No data,No data,No data,No data,No data,No data,No data,No data,No data
41490,No data,No data,No data,No data,No data,No data,No data,No data,No data,No data
41491,No data,No data,No data,No data,No data,No data,No data,No data,No data,No data
41501,13,9,19,15,12,18,6,No data,No data,11
41502,0,0,1,3,6,3,1,No data,No data,1
41511,9,11,24,10,21,21,1,No data,No data,6
41512,2,6,7,15,9,5,0,No data,No data,No data
41514,18,20,16,6,2,0,0,No data,No data,1
41515,No data,No data,No data,No data,No data,No data,No data,No data,No data,No data
41516,No data,No data,No data,No data,No data,No data,No data,No data,No data,No data
41517,4,9,10,1,0,0,0,No data,No data,No data
41522,7,15,17,1,0,0,1,No data,No data,1
41524,No data,No data,No data,No data,No data,No data,No data,No data,No data,No data
41525,No data,No data,No data,No data,No data,No data,No data,No data,No data,No data
41526,No data,No data,No data,No data,No data,No data,No data,No data,No data,No data
41528,0,12,24,18,9,0,2,No data,No data,5
41533,2,6,21,9,4,16,5,No data,No data,10
41534,1,0,0,0,3,1,0,No data,No data,No data
41561,2,3,3,1,2,0,0,No data,No data,No data
41563,13,14,12,3,1,0,1,No data,No data,No data
41564,2,1,2,1,1,1,0,No data,No data,No data
41591,No data,No data,No data,No data,No data,No data,No data,No data,No data,No data
41603,No data,No data,No data,No data,No data,No data,No data,No data,No data,No data
41612,No data,No data,No data,No data,No data,No data,No data,No data,No data,No data
41615,No data,No data,No data,No data,No data,No data,No data,No data,No data,No data
41619,No data,No data,No data,No data,No data,No data,No data,No data,No data,No data
41635,26,32,30,11,0,4,0,No data,No data,2
41636,No data,No data,No data,No data,No data,No data,No data,No data,No data,No data
41637,No data,No data,No data,No data,No data,No data,No data,No data,No data,No data
41638,No data,No data,No data,No data,No data,No data,No data,No data,No data,No data
41639,14,61,9,1,0,0,0,No data,No data,2
41651,No data,No data,No data,No data,No data,No data,No data,16,0,No data
41653,No data,No data,No data,No data,No data,No data,No data,No data,No data,No data
41656,4,10,10,12,8,4,0,No data,No data,5
41658,4,6,2,2,2,2,0,No data,No data,4
41659,14,27,26,15,4,4,0,No data,No data,5
41661,No data,No data,No data,No data,No data,No data,No data,No data,No data,No data
41662,0,0,1,1,0,2,0,No data,No data,No data
41667,No data,No data,No data,No data,No data,No data,No data,No data,No data,No data
41668,1,2,1,1,0,0,0,No data,No data,1
41669,3,7,6,6,5,5,0,No data,No data,4
41680,12,17,29,20,19,15,3,No data,No data,8
41681,0,1,2,3,0,2,0,No data,No data,1
41684,2,13,19,7,2,3,0,No data,No data,3
41685,14,10,16,8,5,2,0,No data,No data,No data
41686,3,9,11,6,8,16,1,No data,No data,3
41689,19,10,7,1,0,1,0,No data,No data,1
41690,No data,No data,No data,No data,No data,No data,No data,No data,No data,No data
41691,No data,No data,No data,No data,No data,No data,No data,No data,No data,No data
41714,12,38,20,2,0,0,0,No data,No data,No data
41730,No data,No data,No data,No data,No data,No data,No data,No data,No data,No data
41733,No data,No data,No data,No data,No data,No data,No data,No data,No data,No data
41734,5,7,7,0,0,0,0,No data,No data,No data
41735,14,10,7,0,0,0,0,No data,No data,No data
41737,36,19,3,2,1,0,0,No data,No data,1
41739,9,9,0,0,0,0,0,No data,No data,1
41740,No data,No data,No data,No data,No data,No data,No data,No data,No data,No data
41743,No data,No data,No data,No data,No data,No data,No data,No data,No data,No data
41747,No data,No data,No data,No data,No data,No data,No data,No data,No data,No data
41749,No data,No data,No data,No data,No data,No data,No data,No data,No data,No data
41750,8,4,6,4,1,0,0,No data,No data,1
41784,7,10,19,6,11,13,0,No data,No data,5
41787,4,7,28,8,7,3,2,No data,No data,8
41789,13,33,20,5,0,1,0,No data,No data,1
41792,No data,No data,No data,No data,No data,No data,No data,No data,No data,No data
41793,No data,No data,No data,No data,No data,No data,No data,15,0,No data
41801,30,28,8,0,0,0,0,No data,No data,1
41808,No data,No data,No data,No data,No data,No data,No data,No data,No data,No data
41813,2,7,16,2,0,0,0,0,0,1
41814,No data,No data,No data,No data,No data,No data,No data,No data,No data,No data
41815,No data,No data,No data,No data,No data,No data,No data,No data,No data,No data
41822,No data,No data,No data,No data,No data,No data,No data,No data,No data,No data
41832,No data,No data,No data,No data,No data,No data,No data,No data,No data,No data
41833,No data,No data,No data,No data,No data,No data,No data,No data,No data,No data
41843,No data,No data,No data,No data,No data,No data,No data,No data,No data,No data
41860,0,2,0,2,1,0,0,No data,No data,No data
41861,0,3,3,2,1,0,0,No data,No data,No data
41862,No data,No data,No data,No data,No data,No data,No data,No data,No data,No data
41863,1,2,3,0,0,3,0,No data,No data,2
41864,No data,No data,No data,No data,No data,No data,No data,No data,No data,No data
41871,No data,No data,No data,No data,No data,No data,No data,No data,No data,No data
41872,2,3,4,1,0,0,1,No data,No data,No data
41873,No data,No data,No data,No data,No data,No data,No data,No data,No data,No data
41874,No data,No data,No data,No data,No data,No data,No data,No data,No data,No data
41876,0,4,4,1,0,0,0,No data,No data,No data
41881,0,13,0,0,0,0,0,No data,No data,No data
41882,13,4,11,0,0,0,0,No data,No data,No data
41903,No data,No data,No data,No data,No data,No data,No data,No data,No data,No data
41905,2,12,24,3,0,0,0,No data,No data,No data
41906,3,10,27,5,0,0,0,No data,No data,No data
41911,No data,No data,No data,No data,No data,No data,No data,No data,No data,No data
41919,No data,No data,No data,No data,No data,No data,No data,71,2,No data
41925,No data,No data,No data,No data,No data,No data,No data,No data,No data,No data
41927,22,54,46,6,2,0,3,No data,No data,No data
41928,No data,No data,No data,No data,No data,No data,No data,No data,No data,No data
41929,No data,No data,No data,No data,No data,No data,No data,53,0,No data
41931,0,1,4,1,0,0,0,No data,No data,No data
41932,2,5,8,6,7,3,0,No data,No data,1
41933,8,12,21,11,3,4,1,No data,No data,6
41934,No data,No data,No data,No data,No data,No data,No data,No data,No data,No data
41935,20,34,20,5,0,0,0,No data,No data,1
41936,33,59,38,10,4,1,0,No data,No data,2
41937,No data,No data,No data,No data,No data,No data,No data,No data,No data,No data
41938,No data,No data,No data,No data,No data,No data,No data,No data,No data,No data
41940,12,9,4,2,0,0,0,No data,No data,No data
41941,No data,No data,No data,No data,No data,No data,No data,No data,No data,No data
41942,No data,No data,No data,No data,No data,No data,No data,No data,No data,No data
41943,12,36,12,0,0,0,0,No data,No data,No data
41944,35,9,11,4,1,0,0,No data,No data,No data
41945,No data,No data,No data,No data,No data,No data,No data,No data,No data,No data
41946,No data,No data,No data,No data,No data,No data,No data,No data,No data,No data
41947,12,23,17,14,0,0,0,No data,No data,1
41948,14,33,14,0,1,0,0,No data,No data,No data
41950,7,18,29,26,34,46,24,0,0,23
41953,10,11,5,7,11,10,5,No data,No data,3
41954,0,0,0,5,6,6,0,No data,No data,No data
41955,1,8,10,9,19,17,2,No data,No data,5
41956,4,14,16,14,8,19,0,No data,No data,9
41957,0,0,2,4,1,1,0,No data,No data,No data
41958,0,1,3,1,0,2,0,No data,No data,1
41961,No data,No data,No data,No data,No data,No data,No data,No data,No data,No data
41963,0,1,0,4,2,2,0,No data,No data,1
41967,No data,No data,No data,No data,No data,No data,No data,No data,No data,No data
41968,No data,No data,No data,No data,No data,No data,No data,No data,No data,No data
41969,4,13,10,9,4,1,0,No data,No data,No data
41970,No data,No data,No data,No data,No data,No data,No data,13,0,No data
41972,6,29,20,5,2,0,0,No data,No data,1
41991,No data,No data,No data,No data,No data,No data,No data,No data,No data,No data
41992,No data,No data,No data,No data,No data,No data,No data,No data,No data,No data
41B01,No data,No data,No data,No data,No data,No data,No data,No data,No data,No data
41B02,No data,No data,No data,No data,No data,No data,No data,No data,No data,No data
41B04,0,11,18,2,1,1,0,No data,No data,No data
41B05,1,1,18,6,3,0,0,No data,No data,No data
41B06,4,4,2,0,2,0,0,No data,No data,No data
41B12,3,12,16,2,0,0,0,No data,No data,1
41B13,No data,No data,No data,No data,No data,No data,No data,No data,No data,No data
41B1A,No data,No data,No data,No data,No data,No data,No data,No data,No data,No data
41B1C,No data,No data,No data,No data,No data,No data,No data,No data,No data,No data
41B1D,No data,No data,No data,No data,No data,No data,No data,No data,No data,No data
41B24,No data,No data,No data,No data,No data,No data,No data,No data,No data,No data
41B25,8,3,10,3,2,0,0,No data,No data,2
41B27,No data,No data,No data,No data,No data,No data,No data,No data,No data,No data
41B2B,3,3,0,3,0,0,0,No data,No data,No data
41B2C,3,4,0,0,0,0,0,No data,No data,No data
41B3A,No data,No data,No data,No data,No data,No data,No data,No data,No data,No data
41B3B,No data,No data,No data,No data,No data,No data,No data,No data,No data,No data
41B3C,No data,No data,No data,No data,No data,No data,No data,No data,No data,No data
41B4A,6,4,0,0,0,0,0,No data,No data,No data
41E16,No data,No data,No data,No data,No data,No data,No data,No data,No data,No data
41MIB,No data,No data,No data,No data,No data,No data,No data,No data,No data,No data
42001,11,21,18,4,0,0,0,No data,No data,2
42009,No data,No data,No data,No data,No data,No data,No data,No data,No data,No data
42010,No data,No data,No data,No data,No data,No data,No data,No data,No data,No data
42014,40,54,20,3,1,1,0,No data,No data,4
42015,No data,No data,No data,No data,No data,No data,No data,No data,No data,No data
42016,28,64,62,56,22,5,1,No data,No data,9
42101,3,1,4,4,2,10,0,No data,No data,1
42112,0,2,12,3,1,2,0,No data,No data,1
42114,5,4,10,3,4,8,0,No data,No data,2
42115,3,2,2,2,1,0,0,No data,No data,No data
42136,3,4,16,8,3,6,0,No data,No data,1
42137,No data,No data,No data,No data,No data,No data,No data,55,4,4
42141,No data,No data,No data,No data,No data,No data,No data,No data,No data,No data
42142,No data,No data,No data,No data,No data,No data,No data,11,0,No data
42146,No data,No data,No data,No data,No data,No data,No data,No data,No data,No data
42180,4,16,14,6,1,1,0,No data,No data,No data
42186,19,78,54,4,1,0,0,2,0,6
42189,14,12,12,1,1,1,0,No data,No data,1
42380,16,21,8,26,13,27,0,No data,No data,4
42402,4,5,3,0,0,0,0,No data,No data,2
42403,No data,No data,No data,No data,No data,No data,No data,No data,No data,No data
42404,15,25,25,6,1,1,0,No data,No data,No data
42417,5,65,72,9,0,0,0,No data,No data,1
42421,No data,No data,No data,No data,No data,No data,No data,No data,No data,No data
42500,No data,No data,No data,No data,No data,No data,No data,4,2,No data
42501,No data,No data,No data,No data,No data,No data,No data,839,18,8
42502,No data,No data,No data,No data,No data,No data,No data,No data,No data,No data
42503,No data,No data,No data,No data,No data,No data,No data,55,0,No data
42504,No data,No data,No data,No data,No data,No data,No data,571,21,7
42505,No data,No data,No data,No data,No data,No data,No data,35,1,1
42543,34,63,75,10,0,2,0,No data,No data,No data
42576,48,47,21,6,2,0,0,No data,No data,No data
42577,No data,No data,No data,No data,No data,No data,No data,No data,No data,No data
42578,20,39,30,0,0,0,0,No data,No data,1
42580,No data,No data,No data,No data,No data,No data,No data,No data,No data,No data
42584,27,0,0,0,0,0,0,No data,No data,No data
42586,3,5,5,5,3,1,0,No data,No data,2
42587,No data,No data,No data,No data,No data,No data,No data,No data,No data,No data
42588,5,17,4,0,0,0,0,No data,No data,No data
42620,No data,No data,No data,No data,No data,No data,No data,53,2,2
42621,No data,No data,No data,No data,No data,No data,No data,238,10,No data
42622,No data,No data,No data,No data,No data,No data,No data,133,11,10
42702,No data,No data,No data,No data,No data,No data,No data,No data,No data,No data
42787,No data,No data,No data,No data,No data,No data,No data,No data,No data,No data
42879,1,0,2,3,1,1,0,No data,No data,No data
42893,No data,No data,No data,No data,No data,No data,No data,5,0,No data
42894,No data,No data,No data,No data,No data,No data,No data,No data,No data,No data
42B50,No data,No data,No data,No data,No data,No data,No data,No data,No data,No data
42B54,No data,No data,No data,No data,No data,No data,No data,No data,No data,No data
42B55,No data,No data,No data,No data,No data,No data,No data,No data,No data,No data
42B56,No data,No data,No data,No data,No data,No data,No data,No data,No data,No data
42B61,3,10,0,0,0,0,0,No data,No data,No data
42B67,7,6,1,0,0,0,0,No data,No data,No data
42B68,7,7,0,0,0,0,0,No data,No data,No data
42B71,No data,No data,No data,No data,No data,No data,No data,No data,No data,No data
42B76,No data,No data,No data,No data,No data,No data,No data,19,0,No data
42B77,No data,No data,No data,No data,No data,No data,No data,No data,No data,No data
42B86,9,10,0,0,0,0,0,No data,No data,No data
42B87,No data,No data,No data,No data,No data,No data,No data,No data,No data,No data
42B88,No data,No data,No data,No data,No data,No data,No data,15,0,No data
42B90,No data,No data,No data,No data,No data,No data,No data,No data,No data,No data
42B93,No data,No data,No data,No data,No data,No data,No data,No data,No data,No data
42B94,6,6,2,0,0,0,0,No data,No data,No data
42B95,5,9,0,0,0,0,0,No data,No data,No data
42MMT,9,9,0,1,0,0,0,No data,No data,No data
42S11,No data,No data,No data,No data,No data,No data,No data,No data,No data,No data
42S12,No data,No data,No data,No data,No data,No data,No data,No data,No data,No data
42S13,No data,No data,No data,No data,No data,No data,No data,No data,No data,No data
42S14,0,6,6,0,0,0,0,No data,No data,No data
42S15,No data,No data,No data,No data,No data,No data,No data,13,0,No data
42S16,3,6,3,0,0,0,0,No data,No data,No data
42S17,No data,No data,No data,No data,No data,No data,No data,No data,No data,No data
42S18,No data,No data,No data,No data,No data,No data,No data,No data,No data,No data
42S19,No data,No data,No data,No data,No data,No data,No data,No data,No data,No data
42S20,No data,No data,No data,No data,No data,No data,No data,No data,No data,No data
46000,5,28,31,2,2,2,0,No data,No data,4
46015,No data,No data,No data,No data,No data,No data,No data,No data,No data,No data
46020,7,12,22,2,0,2,0,No data,No data,2
46025,9,27,9,0,0,0,4,No data,No data,No data
46030,No data,No data,No data,No data,No data,No data,No data,No data,No data,No data
46035,No data,No data,No data,No data,No data,No data,No data,No data,No data,No data
46040,25,17,24,4,0,3,0,No data,No data,No data
46045,4,10,9,0,0,0,0,No data,No data,No data
46050,No data,No data,No data,No data,No data,No data,No data,No data,No data,No data
46055,14,8,14,12,5,0,0,No data,No data,No data
46060,12,22,21,3,0,1,0,No data,No data,1
46100,No data,No data,No data,No data,No data,No data,No data,No data,No data,No data
46110,21,23,18,2,0,0,0,No data,No data,1
46115,No data,No data,No data,No data,No data,No data,No data,No data,No data,No data
46120,No data,No data,No data,No data,No data,No data,No data,115,10,2
46200,0,11,1,0,0,0,0,No data,No data,No data
46205,No data,No data,No data,No data,No data,No data,No data,No data,No data,No data
46211,No data,No data,No data,No data,No data,No data,No data,No data,No data,No data
46215,20,28,2,0,0,0,0,No data,No data,1
46230,2,5,4,5,4,0,0,No data,No data,No data
46300,0,0,1,2,3,0,0,No data,No data,No data
46310,23,8,1,2,0,0,0,No data,No data,No data
46320,No data,No data,No data,No data,No data,No data,No data,No data,No data,No data
46400,1,3,4,2,0,0,0,No data,No data,No data
46411,3,2,4,1,1,1,0,No data,No data,No data
46415,3,6,2,2,0,0,0,No data,No data,No data
46420,No data,No data,No data,No data,No data,No data,No data,No data,No data,No data
46440,No data,No data,No data,No data,No data,No data,No data,No data,No data,No data
46500,No data,No data,No data,No data,No data,No data,No data,No data,No data,No data
46550,No data,No data,No data,No data,No data,No data,No data,No data,No data,No data
46600,1,2,2,0,0,0,1,No data,No data,No data
46610,11,5,2,0,0,0,0,No data,No data,No data
46700,1,2,2,2,0,0,0,No data,No data,No data
46705,1,12,31,6,0,0,7,No data,No data,4
46711,No data,No data,No data,No data,No data,No data,No data,No data,No data,No data
46715,No data,No data,No data,No data,No data,No data,No data,No data,No data,No data
46720,11,11,8,9,0,4,0,No data,No data,2
46725,3,9,15,7,0,1,0,No data,No data,No data
46735,No data,No data,No data,No data,No data,No data,No data,No data,No data,No data
46740,3,57,76,10,0,16,0,No data,No data,2
46745,0,1,3,1,1,1,0,No data,No data,No data
46750,No data,No data,No data,No data,No data,No data,No data,No data,No data,No data
46755,61,37,29,5,1,0,1,No data,No data,No data
46765,No data,No data,No data,No data,No data,No data,No data,No data,No data,No data
46770,22,50,39,4,1,0,0,1,0,No data
46775,4,12,4,0,0,0,0,No data,No data,1
46795,No data,No data,No data,No data,No data,No data,No data,No data,No data,No data
46797,No data,No data,No data,No data,No data,No data,No data,19,0,1
46901,No data,No data,No data,No data,No data,No data,No data,No data,No data,No data
46910,No data,No data,No data,No data,No data,No data,No data,24,4,No data
46920,No data,No data,No data,No data,No data,No data,No data,15,0,1
46926,No data,No data,No data,No data,No data,No data,No data,No data,No data,No data
46930,No data,No data,No data,No data,No data,No data,No data,56,0,No data
46940,No data,No data,No data,No data,No data,No data,No data,9,0,No data
46W11,No data,No data,No data,No data,No data,No data,No data,No data,No data,No data
46W14,No data,No data,No data,No data,No data,No data,No data,No data,No data,No data
46W17,No data,No data,No data,No data,No data,No data,No data,No data,No data,No data
46W21,2,0,4,0,0,0,0,No data,No data,No data
46W24,2,4,2,0,0,0,0,No data,No data,1
46W27,2,2,4,1,2,1,0,No data,No data,1
46W31,No data,No data,No data,No data,No data,No data,No data,No data,No data,No data
46W34,No data,No data,No data,No data,No data,No data,No data,No data,No data,No data
46W37,No data,No data,No data,No data,No data,No data,No data,No data,No data,No data
46W38,No data,No data,No data,No data,No data,No data,No data,No data,No data,No data
46W43,No data,No data,No data,No data,No data,No data,No data,11,5,No data
46W44,2,3,2,0,0,0,0,No data,No data,2
46W47,1,1,4,1,0,3,0,No data,No data,No data
47201,7,16,16,2,0,0,0,No data,No data,No data
47202,No data,No data,No data,No data,No data,No data,No data,No data,No data,No data
47203,No data,No data,No data,No data,No data,No data,No data,No data,No data,No data
47205,0,1,4,4,5,0,0,No data,No data,3
47209,No data,No data,No data,No data,No data,No data,No data,No data,No data,No data
47211,No data,No data,No data,No data,No data,No data,No data,No data,No data,No data
47212,No data,No data,No data,No data,No data,No data,No data,No data,No data,No data
47213,3,4,4,9,1,0,0,No data,No data,4
47214,No data,No data,No data,No data,No data,No data,No data,No data,No data,No data
47215,No data,No data,No data,No data,No data,No data,No data,No data,No data,No data
47216,0,0,0,2,3,0,0,No data,No data,No data
47217,0,3,1,2,0,0,0,No data,No data,No data
47218,No data,No data,No data,No data,No data,No data,No data,No data,No data,No data
47301,19,36,28,8,0,1,0,No data,No data,3
47302,No data,No data,No data,No data,No data,No data,No data,No data,No data,No data
47304,2,10,5,1,0,0,0,No data,No data,No data
47305,8,18,13,3,1,0,0,No data,No data,2
47310,No data,No data,No data,No data,No data,No data,No data,No data,No data,No data
47317,No data,No data,No data,No data,No data,No data,No data,No data,No data,No data
47319,7,9,15,10,5,4,0,No data,No data,4
47330,No data,No data,No data,No data,No data,No data,No data,No data,No data,No data
47332,1,2,1,3,1,0,0,No data,No data,No data
47333,No data,No data,No data,No data,No data,No data,No data,No data,No data,No data
47334,25,29,0,0,0,1,0,No data,No data,No data
47335,2,2,1,0,0,2,1,No data,No data,4
47336,No data,No data,No data,No data,No data,No data,No data,9,0,No data
47338,No data,No data,No data,No data,No data,No data,No data,No data,No data,No data
47339,No data,No data,No data,No data,No data,No data,No data,No data,No data,No data
47341,No data,No data,No data,No data,No data,No data,No data,No data,No data,No data
47342,No data,No data,No data,No data,No data,No data,No data,No data,No data,No data
47507,No data,No data,No data,No data,No data,No data,No data,No data,No data,No data
47508,No data,No data,No data,No data,No data,No data,No data,No data,No data,No data
47509,No data,No data,No data,No data,No data,No data,No data,No data,No data,No data
47514,No data,No data,No data,No data,No data,No data,No data,No data,No data,No data
47517,No data,No data,No data,No data,No data,No data,No data,20,0,3
47519,No data,No data,No data,No data,No data,No data,No data,No data,No data,No data
47520,No data,No data,No data,No data,No data,No data,No data,No data,No data,No data
47521,No data,No data,No data,No data,No data,No data,No data,6,0,1
47522,No data,No data,No data,No data,No data,No data,No data,No data,No data,No data
47523,No data,No data,No data,No data,No data,No data,No data,No data,No data,No data
47525,No data,No data,No data,No data,No data,No data,No data,9,0,1
47527,No data,No data,No data,No data,No data,No data,No data,No data,No data,No data
47528,No data,No data,No data,No data,No data,No data,No data,No data,No data,No data
47529,No data,No data,No data,No data,No data,No data,No data,No data,No data,No data
56867,No data,No data,No data,No data,No data,No data,No data,4,0,No data
56868,No data,No data,No data,No data,No data,No data,No data,8,0,No data
62000,3,1,0,2,0,1,0,No data,No data,No data
62001,No data,No data,No data,No data,No data,No data,No data,No data,No data,No data
62008,42,24,20,2,0,0,0,No data,No data,5
62010,0,0,0,1,3,1,0,No data,No data,No data
62014,6,17,31,18,0,0,0,No data,No data,2
62019,5,9,18,0,0,0,0,No data,No data,3
62024,No data,No data,No data,No data,No data,No data,No data,32,0,No data
62030,No data,No data,No data,No data,No data,No data,No data,No data,No data,No data
62033,10,6,13,6,2,0,0,No data,No data,5
62039,No data,No data,No data,No data,No data,No data,No data,No data,No data,No data
62041,12,12,4,4,0,0,0,No data,No data,No data
62048,21,6,4,1,1,0,0,No data,No data,5
62054,No data,No data,No data,No data,No data,No data,No data,No data,No data,No data
62074,18,144,62,10,0,0,0,No data,No data,5
62079,0,1,2,3,0,0,0,No data,No data,No data
62090,No data,No data,No data,No data,No data,No data,No data,No data,No data,No data
62096,No data,No data,No data,No data,No data,No data,No data,28,5,No data
62101,No data,No data,No data,No data,No data,No data,No data,No data,No data,No data
62104,0,1,2,0,2,0,0,No data,No data,1
62107,1,4,6,3,2,0,0,No data,No data,6
62108,No data,No data,No data,No data,No data,No data,No data,No data,No data,No data
62112,4,13,19,9,0,0,0,No data,No data,No data
62118,7,58,42,6,0,1,2,No data,No data,No data
62120,5,11,12,3,0,0,0,No data,No data,1
62133,No data,No data,No data,No data,No data,No data,No data,No data,No data,No data
62134,10,3,3,1,1,0,0,No data,No data,2
62139,No data,No data,No data,No data,No data,No data,No data,36,0,No data
62142,12,29,29,11,3,1,2,No data,No data,3
62143,No data,No data,No data,No data,No data,No data,No data,No data,No data,No data
62150,2,2,1,2,1,0,0,No data,No data,1
62174,17,25,21,10,1,4,0,No data,No data,9
62177,2,0,0,0,1,1,0,No data,No data,No data
62191,No data,No data,No data,No data,No data,No data,No data,No data,No data,No data
62198,No data,No data,No data,No data,No data,No data,No data,86,8,2
62199,No data,No data,No data,No data,No data,No data,No data,No data,No data,No data
62200,No data,No data,No data,No data,No data,No data,No data,28,0,2
62202,10,18,12,6,0,3,0,No data,No data,2
62205,6,14,12,1,0,0,0,No data,No data,1
62207,21,16,10,5,0,0,0,No data,No data,2
62210,No data,No data,No data,No data,No data,No data,No data,111,7,1
62211,15,14,16,12,0,0,0,No data,No data,4
62218,No data,No data,No data,No data,No data,No data,No data,7,0,1
62223,22,11,13,11,7,26,1,No data,No data,20
62224,No data,No data,No data,No data,No data,No data,No data,No data,No data,No data
62225,19,17,11,5,0,1,0,No data,No data,2
62229,26,15,16,13,8,16,5,No data,No data,6
62231,No data,No data,No data,No data,No data,No data,No data,No data,No data,No data
62233,1,0,2,1,0,0,0,No data,No data,No data
62235,No data,No data,No data,No data,No data,No data,No data,No data,No data,No data
62236,No data,No data,No data,No data,No data,No data,No data,No data,No data,No data
62243,23,21,14,8,1,1,0,No data,No data,3
62249,5,22,4,10,0,2,0,No data,No data,No data
62261,16,20,24,11,7,16,0,No data,No data,17
62263,No data,No data,No data,No data,No data,No data,No data,No data,No data,No data
62265,No data,No data,No data,No data,No data,No data,No data,No data,No data,No data
62267,1,1,5,0,1,0,0,No data,No data,1
62268,No data,No data,No data,No data,No data,No data,No data,No data,No data,No data
62271,0,0,6,4,6,10,0,No data,No data,6
62272,24,18,24,12,6,7,0,No data,No data,6
62273,63,21,6,1,4,1,0,No data,No data,3
62276,9,12,10,1,1,0,0,No data,No data,2
62277,No data,No data,No data,No data,No data,No data,No data,No data,No data,No data
62278,4,5,2,0,0,0,0,No data,No data,No data
62283,No data,No data,No data,No data,No data,No data,No data,No data,No data,No data
62284,No data,No data,No data,No data,No data,No data,No data,No data,No data,No data
62285,8,19,19,18,12,8,0,No data,No data,4
62286,4,4,3,0,0,1,0,No data,No data,No data
62287,No data,No data,No data,No data,No data,No data,No data,No data,No data,No data
62288,No data,No data,No data,No data,No data,No data,No data,No data,No data,No data
62289,No data,No data,No data,No data,No data,No data,No data,No data,No data,No data
62319,No data,No data,No data,No data,No data,No data,No data,No data,No data,No data
62324,4,30,16,5,4,0,0,No data,No data,4
62326,No data,No data,No data,No data,No data,No data,No data,85,0,4
62329,8,57,16,7,0,0,0,No data,No data,3
62331,No data,No data,No data,No data,No data,No data,No data,No data,No data,No data
62333,23,34,21,13,0,0,0,No data,No data,2
62360,4,3,13,7,7,0,0,No data,No data,No data
62361,5,7,11,13,3,2,0,No data,No data,No data
62370,2,4,1,3,2,0,0,No data,No data,No data
62381,10,5,10,5,2,0,0,No data,No data,1
62389,No data,No data,No data,No data,No data,No data,No data,No data,No data,No data
62410,24,76,6,0,0,0,0,No data,No data,3
62413,4,7,4,2,0,1,0,No data,No data,4
62416,0,5,1,0,0,0,0,No data,No data,No data
62417,No data,No data,No data,No data,No data,No data,No data,No data,No data,No data
62420,No data,No data,No data,No data,No data,No data,No data,2,3,No data
62422,1,0,1,2,1,0,0,No data,No data,2
62424,No data,No data,No data,No data,No data,No data,No data,No data,No data,No data
62426,No data,No data,No data,No data,No data,No data,No data,No data,No data,No data
62427,No data,No data,No data,No data,No data,No data,No data,No data,No data,No data
62428,No data,No data,No data,No data,No data,No data,No data,No data,No data,No data
62443,15,23,21,12,6,20,0,No data,No data,8
62444,No data,No data,No data,No data,No data,No data,No data,84,2,No data
62450,3,4,7,3,5,6,0,No data,No data,7
62452,3,5,4,3,5,9,5,No data,No data,No data
62453,8,10,5,6,0,6,0,No data,No data,No data
62454,2,1,4,4,5,5,0,No data,No data,8
62484,No data,No data,No data,No data,No data,No data,No data,No data,No data,No data
62512,2,7,11,8,4,2,0,No data,No data,No data
62517,7,6,10,6,2,2,1,No data,No data,12
62521,10,10,8,2,1,0,0,No data,No data,No data
62523,No data,No data,No data,No data,No data,No data,No data,No data,No data,No data
62525,No data,No data,No data,No data,No data,No data,No data,No data,No data,No data
62531,No data,No data,No data,No data,No data,No data,No data,No data,No data,No data
62533,1,10,0,0,0,0,0,No data,No data,No data
62550,No data,No data,No data,No data,No data,No data,No data,No data,No data,No data
62560,6,10,14,5,0,0,0,No data,No data,No data
62575,No data,No data,No data,No data,No data,No data,No data,No data,No data,No data
62581,No data,No data,No data,No data,No data,No data,No data,No data,No data,No data
62582,No data,No data,No data,No data,No data,No data,No data,No data,No data,No data
62589,23,46,30,13,0,2,0,No data,No data,3
62595,37,31,13,4,0,0,0,No data,No data,2
62602,0,0,1,0,0,3,0,No data,No data,No data
62604,13,21,12,14,4,12,1,No data,No data,11
62614,No data,No data,No data,No data,No data,No data,No data,No data,No data,No data
62616,2,10,23,18,4,5,0,No data,No data,1
62622,3,10,10,4,3,6,0,No data,No data,3
62629,9,7,5,4,0,2,0,No data,No data,No data
62637,0,1,0,0,1,2,0,No data,No data,No data
62638,No data,No data,No data,No data,No data,No data,No data,8,0,No data
62640,5,14,13,2,1,0,0,No data,No data,4
62641,No data,No data,No data,No data,No data,No data,No data,No data,No data,No data
62642,No data,No data,No data,No data,No data,No data,No data,No data,No data,No data
62643,No data,No data,No data,No data,No data,No data,No data,No data,No data,No data
62646,12,29,37,7,5,4,0,No data,No data,15
62657,8,12,8,13,9,13,1,No data,No data,5
62664,2,3,3,2,1,0,0,No data,No data,2
62670,8,34,18,2,0,0,1,No data,No data,5
62675,2,4,7,17,5,6,0,No data,No data,No data
62677,No data,No data,No data,No data,No data,No data,No data,No data,No data,No data
62683,6,8,6,13,6,1,0,No data,No data,3
62694,0,4,2,1,1,0,0,No data,No data,No data
62696,No data,No data,No data,No data,No data,No data,No data,No data,No data,No data
62704,18,0,0,0,0,0,0,No data,No data,3
62705,No data,No data,No data,No data,No data,No data,No data,No data,No data,No data
62706,No data,No data,No data,No data,No data,No data,No data,No data,No data,No data
62708,5,12,2,0,0,0,0,No data,No data,1
62711,5,14,6,5,2,4,0,No data,No data,4
62712,No data,No data,No data,No data,No data,No data,No data,No data,No data,No data
62716,8,5,1,3,8,5,0,No data,No data,3
62733,No data,No data,No data,No data,No data,No data,No data,No data,No data,No data
62734,2,10,10,6,8,3,0,No data,No data,2
62735,8,9,15,14,16,8,0,No data,No data,8
62743,2,0,3,3,1,0,0,No data,No data,No data
62748,No data,No data,No data,No data,No data,No data,No data,No data,No data,No data
62752,No data,No data,No data,No data,No data,No data,No data,No data,No data,No data
62755,No data,No data,No data,No data,No data,No data,No data,No data,No data,No data
62756,5,4,8,3,1,2,0,No data,No data,4
62760,No data,No data,No data,No data,No data,No data,No data,No data,No data,No data
62761,10,7,2,0,0,0,0,No data,No data,2
62762,No data,No data,No data,No data,No data,No data,No data,No data,No data,No data
62763,No data,No data,No data,No data,No data,No data,No data,No data,No data,No data
62764,11,5,0,1,0,0,0,No data,No data,3
62766,No data,No data,No data,No data,No data,No data,No data,No data,No data,No data
62768,No data,No data,No data,No data,No data,No data,No data,53,1,No data
62773,No data,No data,No data,No data,No data,No data,No data,No data,No data,No data
62774,9,10,2,1,3,0,0,No data,No data,7
62775,No data,No data,No data,No data,No data,No data,No data,No data,No data,No data
62782,8,8,0,0,0,0,0,No data,No data,2
62783,No data,No data,No data,No data,No data,No data,No data,No data,No data,No data
62798,14,8,13,15,16,10,0,No data,No data,2
62801,9,0,1,0,1,1,1,No data,No data,No data
62802,No data,No data,No data,No data,No data,No data,No data,No data,No data,No data
62803,1,3,2,1,1,0,0,No data,No data,1
62804,No data,No data,No data,No data,No data,No data,No data,No data,No data,No data
62805,4,2,2,1,2,0,4,No data,No data,No data
62806,No data,No data,No data,No data,No data,No data,No data,No data,No data,No data
62807,1,0,5,0,0,1,0,No data,No data,2
62809,No data,No data,No data,No data,No data,No data,No data,No data,No data,No data
62810,No data,No data,No data,No data,No data,No data,No data,No data,No data,No data
62811,13,4,0,0,0,0,0,No data,No data,No data
62908,No data,No data,No data,No data,No data,No data,No data,No data,No data,No data
62990,35,44,22,8,0,0,0,No data,No data,9
62999,70,99,48,6,0,0,0,No data,No data,8
62B01,5,10,4,1,0,0,0,No data,No data,1
62B02,4,2,3,2,0,0,0,No data,No data,No data
62B03,No data,No data,No data,No data,No data,No data,No data,No data,No data,No data
62B06,No data,No data,No data,No data,No data,No data,No data,No data,No data,No data
62B20,No data,No data,No data,No data,No data,No data,No data,No data,No data,No data
62B30,No data,No data,No data,No data,No data,No data,No data,No data,No data,No data
62B90,4,2,0,0,0,0,0,No data,No data,No data
62C02,No data,No data,No data,No data,No data,No data,No data,No data,No data,No data
62C05,No data,No data,No data,No data,No data,No data,No data,No data,No data,No data
62C09,No data,No data,No data,No data,No data,No data,No data,No data,No data,No data
62C21,0,2,2,0,0,0,0,No data,No data,No data
62C22,No data,No data,No data,No data,No data,No data,No data,No data,No data,No data
62C30,3,5,3,0,0,0,0,No data,No data,No data
62C90,1,1,2,0,1,0,0,No data,No data,No data
62G01,No data,No data,No data,No data,No data,No data,No data,No data,No data,No data
62G02,No data,No data,No data,No data,No data,No data,No data,No data,No data,No data
62G03,No data,No data,No data,No data,No data,No data,No data,No data,No data,No data
62G04,No data,No data,No data,No data,No data,No data,No data,No data,No data,No data
62G05,No data,No data,No data,No data,No data,No data,No data,No data,No data,No data
62I01,7,9,6,1,0,0,0,No data,No data,No data
62I02,7,7,6,1,0,0,0,No data,No data,3
62I03,8,6,6,1,0,0,0,No data,No data,1
62I04,12,4,1,2,1,0,0,No data,No data,No data
62I05,No data,No data,No data,No data,No data,No data,No data,No data,No data,No data
62I07,3,3,2,1,0,0,0,No data,No data,No data
62I08,No data,No data,No data,No data,No data,No data,No data,No data,No data,No data
62I10,No data,No data,No data,No data,No data,No data,No data,No data,No data,No data
62I11,No data,No data,No data,No data,No data,No data,No data,No data,No data,No data
62I12,5,4,1,0,0,0,0,No data,No data,No data
62I14,No data,No data,No data,No data,No data,No data,No data,No data,No data,No data
62I16,No data,No data,No data,No data,No data,No data,No data,No data,No data,No data
62I18,No data,No data,No data,No data,No data,No data,No data,No data,No data,No data
62I19,1,2,1,2,1,0,0,No data,No data,No data
62I20,8,3,3,1,0,0,0,No data,No data,No data
62I90,No data,No data,No data,No data,No data,No data,No data,No data,No data,No data
62K01,No data,No data,No data,No data,No data,No data,No data,No data,No data,No data
62K02,No data,No data,No data,No data,No data,No data,No data,No data,No data,No data
62K03,No data,No data,No data,No data,No data,No data,No data,No data,No data,No data
62L01,5,8,6,2,0,0,0,No data,No data,3
62L02,6,4,2,0,0,0,0,No data,No data,No data
62L03,10,3,4,0,0,0,0,No data,No data,No data
62L04,23,21,10,3,0,0,0,No data,No data,No data
62L05,24,21,14,1,0,0,0,No data,No data,No data
62L06,19,16,6,0,0,0,0,No data,No data,No data
62L07,No data,No data,No data,No data,No data,No data,No data,No data,No data,No data
62L10,No data,No data,No data,No data,No data,No data,No data,No data,No data,No data
62L12,6,7,2,0,0,0,0,No data,No data,No data
62L13,No data,No data,No data,No data,No data,No data,No data,No data,No data,No data
62L15,No data,No data,No data,No data,No data,No data,No data,No data,No data,No data
62L16,No data,No data,No data,No data,No data,No data,No data,No data,No data,No data
62L17,No data,No data,No data,No data,No data,No data,No data,No data,No data,No data
62L18,4,5,1,1,0,0,0,No data,No data,No data
62L23,No data,No data,No data,No data,No data,No data,No data,No data,No data,No data
62L28,No data,No data,No data,No data,No data,No data,No data,No data,No data,No data
62L29,7,7,0,0,0,0,0,No data,No data,No data
62L32,6,8,2,0,0,0,0,No data,No data,No data
62L33,8,10,2,1,0,0,0,No data,No data,No data
62L36,5,5,1,0,0,0,0,No data,No data,No data
62L40,5,5,2,0,1,0,0,No data,No data,No data
62L67,No data,No data,No data,No data,No data,No data,No data,No data,No data,No data
62L79,10,7,4,0,0,0,0,No data,No data,No data
62L84,No data,No data,No data,No data,No data,No data,No data,No data,No data,No data
62L85,8,1,0,0,0,0,0,No data,No data,No data
62L89,0,3,2,1,0,0,0,No data,No data,No data
62L90,9,6,2,0,0,0,0,No data,No data,No data
62L91,13,10,4,1,1,0,0,No data,No data,1
62L92,No data,No data,No data,No data,No data,No data,No data,No data,No data,No data
62L93,7,4,0,0,0,0,0,No data,No data,No data
62L94,No data,No data,No data,No data,No data,No data,No data,No data,No data,No data
62L95,No data,No data,No data,No data,No data,No data,No data,No data,No data,No data
62L96,No data,No data,No data,No data,No data,No data,No data,No data,No data,No data
62P01,3,5,7,0,0,0,0,No data,No data,3
62P03,10,9,8,2,0,1,0,No data,No data,3
62P05,No data,No data,No data,No data,No data,No data,No data,No data,No data,No data
62P07,10,11,5,2,0,0,0,No data,No data,1
62P11,No data,No data,No data,No data,No data,No data,No data,No data,No data,No data
62P34,No data,No data,No data,No data,No data,No data,No data,No data,No data,No data
62P36,6,3,5,1,2,0,0,No data,No data,No data
62P90,6,4,1,0,1,0,0,No data,No data,No data
62P91,No data,No data,No data,No data,No data,No data,No data,No data,No data,No data
62T01,1,1,3,1,1,0,0,No data,No data,2
62T04,No data,No data,No data,No data,No data,No data,No data,No data,No data,No data
62T22,No data,No data,No data,No data,No data,No data,No data,No data,No data,No data
62T25,No data,No data,No data,No data,No data,No data,No data,No data,No data,No data
62T26,No data,No data,No data,No data,No data,No data,No data,No data,No data,No data
62T30,No data,No data,No data,No data,No data,No data,No data,No data,No data,No data
62T37,No data,No data,No data,No data,No data,No data,No data,No data,No data,No data
62T38,No data,No data,No data,No data,No data,No data,No data,No data,No data,No data
62T39,No data,No data,No data,No data,No data,No data,No data,No data,No data,No data
62T90,2,3,1,0,0,0,0,No data,No data,No data
63851,No data,No data,No data,No data,No data,No data,No data,No data,No data,No data
63852,No data,No data,No data,No data,No data,No data,No data,No data,No data,No data
63853,No data,No data,No data,No data,No data,No data,No data,No data,No data,No data
63860,No data,No data,No data,No data,No data,No data,No data,No data,No data,No data
63861,No data,No data,No data,No data,No data,No data,No data,No data,No data,No data
63870,No data,No data,No data,No data,No data,No data,No data,No data,No data,No data
63880,No data,No data,No data,No data,No data,No data,No data,No data,No data,No data
63881,9,16,2,4,1,0,0,No data,No data,1
88383,No data,No data,No data,No data,No data,No data,No data,No data,No data,No data
KU002,No data,No data,No data,No data,No data,No data,No data,No data,No data,No data
KU003,7,20,31,25,12,12,1,No data,No data,12
KU004,1,7,8,8,0,0,0,No data,No data,No data
KU005,No data,No data,No data,No data,No data,No data,No data,No data,No data,No data
KU006,No data,No data,No data,No data,No data,No data,No data,79,0,No data
KU010,No data,No data,No data,No data,No data,No data,No data,No data,No data,No data
KU011,No data,No data,No data,No data,No data,No data,No data,No data,No data,No data
KU013,No data,No data,No data,No data,No data,No data,No data,No data,No data,No data
KU101,No data,No data,No data,No data,No data,No data,No data,No data,No data,No data
KU103,17,2,5,0,0,0,0,No data,No data,No data
KU105,No data,No data,No data,No data,No data,No data,No data,No data,No data,No data
KU112,No data,No data,No data,No data,No data,No data,No data,No data,No data,No data
KU113,No data,No data,No data,No data,No data,No data,No data,No data,No data,No data
KU115,No data,No data,No data,No data,No data,No data,No data,No data,No data,No data
KU180,No data,No data,No data,No data,No data,No data,No data,No data,No data,No data
KU181,No data,No data,No data,No data,No data,No data,No data,9,1,No data
KU304,0,4,3,3,2,0,0,No data,No data,No data
KU307,0,3,6,1,5,4,0,No data,No data,3
KU320,No data,No data,No data,No data,No data,No data,No data,No data,No data,No data
KU321,No data,No data,No data,No data,No data,No data,No data,No data,No data,No data
KU322,No data,No data,No data,No data,No data,No data,No data,No data,No data,No data
KU323,No data,No data,No data,No data,No data,No data,No data,No data,No data,No data
LY100,No data,No data,No data,No data,No data,No data,No data,No data,No data,No data
LY200,No data,No data,No data,No data,No data,No data,No data,No data,No data,No data
LY300,0,5,4,5,1,1,0,No data,No data,3
MA100,No data,No data,No data,No data,No data,No data,No data,No data,No data,No data
MA143,No data,No data,No data,No data,No data,No data,No data,No data,No data,No data
MA200,No data,No data,No data,No data,No data,No data,No data,No data,No data,No data
MA300,No data,No data,No data,No data,No data,No data,No data,No data,No data,No data
MA675,No data,No data,No data,No data,No data,No data,No data,No data,No data,No data
MA681,No data,No data,No data,No data,No data,No data,No data,No data,No data,No data
MA911,No data,No data,No data,No data,No data,No data,No data,No data,No data,No data
