COURSE,E25_GRADE_12,E25_GRADE_10,E25_GRADE_7,E25_GRADE_4,E25_GRADE_02,E25_GRADE_00,E25_GRADE_MINUS_3,E25_PASSED,E25_FAILED,E25_ABSENT
01001,244.0,176.0,196.0,171.0,85.0,158.0,0.0,No data,No data,50.0
01002,No data,No data,No data,No data,No data,No data,No data,No data,No data,No data
01003,58,18,25,14,4,14,0,No data,No data,10
01004,No data,No data,No data,No data,No data,No data,No data,No data,No data,No data
01017,9,20,50,43,38,55,0,No data,No data,14
01018,16,13,10,2,1,3,0,No data,No data,3
01020,No data,No data,No data,No data,No data,No data,No data,No data,No data,No data
01025,No data,No data,No data,No data,No data,No data,No data,No data,No data,No data
01034,30,39,41,23,23,42,6,No data,No data,16
01035,17,52,57,54,49,65,8,No data,No data,16
01037,1,0,1,2,2,4,0,No data,No data,No data
01125,No data,No data,No data,No data,No data,No data,No data,No data,No data,No data
01227,No data,No data,No data,No data,No data,No data,No data,No data,No data,No data
01237,17,48,36,7,3,5,2,No data,No data,No data
01238,No data,No data,No data,No data,No data,No data,No data,No data,No data,No data
01257,8,1,3,0,0,0,0,No data,No data,1
01325,No data,No data,No data,No data,No data,No data,No data,No data,No data,No data
01405,No data,No data,No data,No data,No data,No data,No data,No data,No data,No data
01415,10,3,2,1,0,0,0,No data,No data,2
01418,15,26,22,10,1,6,0,No data,No data,4
01425,No data,No data,No data,No data,No data,No data,No data,No data,No data,No data
01426,No data,No data,No data,No data,No data,No data,No data,No data,No data,No data
01527,No data,No data,No data,No data,No data,No data,No data,No data,No data,No data
01617,20,50,36,36,7,6,0,No data,No data,8
01621,No data,No data,No data,No data,No data,No data,No data,No data,No data,No data
01622,No data,No data,No data,No data,No data,No data,No data,No data,No data,No data
01666,No data,No data,No data,No data,No data,No data,No data,No data,No data,No data
01715,1,4,3,7,5,1,2,No data,No data,1
01716,No data,No data,No data,No data,No data,No data,No data,No data,No data,No data
01811,No data,No data,No data,No data,No data,No data,No data,No data,No data,No data
01822,No data,No data,No data,No data,No data,No data,No data,No data,No data,No data
01904,15,18,29,28,20,13,5,No data,No data,14
01911,No data,No data,No data,No data,No data,No data,No data,575,127,57
01915,No data,No data,No data,No data,No data,No data,No data,No data,No data,No data
01922,No data,No data,No data,No data,No data,No data,No data,No data,No data,No data
02002,142,119,184,193,181,140,54,No data,No data,59
02003,34,30,31,31,42,23,12,No data,No data,9
02100,33,16,12,8,0,15,14,No data,No data,10
02104,28,19,12,20,0,0,0,No data,No data,1
02105,No data,No data,No data,No data,No data,No data,No data,No data,No data,No data
02110,18,25,30,28,13,32,6,No data,No data,16
02112,27,9,13,7,1,2,0,No data,No data,No data
02113,No data,No data,No data,No data,No data,No data,No data,No data,No data,No data
02114,14,11,1,2,0,1,0,No data,No data,No data
02116,15,22,8,5,2,1,0,No data,No data,2
02118,No data,No data,No data,No data,No data,No data,No data,No data,No data,No data
02122,No data,No data,No data,No data,No data,No data,No data,No data,No data,No data
02123,No data,No data,No data,No data,No data,No data,No data,No data,No data,No data
02132,25,34,22,2,0,5,0,No data,No data,3
02135,No data,No data,No data,No data,No data,No data,No data,No data,No data,No data
02138,11,12,15,15,15,10,8,No data,No data,9
02139,No data,No data,No data,No data,No data,No data,No data,No data,No data,No data
02141,No data,No data,No data,No data,No data,No data,No data,No data,No data,No data
02143,No data,No data,No data,No data,No data,No data,No data,No data,No data,No data
02148,77,23,0,0,0,0,0,0,0,2
02155,26,27,24,10,14,15,0,No data,No data,3
02156,7,11,10,6,1,1,0,No data,No data,2
02157,31,30,23,21,20,34,21,No data,No data,13
02159,43,31,13,7,4,0,0,No data,No data,4
02160,No data,No data,No data,No data,No data,No data,No data,No data,No data,No data
02161,No data,No data,No data,No data,No data,No data,No data,No data,No data,No data
02162,0,65,37,1,0,0,0,No data,No data,No data
02170,No data,No data,No data,No data,No data,No data,No data,No data,No data,No data
02180,No data,No data,No data,No data,No data,No data,No data,No data,No data,No data
02182,No data,No data,No data,No data,No data,No data,No data,No data,No data,No data
02195,No data,No data,No data,No data,No data,No data,No data,No data,No data,No data
02196,No data,No data,No data,No data,No data,No data,No data,No data,No data,No data
02201,18,5,0,0,3,0,0,No data,No data,1
02203,19,22,18,11,2,4,0,No data,No data,3
02205,No data,No data,No data,No data,No data,No data,No data,No data,No data,No data
02207,6,9,3,1,2,0,0,No data,No data,1
02209,2,2,1,0,1,0,0,No data,No data,No data
02211,No data,No data,No data,No data,No data,No data,No data,No data,No data,No data
02214,No data,No data,No data,No data,No data,No data,No data,No data,No data,No data
02225,No data,No data,No data,No data,No data,No data,No data,No data,No data,No data
02226,25,59,15,10,8,1,0,No data,No data,7
02231,5,14,29,23,10,5,5,No data,No data,12
02232,8,15,19,7,0,0,0,No data,No data,No data
02234,25,49,13,0,0,1,0,No data,No data,4
02242,17,40,31,10,7,10,0,No data,No data,6
02244,No data,No data,No data,No data,No data,No data,No data,No data,No data,No data
02245,12,8,9,4,4,8,0,No data,No data,2
02246,34,23,12,5,1,1,0,No data,No data,2
02247,No data,No data,No data,No data,No data,No data,No data,No data,No data,No data
02249,6,16,22,7,17,29,4,No data,No data,4
02256,No data,No data,No data,No data,No data,No data,No data,No data,No data,No data
02258,2,1,16,8,19,4,0,No data,No data,5
02262,No data,No data,No data,No data,No data,No data,No data,No data,No data,No data
02266,111,66,28,6,0,0,0,No data,No data,8
02267,74,54,13,17,0,6,0,No data,No data,2
02268,26,36,28,4,0,0,0,0,23,4
02269,33,72,20,1,0,0,0,No data,No data,4
02270,49,78,88,42,26,10,0,No data,No data,12
02271,No data,No data,No data,No data,No data,No data,No data,No data,No data,No data
02275,11,63,39,39,10,1,0,No data,No data,1
02276,No data,No data,No data,No data,No data,No data,No data,No data,No data,No data
02277,No data,No data,No data,No data,No data,No data,No data,No data,No data,No data
02278,No data,No data,No data,No data,No data,No data,No data,No data,No data,No data
02282,No data,No data,No data,No data,No data,No data,No data,No data,No data,No data
02285,No data,No data,No data,No data,No data,No data,No data,No data,No data,No data
02287,15,29,30,36,2,0,0,No data,No data,5
02289,7,6,6,6,1,14,0,No data,No data,7
02291,No data,No data,No data,No data,No data,No data,No data,No data,No data,No data
02311,5,6,1,1,1,1,1,No data,No data,3
02312,46,15,8,8,10,25,14,No data,No data,19
02321,2,1,5,6,0,4,0,No data,No data,3
02322,No data,No data,No data,No data,No data,No data,No data,No data,No data,No data
02323,4,10,20,10,26,80,0,No data,No data,20
02324,No data,No data,No data,No data,No data,No data,No data,No data,No data,No data
02325,No data,No data,No data,No data,No data,No data,No data,No data,No data,No data
02326,No data,No data,No data,No data,No data,No data,No data,No data,No data,No data
02327,21,29,21,18,6,32,6,No data,No data,10
02328,No data,No data,No data,No data,No data,No data,No data,No data,No data,No data
02329,No data,No data,No data,No data,No data,No data,No data,No data,No data,No data
02335,8,36,25,4,0,0,0,No data,No data,6
02339,No data,No data,No data,No data,No data,No data,No data,No data,No data,No data
02343,No data,No data,No data,No data,No data,No data,No data,No data,No data,No data
02349,No data,No data,No data,No data,No data,No data,No data,No data,No data,No data
02369,21,12,19,16,9,0,0,0,13,2
02402,54,88,146,53,66,125,2,No data,No data,39
02403,0,1,3,0,2,5,1,No data,No data,1
02405,10,14,21,22,12,27,8,No data,No data,8
02407,21,8,4,1,2,4,0,No data,No data,5
02409,15,46,11,8,1,5,1,No data,No data,3
02411,6,12,46,11,12,20,7,No data,No data,9
02413,12,10,18,5,4,1,0,No data,No data,No data
02417,No data,No data,No data,No data,No data,No data,No data,No data,No data,No data
02419,11,4,8,3,2,1,0,No data,No data,5
02421,No data,No data,No data,No data,No data,No data,No data,No data,No data,No data
02425,10,7,4,3,1,0,0,No data,No data,5
02426,No data,No data,No data,No data,No data,No data,No data,No data,No data,No data
02427,6,17,12,3,0,1,0,No data,No data,2
02428,7,5,0,1,0,0,0,No data,No data,5
02429,3,1,3,2,1,1,0,No data,No data,1
02431,5,9,16,9,4,7,0,No data,No data,No data
02435,No data,No data,No data,No data,No data,No data,No data,No data,No data,No data
02441,0,9,5,0,0,2,0,No data,No data,No data
02443,No data,No data,No data,No data,No data,No data,No data,8,0,No data
02445,No data,No data,No data,No data,No data,No data,No data,No data,No data,No data
02451,No data,No data,No data,No data,No data,No data,No data,No data,No data,No data
02452,42,46,87,59,41,80,8,No data,No data,20
02455,9,13,3,4,0,0,0,No data,No data,1
02456,46,144,200,75,20,9,0,4,0,26
02458,20,13,6,2,3,5,0,No data,No data,6
02460,No data,No data,No data,No data,No data,No data,No data,No data,No data,No data
02461,No data,No data,No data,No data,No data,No data,No data,59,16,8
02462,29,13,11,6,1,4,1,No data,No data,9
02463,No data,No data,No data,No data,No data,No data,No data,No data,No data,No data
02464,6,15,27,23,21,10,0,No data,No data,11
02465,No data,No data,No data,No data,No data,No data,No data,No data,No data,No data
02466,No data,No data,No data,No data,No data,No data,No data,No data,No data,No data
02467,No data,No data,No data,No data,No data,No data,No data,No data,No data,No data
02471,18,21,15,23,15,14,1,3,0,10
02476,3,0,0,0,0,0,0,411,0,31
02477,0,1,2,1,0,0,0,No data,No data,No data
02492,No data,No data,No data,No data,No data,No data,No data,7,0,No data
02501,No data,No data,No data,No data,No data,No data,No data,No data,No data,No data
02503,53,72,53,2,1,4,1,No data,No data,8
02504,No data,No data,No data,No data,No data,No data,No data,No data,No data,No data
02506,No data,No data,No data,No data,No data,No data,No data,No data,No data,No data
02510,No data,No data,No data,No data,No data,No data,No data,No data,No data,No data
02515,No data,No data,No data,No data,No data,No data,No data,No data,No data,No data
02516,22,55,37,33,15,12,0,No data,No data,7
02517,6,12,20,12,3,3,1,No data,No data,3
02518,No data,No data,No data,No data,No data,No data,No data,No data,No data,No data
02525,No data,No data,No data,No data,No data,No data,No data,No data,No data,No data
02526,No data,No data,No data,No data,No data,No data,No data,No data,No data,No data
02561,20,44,33,8,2,2,0,No data,No data,14
02562,5,13,13,3,0,0,0,No data,No data,9
02563,No data,No data,No data,No data,No data,No data,No data,No data,No data,No data
02566,No data,No data,No data,No data,No data,No data,No data,No data,No data,No data
02581,No data,No data,No data,No data,No data,No data,No data,No data,No data,No data
02582,No data,No data,No data,No data,No data,No data,No data,No data,No data,No data
02586,4,2,4,4,1,2,0,No data,No data,2
02601,19,29,30,39,33,22,16,No data,No data,7
02611,No data,No data,No data,No data,No data,No data,No data,No data,No data,No data
02612,No data,No data,No data,No data,No data,No data,No data,No data,No data,No data
02613,No data,No data,No data,No data,No data,No data,No data,No data,No data,No data
02614,4,21,9,0,0,0,0,No data,No data,1
02615,9,11,14,9,4,0,0,No data,No data,No data
02616,0,11,1,0,0,0,0,No data,No data,1
02619,13,18,17,1,0,0,1,No data,No data,3
02623,No data,No data,No data,No data,No data,No data,No data,68,0,No data
02624,No data,No data,No data,No data,No data,No data,No data,18,3,No data
02635,11,27,26,11,1,1,0,No data,No data,4
02686,No data,No data,No data,No data,No data,No data,No data,No data,No data,No data
02687,No data,No data,No data,No data,No data,No data,No data,No data,No data,No data
02689,15,6,0,0,0,0,1,No data,No data,No data
02805,30,70,84,44,4,2,0,No data,No data,3
02806,No data,No data,No data,No data,No data,No data,No data,No data,No data,No data
02807,67,130,84,16,1,0,0,No data,No data,3
02808,No data,No data,No data,No data,No data,No data,No data,No data,No data,No data
02810,149,112,127,21,0,0,0,No data,No data,13
02830,14,9,3,4,0,0,0,No data,No data,2
02840,1,10,0,0,0,0,0,No data,No data,1
02841,2,9,0,0,0,0,0,No data,No data,No data
02901,No data,No data,No data,No data,No data,No data,No data,No data,No data,No data
02910,No data,No data,No data,No data,No data,No data,No data,No data,No data,No data
02935,No data,No data,No data,No data,No data,No data,No data,12,4,5
02946,No data,No data,No data,No data,No data,No data,No data,6,0,1
02949,No data,No data,No data,No data,No data,No data,No data,20,6,No data
02955,No data,No data,No data,No data,No data,No data,No data,No data,No data,No data
02960,No data,No data,No data,No data,No data,No data,No data,No data,No data,No data
02980,No data,No data,No data,No data,No data,No data,No data,No data,No data,No data
02981,No data,No data,No data,No data,No data,No data,No data,No data,No data,No data
02982,No data,No data,No data,No data,No data,No data,No data,No data,No data,No data
02983,No data,No data,No data,No data,No data,No data,No data,No data,No data,No data
02984,No data,No data,No data,No data,No data,No data,No data,No data,No data,No data
02987,No data,No data,No data,No data,No data,No data,No data,No data,No data,No data
02988,No data,No data,No data,No data,No data,No data,No data,11,0,12
02989,No data,No data,No data,No data,No data,No data,No data,No data,No data,No data
10031,No data,No data,No data,No data,No data,No data,No data,No data,No data,No data
10033,No data,No data,No data,No data,No data,No data,No data,No data,No data,No data
10034,No data,No data,No data,No data,No data,No data,No data,No data,No data,No data
10035,No data,No data,No data,No data,No data,No data,No data,51,0,No data
10036,7,10,8,12,10,11,0,No data,No data,3
10037,No data,No data,No data,No data,No data,No data,No data,No data,No data,No data
10054,No data,No data,No data,No data,No data,No data,No data,No data,No data,No data
10060,89,220,274,201,88,51,6,No data,No data,50
10062,No data,No data,No data,No data,No data,No data,No data,No data,No data,No data
10065,0,2,2,1,1,0,0,No data,No data,5
10080,No data,No data,No data,No data,No data,No data,No data,No data,No data,No data
10081,No data,No data,No data,No data,No data,No data,No data,No data,No data,No data
10102,No data,No data,No data,No data,No data,No data,No data,No data,No data,No data
10104,No data,No data,No data,No data,No data,No data,No data,No data,No data,No data
10112,7,10,4,4,6,4,1,No data,No data,3
10122,2,3,9,6,2,3,0,No data,No data,3
10200,3,3,0,1,0,0,0,No data,No data,1
10208,6,4,3,6,0,1,0,No data,No data,1
10209,No data,No data,No data,No data,No data,No data,No data,No data,No data,No data
10240,No data,No data,No data,No data,No data,No data,No data,No data,No data,No data
10255,4,1,2,0,0,0,0,No data,No data,No data
10260,No data,No data,No data,No data,No data,No data,No data,No data,No data,No data
10302,No data,No data,No data,No data,No data,No data,No data,No data,No data,No data
10304,No data,No data,No data,No data,No data,No data,No data,No data,No data,No data
10306,No data,No data,No data,No data,No data,No data,No data,No data,No data,No data
10314,No data,No data,No data,No data,No data,No data,No data,No data,No data,No data
10315,No data,No data,No data,No data,No data,No data,No data,No data,No data,No data
10316,No data,No data,No data,No data,No data,No data,No data,50,0,1
10317,19,10,7,4,4,7,0,No data,No data,4
10319,3,3,4,1,1,0,0,No data,No data,7
10321,2,7,5,0,1,0,0,No data,No data,1
10325,No data,No data,No data,No data,No data,No data,No data,15,0,No data
10331,0,2,2,1,0,0,0,No data,No data,No data
10333,3,4,5,3,5,2,0,No data,No data,2
10337,5,4,1,1,0,0,0,No data,No data,1
10339,5,11,2,2,0,0,0,No data,No data,No data
10346,No data,No data,No data,No data,No data,No data,No data,No data,No data,No data
10350,No data,No data,No data,No data,No data,No data,No data,No data,No data,No data
10380,No data,No data,No data,No data,No data,No data,No data,No data,No data,No data
10384,6,17,5,4,2,2,0,No data,No data,1
10385,No data,No data,No data,No data,No data,No data,No data,No data,No data,No data
10386,No data,No data,No data,No data,No data,No data,No data,No data,No data,No data
10387,No data,No data,No data,No data,No data,No data,No data,No data,No data,No data
10400,7,7,6,4,3,2,0,1,0,7
10401,No data,No data,No data,No data,No data,No data,No data,No data,No data,No data
10402,No data,No data,No data,No data,No data,No data,No data,No data,No data,No data
10405,5,8,10,6,3,6,1,No data,No data,3
10411,No data,No data,No data,No data,No data,No data,No data,No data,No data,No data
10413,No data,No data,No data,No data,No data,No data,No data,No data,No data,No data
10414,No data,No data,No data,No data,No data,No data,No data,No data,No data,No data
10420,No data,No data,No data,No data,No data,No data,No data,No data,No data,No data
10506,No data,No data,No data,No data,No data,No data,No data,No data,No data,No data
10507,No data,No data,No data,No data,No data,No data,No data,No data,No data,No data
10508,No data,No data,No data,No data,No data,No data,No data,No data,No data,No data
10509,No data,No data,No data,No data,No data,No data,No data,No data,No data,No data
10511,No data,No data,No data,No data,No data,No data,No data,7,0,No data
10512,No data,No data,No data,No data,No data,No data,No data,No data,No data,No data
10514,No data,No data,No data,No data,No data,No data,No data,No data,No data,No data
10515,No data,No data,No data,No data,No data,No data,No data,No data,No data,No data
10519,No data,No data,No data,No data,No data,No data,No data,No data,No data,No data
10520,No data,No data,No data,No data,No data,No data,No data,No data,No data,No data
10521,No data,No data,No data,No data,No data,No data,No data,No data,No data,No data
10530,No data,No data,No data,No data,No data,No data,No data,No data,No data,No data
10540,No data,No data,No data,No data,No data,No data,No data,No data,No data,No data
10550,No data,No data,No data,No data,No data,No data,No data,No data,No data,No data
10590,No data,No data,No data,No data,No data,No data,No data,11,0,4
10603,No data,No data,No data,No data,No data,No data,No data,No data,No data,No data
10605,No data,No data,No data,No data,No data,No data,No data,14,5,No data
10610,4,8,1,0,1,0,0,No data,No data,1
10720,No data,No data,No data,No data,No data,No data,No data,No data,No data,No data
10721,No data,No data,No data,No data,No data,No data,No data,No data,No data,No data
10722,No data,No data,No data,No data,No data,No data,No data,No data,No data,No data
10730,No data,No data,No data,No data,No data,No data,No data,No data,No data,No data
10731,No data,No data,No data,No data,No data,No data,No data,No data,No data,No data
10732,No data,No data,No data,No data,No data,No data,No data,No data,No data,No data
10750,No data,No data,No data,No data,No data,No data,No data,No data,No data,No data
10850,No data,No data,No data,No data,No data,No data,No data,No data,No data,No data
10851,No data,No data,No data,No data,No data,No data,No data,12,0,No data
10852,No data,No data,No data,No data,No data,No data,No data,No data,No data,No data
10855,12,2,3,0,0,0,0,No data,No data,No data
10862,No data,No data,No data,No data,No data,No data,No data,No data,No data,No data
10863,No data,No data,No data,No data,No data,No data,No data,No data,No data,No data
10864,No data,No data,No data,No data,No data,No data,No data,No data,No data,No data
10870,19,11,3,0,0,0,0,No data,No data,No data
10871,No data,No data,No data,No data,No data,No data,No data,No data,No data,No data
10916,8,4,12,10,5,3,1,No data,No data,7
10935,12,16,18,10,23,5,0,No data,No data,12
12000,3,21,8,0,1,0,0,No data,No data,No data
12003,No data,No data,No data,No data,No data,No data,No data,No data,No data,No data
12100,No data,No data,No data,No data,No data,No data,No data,No data,No data,No data
12101,No data,No data,No data,No data,No data,No data,No data,No data,No data,No data
12102,5,15,15,0,1,1,0,No data,No data,No data
12104,15,55,31,1,1,1,0,No data,No data,1
12105,153,294,175,5,0,1,0,0,1,6
12106,195,363,186,7,0,1,0,No data,No data,8
12109,8,14,12,3,2,0,0,No data,No data,No data
12111,1,2,3,3,1,0,0,No data,No data,1
12115,No data,No data,No data,No data,No data,No data,No data,No data,No data,No data
12121,No data,No data,No data,No data,No data,No data,No data,No data,No data,No data
12122,6,27,6,1,0,0,0,No data,No data,No data
12125,No data,No data,No data,No data,No data,No data,No data,No data,No data,No data
12130,4,8,12,5,2,0,0,No data,No data,No data
12132,5,6,2,2,0,0,0,No data,No data,1
12134,4,21,4,1,0,0,1,No data,No data,No data
12139,21,50,42,16,1,0,0,No data,No data,4
12143,No data,No data,No data,No data,No data,No data,No data,No data,No data,No data
12145,2,18,17,1,1,1,0,No data,No data,No data
12150,No data,No data,No data,No data,No data,No data,No data,No data,No data,No data
12202,No data,No data,No data,No data,No data,No data,No data,No data,No data,No data
12203,No data,No data,No data,No data,No data,No data,No data,No data,No data,No data
12205,No data,No data,No data,No data,No data,No data,No data,No data,No data,No data
12211,No data,No data,No data,No data,No data,No data,No data,No data,No data,No data
12227,No data,No data,No data,No data,No data,No data,No data,No data,No data,No data
12228,0,17,27,4,0,1,0,No data,No data,No data
12231,No data,No data,No data,No data,No data,No data,No data,No data,No data,No data
12237,No data,No data,No data,No data,No data,No data,No data,No data,No data,No data
12238,No data,No data,No data,No data,No data,No data,No data,No data,No data,No data
12240,32,63,21,4,0,0,0,No data,No data,No data
12245,18,30,28,1,1,0,0,No data,No data,No data
12250,No data,No data,No data,No data,No data,No data,No data,12,0,No data
12320,No data,No data,No data,No data,No data,No data,No data,No data,No data,No data
12330,No data,No data,No data,No data,No data,No data,No data,No data,No data,No data
12331,No data,No data,No data,No data,No data,No data,No data,No data,No data,No data
12336,5,18,4,0,0,0,0,No data,No data,No data
12345,No data,No data,No data,No data,No data,No data,No data,No data,No data,No data
12350,No data,No data,No data,No data,No data,No data,No data,47,0,No data
12360,No data,No data,No data,No data,No data,No data,No data,No data,No data,No data
12361,3,9,9,2,0,0,0,No data,No data,No data
12362,12,19,11,5,1,0,0,No data,No data,5
12363,No data,No data,No data,No data,No data,No data,No data,No data,No data,No data
12410,No data,No data,No data,No data,No data,No data,No data,No data,No data,No data
12411,No data,No data,No data,No data,No data,No data,No data,No data,No data,No data
12412,8,13,17,3,1,1,0,No data,No data,6
12415,No data,No data,No data,No data,No data,No data,No data,No data,No data,No data
12421,9,7,5,7,3,0,0,No data,No data,1
12422,No data,No data,No data,No data,No data,No data,No data,No data,No data,No data
12423,3,2,2,0,1,2,0,No data,No data,No data
12430,4,4,1,2,0,0,0,No data,No data,No data
12431,No data,No data,No data,No data,No data,No data,No data,No data,No data,No data
12451,7,4,1,4,0,0,0,No data,No data,1
12452,No data,No data,No data,No data,No data,No data,No data,No data,No data,No data
12551,0,1,2,0,1,0,0,No data,No data,No data
12552,6,8,22,47,37,19,0,No data,No data,6
12601,2,9,15,15,20,19,0,No data,No data,6
12603,No data,No data,No data,No data,No data,No data,No data,No data,No data,No data
12604,No data,No data,No data,No data,No data,No data,No data,No data,No data,No data
12605,40,71,69,43,19,34,0,No data,No data,7
12611,1,4,22,5,2,2,0,No data,No data,3
12612,No data,No data,No data,No data,No data,No data,No data,No data,No data,No data
12614,No data,No data,No data,No data,No data,No data,No data,No data,No data,No data
12615,No data,No data,No data,No data,No data,No data,No data,No data,No data,No data
12616,5,22,3,2,0,0,0,No data,No data,1
12701,No data,No data,No data,No data,No data,No data,No data,94,0,No data
12772,20,81,52,22,4,0,0,No data,No data,7
12773,No data,No data,No data,No data,No data,No data,No data,No data,No data,No data
12775,No data,No data,No data,No data,No data,No data,No data,No data,No data,No data
12821,2,6,3,0,0,0,0,No data,No data,1
12831,0,3,1,0,1,1,0,No data,No data,No data
12832,No data,No data,No data,No data,No data,No data,No data,13,0,1
12836,No data,No data,No data,No data,No data,No data,No data,No data,No data,No data
12854,No data,No data,No data,No data,No data,No data,No data,No data,No data,No data
12856,No data,No data,No data,No data,No data,No data,No data,No data,No data,No data
12902,No data,No data,No data,No data,No data,No data,No data,No data,No data,No data
12911,No data,No data,No data,No data,No data,No data,No data,No data,No data,No data
12919,No data,No data,No data,No data,No data,No data,No data,No data,No data,No data
12920,No data,No data,No data,No data,No data,No data,No data,No data,No data,No data
12926,No data,No data,No data,No data,No data,No data,No data,No data,No data,No data
12936,No data,No data,No data,No data,No data,No data,No data,No data,No data,No data
12950,No data,No data,No data,No data,No data,No data,No data,101,0,No data
12951,No data,No data,No data,No data,No data,No data,No data,100,2,No data
12952,No data,No data,No data,No data,No data,No data,No data,No data,No data,No data
12953,No data,No data,No data,No data,No data,No data,No data,No data,No data,No data
12954,No data,No data,No data,No data,No data,No data,No data,No data,No data,No data
12958,No data,No data,No data,No data,No data,No data,No data,No data,No data,No data
12B1B,7,3,2,0,0,0,0,No data,No data,No data
22001,9,3,13,11,3,7,0,No data,No data,4
22002,4,3,7,4,0,0,0,No data,No data,No data
22003,No data,No data,No data,No data,No data,No data,No data,No data,No data,No data
22005,No data,No data,No data,No data,No data,No data,No data,No data,No data,No data
22006,16,10,10,6,5,1,0,No data,No data,2
22007,14,10,6,5,1,1,0,No data,No data,2
22050,No data,No data,No data,No data,No data,No data,No data,No data,No data,No data
22051,11,58,32,10,2,1,0,No data,No data,3
22052,14,23,0,5,5,0,0,No data,No data,1
22053,24,13,1,0,0,0,0,No data,No data,1
22054,No data,No data,No data,No data,No data,No data,No data,No data,No data,No data
22058,No data,No data,No data,No data,No data,No data,No data,No data,No data,No data
22059,No data,No data,No data,No data,No data,No data,No data,No data,No data,No data
22060,No data,No data,No data,No data,No data,No data,No data,No data,No data,No data
22061,0,1,0,1,3,7,0,No data,No data,No data
22062,4,9,8,3,0,0,0,No data,No data,No data
22100,8,9,7,0,0,1,0,No data,No data,No data
22102,5,7,7,0,0,0,0,No data,No data,No data
22107,No data,No data,No data,No data,No data,No data,No data,No data,No data,No data
22111,34,28,52,36,28,12,2,No data,No data,4
22112,No data,No data,No data,No data,No data,No data,No data,36,0,No data
22115,No data,No data,No data,No data,No data,No data,No data,No data,No data,No data
22116,No data,No data,No data,No data,No data,No data,No data,17,6,No data
22117,No data,No data,No data,No data,No data,No data,No data,No data,No data,No data
22118,No data,No data,No data,No data,No data,No data,No data,No data,No data,No data
22123,No data,No data,No data,No data,No data,No data,No data,No data,No data,No data
22125,No data,No data,No data,No data,No data,No data,No data,No data,No data,No data
22126,37,33,15,0,1,0,0,No data,No data,8
22140,0,6,6,1,1,0,0,No data,No data,1
22145,10,15,19,1,1,5,0,No data,No data,2
22150,5,9,18,4,2,0,0,No data,No data,No data
22160,8,79,20,0,0,0,0,No data,No data,2
22166,No data,No data,No data,No data,No data,No data,No data,33,29,1
22168,No data,No data,No data,No data,No data,No data,No data,No data,No data,No data
22172,No data,No data,No data,No data,No data,No data,No data,No data,No data,No data
22175,No data,No data,No data,No data,No data,No data,No data,No data,No data,No data
22179,No data,No data,No data,No data,No data,No data,No data,No data,No data,No data
22180,No data,No data,No data,No data,No data,No data,No data,107,0,1
22201,No data,No data,No data,No data,No data,No data,No data,No data,No data,No data
22203,12,27,11,2,0,0,0,No data,No data,1
22205,No data,No data,No data,No data,No data,No data,No data,No data,No data,No data
22206,No data,No data,No data,No data,No data,No data,No data,No data,No data,No data
22207,No data,No data,No data,No data,No data,No data,No data,No data,No data,No data
22208,11,24,24,25,12,8,0,No data,No data,9
22210,47,62,18,0,0,0,0,0,4,3
22211,No data,No data,No data,No data,No data,No data,No data,No data,No data,No data
22212,No data,No data,No data,No data,No data,No data,No data,No data,No data,No data
22213,No data,No data,No data,No data,No data,No data,No data,No data,No data,No data
22230,No data,No data,No data,No data,No data,No data,No data,No data,No data,No data
22231,27,65,31,12,3,0,0,No data,No data,No data
22232,No data,No data,No data,No data,No data,No data,No data,No data,No data,No data
22235,No data,No data,No data,No data,No data,No data,No data,No data,No data,No data
22236,No data,No data,No data,No data,No data,No data,No data,No data,No data,No data
22237,16,22,44,33,14,0,0,No data,No data,2
22238,No data,No data,No data,No data,No data,No data,No data,37,0,4
22239,No data,No data,No data,No data,No data,No data,No data,21,0,No data
22281,No data,No data,No data,No data,No data,No data,No data,No data,No data,No data
22282,No data,No data,No data,No data,No data,No data,No data,No data,No data,No data
22283,5,21,10,4,0,2,0,No data,No data,2
22284,No data,No data,No data,No data,No data,No data,No data,No data,No data,No data
22285,2,34,35,6,3,1,0,No data,No data,No data
22400,No data,No data,No data,No data,No data,No data,No data,No data,No data,No data
22403,No data,No data,No data,No data,No data,No data,No data,No data,No data,No data
22439,7,12,26,23,11,6,2,No data,No data,1
22449,4,33,47,41,15,13,2,No data,No data,3
22450,No data,No data,No data,No data,No data,No data,No data,No data,No data,No data
22460,No data,No data,No data,No data,No data,No data,No data,102,0,2
22461,No data,No data,No data,No data,No data,No data,No data,No data,No data,No data
22462,No data,No data,No data,No data,No data,No data,No data,No data,No data,No data
22475,No data,No data,No data,No data,No data,No data,No data,No data,No data,No data
22476,No data,No data,No data,No data,No data,No data,No data,No data,No data,No data
22481,8,14,24,7,0,2,0,No data,No data,No data
22485,3,10,5,2,0,0,0,No data,No data,No data
22486,No data,No data,No data,No data,No data,No data,No data,No data,No data,No data
22487,No data,No data,No data,No data,No data,No data,No data,No data,No data,No data
22506,No data,No data,No data,No data,No data,No data,No data,No data,No data,No data
22507,No data,No data,No data,No data,No data,No data,No data,No data,No data,No data
22508,No data,No data,No data,No data,No data,No data,No data,No data,No data,No data
22511,5,6,8,3,2,2,0,No data,No data,1
22513,No data,No data,No data,No data,No data,No data,No data,No data,No data,No data
22525,19,12,7,7,1,2,0,No data,No data,2
22530,4,1,1,1,0,0,0,No data,No data,No data
22600,6,5,12,7,6,3,0,No data,No data,1
22602,No data,No data,No data,No data,No data,No data,No data,No data,No data,No data
22603,3,6,9,2,1,0,0,No data,No data,No data
22604,No data,No data,No data,No data,No data,No data,No data,No data,No data,No data
22605,No data,No data,No data,No data,No data,No data,No data,No data,No data,No data
22610,3,1,3,1,0,0,0,No data,No data,1
22611,No data,No data,No data,No data,No data,No data,No data,No data,No data,No data
22612,No data,No data,No data,No data,No data,No data,No data,No data,No data,No data
22680,No data,No data,No data,No data,No data,No data,No data,No data,No data,No data
22681,No data,No data,No data,No data,No data,No data,No data,No data,No data,No data
22800,No data,No data,No data,No data,No data,No data,No data,No data,No data,No data
23101,5,13,24,6,0,0,0,No data,No data,1
23102,No data,No data,No data,No data,No data,No data,No data,No data,No data,No data
23205,15,20,19,9,7,2,0,No data,No data,4
23206,No data,No data,No data,No data,No data,No data,No data,No data,No data,No data
23210,No data,No data,No data,No data,No data,No data,No data,No data,No data,No data
23212,No data,No data,No data,No data,No data,No data,No data,No data,No data,No data
23214,No data,No data,No data,No data,No data,No data,No data,59,0,No data
23216,No data,No data,No data,No data,No data,No data,No data,No data,No data,No data
23220,0,7,12,1,0,2,0,No data,No data,No data
23255,No data,No data,No data,No data,No data,No data,No data,No data,No data,No data
23256,No data,No data,No data,No data,No data,No data,No data,No data,No data,No data
23257,No data,No data,No data,No data,No data,No data,No data,No data,No data,No data
23258,No data,No data,No data,No data,No data,No data,No data,No data,No data,No data
23260,12,5,3,4,2,2,0,No data,No data,No data
23261,No data,No data,No data,No data,No data,No data,No data,No data,No data,No data
23262,No data,No data,No data,No data,No data,No data,No data,No data,No data,No data
23263,2,4,2,1,0,0,0,No data,No data,3
23272,2,4,3,1,0,2,0,No data,No data,1
23301,7,1,3,0,0,0,0,No data,No data,No data
23302,No data,No data,No data,No data,No data,No data,No data,No data,No data,No data
23360,2,2,4,3,0,0,0,No data,No data,No data
23511,3,10,7,4,4,0,0,No data,No data,No data
23513,No data,No data,No data,No data,No data,No data,No data,No data,No data,No data
23520,No data,No data,No data,No data,No data,No data,No data,No data,No data,No data
23521,9,25,22,16,5,7,0,No data,No data,2
23522,5,3,2,0,0,0,0,No data,No data,1
23531,No data,No data,No data,No data,No data,No data,No data,No data,No data,No data
23532,No data,No data,No data,No data,No data,No data,No data,No data,No data,No data
23552,No data,No data,No data,No data,No data,No data,No data,No data,No data,No data
23564,19,11,11,3,0,0,0,No data,No data,No data
23662,4,8,10,1,0,0,0,No data,No data,No data
23711,0,13,17,3,3,4,0,No data,No data,1
23732,3,4,10,13,4,7,0,No data,No data,No data
23832,No data,No data,No data,No data,No data,No data,No data,No data,No data,No data
23837,No data,No data,No data,No data,No data,No data,No data,No data,No data,No data
23839,No data,No data,No data,No data,No data,No data,No data,13,0,1
23841,No data,No data,No data,No data,No data,No data,No data,No data,No data,No data
23842,No data,No data,No data,No data,No data,No data,No data,No data,No data,No data
23851,No data,No data,No data,No data,No data,No data,No data,No data,No data,No data
23903,No data,No data,No data,No data,No data,No data,No data,No data,No data,No data
23904,3,8,0,0,0,0,0,No data,No data,No data
23925,0,2,4,8,3,1,1,No data,No data,No data
23926,1,3,7,2,2,2,0,No data,No data,1
23932,No data,No data,No data,No data,No data,No data,No data,No data,No data,No data
23936,No data,No data,No data,No data,No data,No data,No data,No data,No data,No data
23937,2,4,3,3,0,0,0,No data,No data,No data
23952,3,6,3,2,0,0,0,No data,No data,No data
23953,5,13,2,1,2,0,0,No data,No data,No data
23954,No data,No data,No data,No data,No data,No data,No data,No data,No data,No data
23963,No data,No data,No data,No data,No data,No data,No data,No data,No data,No data
23982,2,4,6,0,2,0,0,0,2,4
23F11,No data,No data,No data,No data,No data,No data,No data,No data,No data,No data
23F12,No data,No data,No data,No data,No data,No data,No data,No data,No data,No data
23F13,No data,No data,No data,No data,No data,No data,No data,No data,No data,No data
23F14,No data,No data,No data,No data,No data,No data,No data,No data,No data,No data
23F15,No data,No data,No data,No data,No data,No data,No data,No data,No data,No data
23F16,No data,No data,No data,No data,No data,No data,No data,No data,No data,No data
25102,No data,No data,No data,No data,No data,No data,No data,No data,No data,No data
25104,No data,No data,No data,No data,No data,No data,No data,No data,No data,No data
25105,No data,No data,No data,No data,No data,No data,No data,No data,No data,No data
25106,2,25,20,7,0,4,0,No data,No data,5
25107,No data,No data,No data,No data,No data,No data,No data,No data,No data,No data
25108,10,7,4,0,0,0,0,No data,No data,2
25109,0,3,0,1,0,0,0,No data,No data,No data
25201,No data,No data,No data,No data,No data,No data,No data,No data,No data,No data
25202,No data,No data,No data,No data,No data,No data,No data,No data,No data,No data
25203,No data,No data,No data,No data,No data,No data,No data,No data,No data,No data
25204,No data,No data,No data,No data,No data,No data,No data,No data,No data,No data
25205,No data,No data,No data,No data,No data,No data,No data,No data,No data,No data
25206,No data,No data,No data,No data,No data,No data,No data,No data,No data,No data
25207,No data,No data,No data,No data,No data,No data,No data,No data,No data,No data
25208,No data,No data,No data,No data,No data,No data,No data,No data,No data,No data
25209,No data,No data,No data,No data,No data,No data,No data,No data,No data,No data
25210,No data,No data,No data,No data,No data,No data,No data,4,0,1
25211,No data,No data,No data,No data,No data,No data,No data,No data,No data,No data
25212,No data,No data,No data,No data,No data,No data,No data,No data,No data,No data
25213,No data,No data,No data,No data,No data,No data,No data,No data,No data,No data
25214,No data,No data,No data,No data,No data,No data,No data,No data,No data,No data
25215,No data,No data,No data,No data,No data,No data,No data,No data,No data,No data
25217,No data,No data,No data,No data,No data,No data,No data,No data,No data,No data
25218,No data,No data,No data,No data,No data,No data,No data,No data,No data,No data
25302,3,14,23,3,2,0,0,No data,No data,4
25303,No data,No data,No data,No data,No data,No data,No data,17,0,1
25310,No data,No data,No data,No data,No data,No data,No data,No data,No data,No data
25311,0,2,2,1,0,0,0,No data,No data,No data
25312,1,2,1,0,0,0,0,No data,No data,No data
25313,No data,No data,No data,No data,No data,No data,No data,No data,No data,No data
25314,No data,No data,No data,No data,No data,No data,No data,No data,No data,No data
25315,No data,No data,No data,No data,No data,No data,No data,No data,No data,No data
25316,No data,No data,No data,No data,No data,No data,No data,No data,No data,No data
25317,1,2,3,0,0,0,0,No data,No data,No data
25318,No data,No data,No data,No data,No data,No data,No data,8,0,No data
25321,No data,No data,No data,No data,No data,No data,No data,No data,No data,No data
25322,No data,No data,No data,No data,No data,No data,No data,No data,No data,No data
25323,4,1,0,0,1,0,0,No data,No data,No data
25324,No data,No data,No data,No data,No data,No data,No data,No data,No data,No data
25325,5,25,24,0,1,0,0,No data,No data,2
25326,No data,No data,No data,No data,No data,No data,No data,No data,No data,No data
25327,No data,No data,No data,No data,No data,No data,No data,No data,No data,No data
25328,3,0,4,2,2,0,0,No data,No data,No data
25331,No data,No data,No data,No data,No data,No data,No data,No data,No data,No data
25335,No data,No data,No data,No data,No data,No data,No data,No data,No data,No data
25336,No data,No data,No data,No data,No data,No data,No data,No data,No data,No data
25340,No data,No data,No data,No data,No data,No data,No data,No data,No data,No data
25341,No data,No data,No data,No data,No data,No data,No data,No data,No data,No data
25342,No data,No data,No data,No data,No data,No data,No data,No data,No data,No data
25343,No data,No data,No data,No data,No data,No data,No data,No data,No data,No data
25344,15,16,3,2,0,0,0,No data,No data,No data
25345,3,2,3,1,1,0,0,No data,No data,No data
25346,1,2,3,1,0,0,0,No data,No data,1
25347,No data,No data,No data,No data,No data,No data,No data,No data,No data,No data
25348,No data,No data,No data,No data,No data,No data,No data,No data,No data,No data
25349,No data,No data,No data,No data,No data,No data,No data,No data,No data,No data
25350,No data,No data,No data,No data,No data,No data,No data,10,2,No data
25351,No data,No data,No data,No data,No data,No data,No data,No data,No data,No data
25352,32,9,0,0,0,0,0,No data,No data,No data
25353,No data,No data,No data,No data,No data,No data,No data,No data,No data,No data
25354,No data,No data,No data,No data,No data,No data,No data,No data,No data,No data
25355,No data,No data,No data,No data,No data,No data,No data,No data,No data,No data
25356,No data,No data,No data,No data,No data,No data,No data,No data,No data,No data
25357,No data,No data,No data,No data,No data,No data,No data,No data,No data,No data
25616,No data,No data,No data,No data,No data,No data,No data,No data,No data,No data
25619,No data,No data,No data,No data,No data,No data,No data,10,0,5
25621,No data,No data,No data,No data,No data,No data,No data,No data,No data,No data
25623,No data,No data,No data,No data,No data,No data,No data,No data,No data,No data
25624,No data,No data,No data,No data,No data,No data,No data,No data,No data,No data
25625,No data,No data,No data,No data,No data,No data,No data,No data,No data,No data
25626,No data,No data,No data,No data,No data,No data,No data,No data,No data,No data
25627,No data,No data,No data,No data,No data,No data,No data,No data,No data,No data
25628,No data,No data,No data,No data,No data,No data,No data,No data,No data,No data
25801,No data,No data,No data,No data,No data,No data,No data,4,0,No data
25811,No data,No data,No data,No data,No data,No data,No data,No data,No data,No data
25812,No data,No data,No data,No data,No data,No data,No data,No data,No data,No data
25813,No data,No data,No data,No data,No data,No data,No data,No data,No data,No data
25823,No data,No data,No data,No data,No data,No data,No data,No data,No data,No data
25824,No data,No data,No data,No data,No data,No data,No data,No data,No data,No data
25825,No data,No data,No data,No data,No data,No data,No data,No data,No data,No data
25826,No data,No data,No data,No data,No data,No data,No data,No data,No data,No data
25827,No data,No data,No data,No data,No data,No data,No data,No data,No data,No data
25829,No data,No data,No data,No data,No data,No data,No data,No data,No data,No data
25830,No data,No data,No data,No data,No data,No data,No data,No data,No data,No data
25831,No data,No data,No data,No data,No data,No data,No data,No data,No data,No data
25832,No data,No data,No data,No data,No data,No data,No data,No data,No data,No data
25833,No data,No data,No data,No data,No data,No data,No data,No data,No data,No data
25834,No data,No data,No data,No data,No data,No data,No data,4,1,No data
25835,No data,No data,No data,No data,No data,No data,No data,No data,No data,No data
26001,7,18,22,11,4,2,0,No data,No data,No data
26002,No data,No data,No data,No data,No data,No data,No data,No data,No data,No data
26003,No data,No data,No data,No data,No data,No data,No data,No data,No data,No data
26004,No data,No data,No data,No data,No data,No data,No data,No data,No data,No data
26008,No data,No data,No data,No data,No data,No data,No data,60,0,No data
26010,26,16,4,1,0,0,0,No data,No data,1
26020,13,36,52,54,38,42,5,No data,No data,16
26021,No data,No data,No data,No data,No data,No data,No data,No data,No data,No data
26022,0,0,2,1,2,3,1,No data,No data,No data
26050,35,40,34,23,12,12,2,No data,No data,5
26124,No data,No data,No data,No data,No data,No data,No data,No data,No data,No data
26127,No data,No data,No data,No data,No data,No data,No data,20,0,No data
26128,No data,No data,No data,No data,No data,No data,No data,6,0,No data
26130,3,3,2,4,1,0,0,No data,No data,No data
26134,3,2,3,0,2,2,1,No data,No data,1
26171,8,20,17,10,7,2,2,No data,No data,7
26173,2,11,22,6,4,3,0,No data,No data,7
26174,No data,No data,No data,No data,No data,No data,No data,11,0,No data
26200,5,6,15,10,3,5,1,No data,No data,No data
26211,No data,No data,No data,No data,No data,No data,No data,No data,No data,No data
26220,No data,No data,No data,No data,No data,No data,No data,No data,No data,No data
26225,No data,No data,No data,No data,No data,No data,No data,12,0,No data
26231,No data,No data,No data,No data,No data,No data,No data,No data,No data,No data
26236,1,2,2,0,0,0,0,No data,No data,No data
26241,2,23,16,3,4,0,0,No data,No data,1
26245,No data,No data,No data,No data,No data,No data,No data,No data,No data,No data
26255,3,0,1,1,0,0,0,No data,No data,3
26261,4,3,3,1,1,1,0,No data,No data,1
26263,No data,No data,No data,No data,No data,No data,No data,No data,No data,No data
26271,No data,No data,No data,No data,No data,No data,No data,No data,No data,No data
26280,No data,No data,No data,No data,No data,No data,No data,No data,No data,No data
26300,7,11,13,12,7,11,0,No data,No data,1
26317,No data,No data,No data,No data,No data,No data,No data,No data,No data,No data
26325,No data,No data,No data,No data,No data,No data,No data,No data,No data,No data
26371,No data,No data,No data,No data,No data,No data,No data,46,0,5
26374,No data,No data,No data,No data,No data,No data,No data,No data,No data,No data
26400,0,0,0,2,0,4,0,No data,No data,No data
26407,No data,No data,No data,No data,No data,No data,No data,21,1,No data
26411,36,23,22,8,4,10,2,No data,No data,3
26416,No data,No data,No data,No data,No data,No data,No data,No data,No data,No data
26422,2,4,6,8,11,3,0,No data,No data,7
26426,No data,No data,No data,No data,No data,No data,No data,No data,No data,No data
26428,No data,No data,No data,No data,No data,No data,No data,No data,No data,No data
26433,7,6,9,13,10,12,3,No data,No data,6
26438,8,7,9,3,3,4,0,No data,No data,4
26444,No data,No data,No data,No data,No data,No data,No data,No data,No data,No data
26446,No data,No data,No data,No data,No data,No data,No data,No data,No data,No data
26455,No data,No data,No data,No data,No data,No data,No data,No data,No data,No data
26471,No data,No data,No data,No data,No data,No data,No data,No data,No data,No data
26474,No data,No data,No data,No data,No data,No data,No data,18,0,4
26510,No data,No data,No data,No data,No data,No data,No data,No data,No data,No data
26620,No data,No data,No data,No data,No data,No data,No data,No data,No data,No data
26800,2,3,2,1,2,3,0,No data,No data,1
26805,No data,No data,No data,No data,No data,No data,No data,6,0,3
26820,0,0,0,1,3,1,0,No data,No data,5
26840,No data,No data,No data,No data,No data,No data,No data,No data,No data,No data
26932,No data,No data,No data,No data,No data,No data,No data,No data,No data,No data
26933,No data,No data,No data,No data,No data,No data,No data,No data,No data,No data
26944,No data,No data,No data,No data,No data,No data,No data,26,0,1
26960,No data,No data,No data,No data,No data,No data,No data,No data,No data,No data
26970,No data,No data,No data,No data,No data,No data,No data,No data,No data,No data
26991,No data,No data,No data,No data,No data,No data,No data,No data,No data,No data
27002,35,49,44,8,6,5,0,No data,No data,5
27003,20,22,19,0,0,0,0,No data,No data,No data
27016,No data,No data,No data,No data,No data,No data,No data,130,1,1
27020,7,70,165,103,19,4,0,0,4,15
27021,No data,No data,No data,No data,No data,No data,No data,No data,No data,No data
27022,No data,No data,No data,No data,No data,No data,No data,No data,No data,No data
27023,No data,No data,No data,No data,No data,No data,No data,No data,No data,No data
27026,15,42,42,30,19,19,1,No data,No data,7
27027,28,20,23,14,8,4,0,No data,No data,2
27030,No data,No data,No data,No data,No data,No data,No data,No data,No data,No data
27034,No data,No data,No data,No data,No data,No data,No data,No data,No data,No data
27035,No data,No data,No data,No data,No data,No data,No data,No data,No data,No data
27051,No data,No data,No data,No data,No data,No data,No data,No data,No data,No data
27062,5,19,13,8,4,0,0,No data,No data,4
27063,3,2,0,0,0,0,0,No data,No data,No data
27070,No data,No data,No data,No data,No data,No data,No data,No data,No data,No data
27075,No data,No data,No data,No data,No data,No data,No data,No data,No data,No data
27101,No data,No data,No data,No data,No data,No data,No data,No data,No data,No data
27220,No data,No data,No data,No data,No data,No data,No data,No data,No data,No data
27230,19,18,12,8,16,10,5,No data,No data,5
27246,9,13,21,10,1,7,0,No data,No data,4
27247,8,14,0,0,0,0,0,No data,No data,No data
27255,No data,No data,No data,No data,No data,No data,No data,No data,No data,No data
27325,No data,No data,No data,No data,No data,No data,No data,No data,No data,No data
27330,No data,No data,No data,No data,No data,No data,No data,No data,No data,No data
27419,No data,No data,No data,No data,No data,No data,No data,No data,No data,No data
27422,No data,No data,No data,No data,No data,No data,No data,No data,No data,No data
27423,65,25,25,16,5,10,0,No data,No data,8
27430,No data,No data,No data,No data,No data,No data,No data,No data,No data,No data
27432,No data,No data,No data,No data,No data,No data,No data,No data,No data,No data
27436,91,43,21,13,3,2,0,No data,No data,13
27455,No data,No data,No data,No data,No data,No data,No data,No data,No data,No data
27460,43,46,23,21,8,3,0,No data,No data,1
27470,No data,No data,No data,No data,No data,No data,No data,No data,No data,No data
27472,No data,No data,No data,No data,No data,No data,No data,No data,No data,No data
27510,No data,No data,No data,No data,No data,No data,No data,No data,No data,No data
27665,9,12,1,0,0,0,0,No data,No data,No data
27666,No data,No data,No data,No data,No data,No data,No data,No data,No data,No data
27800,No data,No data,No data,No data,No data,No data,No data,No data,No data,No data
27802,No data,No data,No data,No data,No data,No data,No data,No data,No data,No data
27803,No data,No data,No data,No data,No data,No data,No data,No data,No data,No data
27804,No data,No data,No data,No data,No data,No data,No data,No data,No data,No data
27805,No data,No data,No data,No data,No data,No data,No data,No data,No data,No data
27820,No data,No data,No data,No data,No data,No data,No data,No data,No data,No data
27823,No data,No data,No data,No data,No data,No data,No data,14,0,1
27828,No data,No data,No data,No data,No data,No data,No data,No data,No data,No data
27832,No data,No data,No data,No data,No data,No data,No data,15,0,2
27833,No data,No data,No data,No data,No data,No data,No data,22,0,3
27838,No data,No data,No data,No data,No data,No data,No data,No data,No data,No data
27839,No data,No data,No data,No data,No data,No data,No data,No data,No data,No data
27840,No data,No data,No data,No data,No data,No data,No data,No data,No data,No data
27845,No data,No data,No data,No data,No data,No data,No data,No data,No data,No data
28010,No data,No data,No data,No data,No data,No data,No data,No data,No data,No data
28012,2,9,14,20,3,13,0,No data,No data,6
28016,3,4,8,14,11,4,6,No data,No data,5
28020,No data,No data,No data,No data,No data,No data,No data,No data,No data,No data
28021,No data,No data,No data,No data,No data,No data,No data,No data,No data,No data
28022,5,9,15,14,5,8,0,No data,No data,8
28025,No data,No data,No data,No data,No data,No data,No data,No data,No data,No data
28121,4,11,0,0,0,0,0,No data,No data,No data
28123,No data,No data,No data,No data,No data,No data,No data,No data,No data,No data
28125,16,6,1,0,0,0,0,No data,No data,No data
28140,9,2,4,4,5,6,5,No data,No data,3
28145,No data,No data,No data,No data,No data,No data,No data,No data,No data,No data
28150,9,13,13,0,0,0,0,0,1,No data
28155,No data,No data,No data,No data,No data,No data,No data,No data,No data,No data
28157,No data,No data,No data,No data,No data,No data,No data,No data,No data,No data
28160,No data,No data,No data,No data,No data,No data,No data,No data,No data,No data
28165,No data,No data,No data,No data,No data,No data,No data,No data,No data,No data
28212,No data,No data,No data,No data,No data,No data,No data,No data,No data,No data
28213,4,6,11,2,1,3,0,No data,No data,1
28214,No data,No data,No data,No data,No data,No data,No data,No data,No data,No data
28216,No data,No data,No data,No data,No data,No data,No data,No data,No data,No data
28217,No data,No data,No data,No data,No data,No data,No data,No data,No data,No data
28221,No data,No data,No data,No data,No data,No data,No data,No data,No data,No data
28233,55,43,63,7,0,17,0,No data,No data,5
28242,2,7,5,4,5,8,7,No data,No data,3
28244,14,19,7,2,0,0,0,No data,No data,No data
28271,No data,No data,No data,No data,No data,No data,No data,No data,No data,No data
28311,16,10,24,0,0,0,0,No data,No data,No data
28315,1,7,9,4,7,9,1,No data,No data,3
28316,12,5,0,0,0,0,0,No data,No data,No data
28322,7,7,9,7,9,10,0,No data,No data,5
28342,No data,No data,No data,No data,No data,No data,No data,No data,No data,No data
28344,No data,No data,No data,No data,No data,No data,No data,No data,No data,No data
28345,No data,No data,No data,No data,No data,No data,No data,No data,No data,No data
28346,8,4,5,0,0,0,0,No data,No data,1
28350,No data,No data,No data,No data,No data,No data,No data,No data,No data,No data
28352,No data,No data,No data,No data,No data,No data,No data,No data,No data,No data
28361,No data,No data,No data,No data,No data,No data,No data,No data,No data,No data
28412,No data,No data,No data,No data,No data,No data,No data,8,0,No data
28420,11,40,16,3,1,3,0,No data,No data,No data
28423,No data,No data,No data,No data,No data,No data,No data,No data,No data,No data
28434,No data,No data,No data,No data,No data,No data,No data,No data,No data,No data
28443,No data,No data,No data,No data,No data,No data,No data,No data,No data,No data
28451,No data,No data,No data,No data,No data,No data,No data,No data,No data,No data
28455,5,19,45,13,3,2,1,No data,No data,6
28485,41,105,71,0,0,0,0,No data,No data,No data
28530,4,3,10,22,4,9,0,No data,No data,No data
28720,3,10,3,0,0,0,0,No data,No data,2
28725,6,0,0,0,0,0,0,No data,No data,No data
28730,No data,No data,No data,No data,No data,No data,No data,No data,No data,No data
28737,No data,No data,No data,No data,No data,No data,No data,No data,No data,No data
28745,No data,No data,No data,No data,No data,No data,No data,No data,No data,No data
28747,No data,No data,No data,No data,No data,No data,No data,No data,No data,No data
28750,No data,No data,No data,No data,No data,No data,No data,No data,No data,No data
28751,No data,No data,No data,No data,No data,No data,No data,No data,No data,No data
28755,0,4,2,0,0,0,0,No data,No data,No data
28761,3,10,4,0,0,0,0,No data,No data,1
28777,No data,No data,No data,No data,No data,No data,No data,No data,No data,No data
28811,No data,No data,No data,No data,No data,No data,No data,No data,No data,No data
28831,3,9,3,0,0,0,0,No data,No data,1
28845,No data,No data,No data,No data,No data,No data,No data,18,0,No data
28850,No data,No data,No data,No data,No data,No data,No data,No data,No data,No data
28852,4,21,7,5,0,0,0,No data,No data,No data
28855,No data,No data,No data,No data,No data,No data,No data,No data,No data,No data
28857,13,25,11,0,0,0,0,No data,No data,1
28870,76,75,1,0,0,0,0,No data,No data,No data
28871,No data,No data,No data,No data,No data,No data,No data,No data,No data,No data
28872,24,27,10,4,1,3,0,No data,No data,1
28905,No data,No data,No data,No data,No data,No data,No data,No data,No data,No data
28908,No data,No data,No data,No data,No data,No data,No data,No data,No data,No data
28909,No data,No data,No data,No data,No data,No data,No data,No data,No data,No data
28917,No data,No data,No data,No data,No data,No data,No data,No data,No data,No data
28923,No data,No data,No data,No data,No data,No data,No data,No data,No data,No data
28927,No data,No data,No data,No data,No data,No data,No data,No data,No data,No data
28928,No data,No data,No data,No data,No data,No data,No data,No data,No data,No data
28930,No data,No data,No data,No data,No data,No data,No data,25,0,No data
28932,No data,No data,No data,No data,No data,No data,No data,No data,No data,No data
28934,No data,No data,No data,No data,No data,No data,No data,No data,No data,No data
29902,No data,No data,No data,No data,No data,No data,No data,No data,No data,No data
29905,No data,No data,No data,No data,No data,No data,No data,10,0,No data
29907,No data,No data,No data,No data,No data,No data,No data,11,0,No data
30010,12,53,25,9,2,0,0,No data,No data,5
30015,19,9,3,4,4,4,2,No data,No data,2
30020,No data,No data,No data,No data,No data,No data,No data,No data,No data,No data
30021,No data,No data,No data,No data,No data,No data,No data,31,0,No data
30032,13,6,6,1,2,8,2,No data,No data,6
30035,3,7,17,12,4,5,0,No data,No data,No data
30081,No data,No data,No data,No data,No data,No data,No data,No data,No data,No data
30082,No data,No data,No data,No data,No data,No data,No data,No data,No data,No data
30101,5,27,9,0,0,0,0,No data,No data,1
30102,No data,No data,No data,No data,No data,No data,No data,No data,No data,No data
30110,No data,No data,No data,No data,No data,No data,No data,No data,No data,No data
30121,No data,No data,No data,No data,No data,No data,No data,No data,No data,No data
30131,17,14,4,2,5,1,0,No data,No data,3
30142,No data,No data,No data,No data,No data,No data,No data,No data,No data,No data
30150,No data,No data,No data,No data,No data,No data,No data,No data,No data,No data
30160,No data,No data,No data,No data,No data,No data,No data,No data,No data,No data
30202,10,17,19,8,2,0,0,No data,No data,1
30221,2,10,4,0,0,0,0,No data,No data,No data
30222,No data,No data,No data,No data,No data,No data,No data,No data,No data,No data
30223,No data,No data,No data,No data,No data,No data,No data,No data,No data,No data
30224,No data,No data,No data,No data,No data,No data,No data,No data,No data,No data
30230,35,14,7,2,3,0,0,No data,No data,3
30300,15,12,14,7,1,1,0,No data,No data,No data
30310,No data,No data,No data,No data,No data,No data,No data,No data,No data,No data
30320,No data,No data,No data,No data,No data,No data,No data,No data,No data,No data
30330,7,16,9,1,0,0,0,No data,No data,No data
30340,No data,No data,No data,No data,No data,No data,No data,No data,No data,No data
30350,4,13,10,3,1,0,0,No data,No data,2
30400,6,14,50,18,6,8,1,No data,No data,4
30405,No data,No data,No data,No data,No data,No data,No data,No data,No data,No data
30410,2,2,2,0,2,1,0,No data,No data,No data
30415,3,4,9,4,7,4,1,No data,No data,1
30421,No data,No data,No data,No data,No data,No data,No data,No data,No data,No data
30428,No data,No data,No data,No data,No data,No data,No data,No data,No data,No data
30430,2,5,1,2,1,0,0,No data,No data,3
30510,No data,No data,No data,No data,No data,No data,No data,No data,No data,No data
30530,No data,No data,No data,No data,No data,No data,No data,No data,No data,No data
30531,No data,No data,No data,No data,No data,No data,No data,No data,No data,No data
30540,7,8,6,0,0,1,0,No data,No data,3
30545,1,6,1,0,0,0,0,1,0,No data
30552,5,9,2,0,0,1,2,No data,No data,No data
30554,No data,No data,No data,No data,No data,No data,No data,No data,No data,No data
30555,No data,No data,No data,No data,No data,No data,No data,No data,No data,No data
30561,No data,No data,No data,No data,No data,No data,No data,No data,No data,No data
30564,No data,No data,No data,No data,No data,No data,No data,No data,No data,No data
30574,No data,No data,No data,No data,No data,No data,No data,No data,No data,No data
30720,1,13,7,2,0,0,0,No data,No data,No data
30742,No data,No data,No data,No data,No data,No data,No data,28,0,No data
30745,No data,No data,No data,No data,No data,No data,No data,No data,No data,No data
30752,5,5,2,3,1,0,0,No data,No data,1
30755,10,9,9,4,3,5,0,No data,No data,5
30760,No data,No data,No data,No data,No data,No data,No data,No data,No data,No data
30784,6,2,2,1,0,0,0,No data,No data,No data
30785,No data,No data,No data,No data,No data,No data,No data,No data,No data,No data
30791,2,1,1,3,1,0,0,No data,No data,1
30794,No data,No data,No data,No data,No data,No data,No data,No data,No data,No data
30857,No data,No data,No data,No data,No data,No data,No data,No data,No data,No data
30911,No data,No data,No data,No data,No data,No data,No data,8,0,1
30970,No data,No data,No data,No data,No data,No data,No data,No data,No data,No data
34019,No data,No data,No data,No data,No data,No data,No data,No data,No data,No data
34020,No data,No data,No data,No data,No data,No data,No data,No data,No data,No data
34021,10,9,5,1,2,1,0,No data,No data,No data
34023,No data,No data,No data,No data,No data,No data,No data,No data,No data,No data
34024,No data,No data,No data,No data,No data,No data,No data,No data,No data,No data
34029,No data,No data,No data,No data,No data,No data,No data,No data,No data,No data
34031,No data,No data,No data,No data,No data,No data,No data,No data,No data,No data
34032,6,2,3,2,0,0,0,No data,No data,1
34034,1,4,4,4,4,3,0,No data,No data,4
34038,No data,No data,No data,No data,No data,No data,No data,No data,No data,No data
34041,No data,No data,No data,No data,No data,No data,No data,No data,No data,No data
34042,6,1,4,1,0,2,0,No data,No data,1
34043,4,1,1,0,0,0,0,No data,No data,No data
34046,8,6,1,1,1,1,0,No data,No data,No data
34051,No data,No data,No data,No data,No data,No data,No data,No data,No data,No data
34052,0,4,3,1,0,0,0,No data,No data,2
34053,No data,No data,No data,No data,No data,No data,No data,No data,No data,No data
34060,No data,No data,No data,No data,No data,No data,No data,No data,No data,No data
34061,No data,No data,No data,No data,No data,No data,No data,No data,No data,No data
34062,No data,No data,No data,No data,No data,No data,No data,No data,No data,No data
34063,No data,No data,No data,No data,No data,No data,No data,No data,No data,No data
34091,No data,No data,No data,No data,No data,No data,No data,No data,No data,No data
34092,No data,No data,No data,No data,No data,No data,No data,No data,No data,No data
34094,No data,No data,No data,No data,No data,No data,No data,No data,No data,No data
34120,No data,No data,No data,No data,No data,No data,No data,No data,No data,No data
34121,No data,No data,No data,No data,No data,No data,No data,No data,No data,No data
34126,No data,No data,No data,No data,No data,No data,No data,6,0,No data
34127,No data,No data,No data,No data,No data,No data,No data,No data,No data,No data
34129,No data,No data,No data,No data,No data,No data,No data,4,0,No data
34130,1,6,5,0,0,4,0,No data,No data,No data
34153,No data,No data,No data,No data,No data,No data,No data,No data,No data,No data
34156,2,1,1,1,1,0,0,No data,No data,1
34190,No data,No data,No data,No data,No data,No data,No data,No data,No data,No data
34192,No data,No data,No data,No data,No data,No data,No data,No data,No data,No data
34193,No data,No data,No data,No data,No data,No data,No data,No data,No data,No data
34194,No data,No data,No data,No data,No data,No data,No data,7,0,No data
34210,No data,No data,No data,No data,No data,No data,No data,No data,No data,No data
34220,No data,No data,No data,No data,No data,No data,No data,No data,No data,No data
34229,No data,No data,No data,No data,No data,No data,No data,No data,No data,No data
34231,6,6,5,3,4,1,0,No data,No data,2
34240,No data,No data,No data,No data,No data,No data,No data,No data,No data,No data
34241,No data,No data,No data,No data,No data,No data,No data,No data,No data,No data
34242,No data,No data,No data,No data,No data,No data,No data,15,0,No data
34249,No data,No data,No data,No data,No data,No data,No data,No data,No data,No data
34250,No data,No data,No data,No data,No data,No data,No data,No data,No data,No data
34251,No data,No data,No data,No data,No data,No data,No data,No data,No data,No data
34269,No data,No data,No data,No data,No data,No data,No data,No data,No data,No data
34290,No data,No data,No data,No data,No data,No data,No data,No data,No data,No data
34302,No data,No data,No data,No data,No data,No data,No data,23,1,No data
34313,8,5,18,1,0,1,0,0,3,No data
34315,No data,No data,No data,No data,No data,No data,No data,No data,No data,No data
34318,No data,No data,No data,No data,No data,No data,No data,No data,No data,No data
34322,No data,No data,No data,No data,No data,No data,No data,No data,No data,No data
34325,No data,No data,No data,No data,No data,No data,No data,No data,No data,No data
34331,2,8,3,4,0,1,0,No data,No data,No data
34332,1,2,1,0,0,0,0,No data,No data,1
34333,No data,No data,No data,No data,No data,No data,No data,No data,No data,No data
34334,3,10,6,3,0,0,0,0,2,No data
34338,No data,No data,No data,No data,No data,No data,No data,21,0,No data
34343,No data,No data,No data,No data,No data,No data,No data,No data,No data,No data
34345,4,2,2,0,0,1,0,No data,No data,No data
34346,No data,No data,No data,No data,No data,No data,No data,No data,No data,No data
34349,No data,No data,No data,No data,No data,No data,No data,No data,No data,No data
34351,No data,No data,No data,No data,No data,No data,No data,No data,No data,No data
34359,7,10,6,0,0,0,0,0,3,No data
34365,No data,No data,No data,No data,No data,No data,No data,60,2,No data
34366,13,34,34,3,0,0,0,No data,No data,4
34367,4,7,1,0,0,0,0,No data,No data,1
34368,12,21,9,3,0,0,0,No data,No data,No data
34369,No data,No data,No data,No data,No data,No data,No data,37,0,No data
34370,No data,No data,No data,No data,No data,No data,No data,No data,No data,No data
34371,8,5,0,2,0,0,0,No data,No data,No data
34373,No data,No data,No data,No data,No data,No data,No data,No data,No data,No data
34374,No data,No data,No data,No data,No data,No data,No data,55,0,1
34430,No data,No data,No data,No data,No data,No data,No data,No data,No data,No data
34431,5,4,3,0,0,0,0,No data,No data,No data
34440,4,1,0,1,0,0,0,No data,No data,No data
34451,3,2,1,1,0,0,0,No data,No data,No data
34492,No data,No data,No data,No data,No data,No data,No data,No data,No data,No data
34539,No data,No data,No data,No data,No data,No data,No data,No data,No data,No data
34540,4,20,4,0,0,1,1,No data,No data,No data
34541,0,26,13,0,0,0,0,No data,No data,No data
34542,4,0,0,0,0,0,0,No data,No data,1
34551,1,2,1,0,0,0,0,No data,No data,1
34552,No data,No data,No data,No data,No data,No data,No data,No data,No data,No data
34553,No data,No data,No data,No data,No data,No data,No data,No data,No data,No data
34554,12,5,0,2,0,0,0,No data,No data,10
34590,No data,No data,No data,No data,No data,No data,No data,No data,No data,No data
34600,53,30,17,4,0,1,2,No data,No data,7
34601,No data,No data,No data,No data,No data,No data,No data,No data,No data,No data
34602,No data,No data,No data,No data,No data,No data,No data,No data,No data,No data
34603,No data,No data,No data,No data,No data,No data,No data,No data,No data,No data
34620,No data,No data,No data,No data,No data,No data,No data,No data,No data,No data
34621,No data,No data,No data,No data,No data,No data,No data,41,0,No data
34630,12,21,16,6,2,1,0,No data,No data,No data
34636,2,3,7,1,0,1,0,No data,No data,No data
34652,28,26,14,4,5,1,0,No data,No data,No data
34653,No data,No data,No data,No data,No data,No data,No data,37,0,No data
34654,No data,No data,No data,No data,No data,No data,No data,74,0,No data
34655,No data,No data,No data,No data,No data,No data,No data,No data,No data,No data
34656,No data,No data,No data,No data,No data,No data,No data,No data,No data,No data
34657,No data,No data,No data,No data,No data,No data,No data,13,1,No data
34658,8,1,0,0,0,0,0,No data,No data,No data
34659,No data,No data,No data,No data,No data,No data,No data,No data,No data,No data
34690,No data,No data,No data,No data,No data,No data,No data,No data,No data,No data
34720,No data,No data,No data,No data,No data,No data,No data,No data,No data,No data
34721,9,39,27,15,4,11,0,No data,No data,1
34722,No data,No data,No data,No data,No data,No data,No data,No data,No data,No data
34723,No data,No data,No data,No data,No data,No data,No data,75,7,No data
34724,No data,No data,No data,No data,No data,No data,No data,No data,No data,No data
34745,2,16,17,14,2,3,1,No data,No data,1
34746,No data,No data,No data,No data,No data,No data,No data,No data,No data,No data
34748,No data,No data,No data,No data,No data,No data,No data,No data,No data,No data
34752,No data,No data,No data,No data,No data,No data,No data,No data,No data,No data
34753,12,25,28,20,14,17,2,No data,No data,5
34755,No data,No data,No data,No data,No data,No data,No data,No data,No data,No data
34757,No data,No data,No data,No data,No data,No data,No data,No data,No data,No data
34759,26,48,33,11,4,3,0,No data,No data,1
34760,No data,No data,No data,No data,No data,No data,No data,No data,No data,No data
34761,No data,No data,No data,No data,No data,No data,No data,No data,No data,No data
34763,No data,No data,No data,No data,No data,No data,No data,No data,No data,No data
34764,No data,No data,No data,No data,No data,No data,No data,43,0,1
34765,8,4,6,2,0,0,0,No data,No data,No data
34791,No data,No data,No data,No data,No data,No data,No data,8,0,1
34792,No data,No data,No data,No data,No data,No data,No data,No data,No data,No data
34840,7,16,10,17,11,7,0,No data,No data,3
34844,66,22,6,6,1,2,0,No data,No data,2
34846,No data,No data,No data,No data,No data,No data,No data,No data,No data,No data
34847,No data,No data,No data,No data,No data,No data,No data,No data,No data,No data
34848,2,11,2,3,0,0,0,0,1,2
34850,No data,No data,No data,No data,No data,No data,No data,No data,No data,No data
34860,No data,No data,No data,No data,No data,No data,No data,No data,No data,No data
34865,No data,No data,No data,No data,No data,No data,No data,No data,No data,No data
34867,No data,No data,No data,No data,No data,No data,No data,No data,No data,No data
34870,No data,No data,No data,No data,No data,No data,No data,No data,No data,No data
34871,0,5,0,0,0,0,0,No data,No data,No data
34880,4,8,4,2,0,1,0,No data,No data,No data
34895,No data,No data,No data,No data,No data,No data,No data,No data,No data,No data
38001,No data,No data,No data,No data,No data,No data,No data,No data,No data,No data
38102,26,72,20,0,0,0,0,No data,No data,No data
38103,22,47,20,4,0,0,0,0,1,No data
38104,No data,No data,No data,No data,No data,No data,No data,No data,No data,No data
38106,No data,No data,No data,No data,No data,No data,No data,396,11,No data
38108,59,151,55,1,0,0,0,No data,No data,2
38109,No data,No data,No data,No data,No data,No data,No data,22,0,No data
38110,53,39,0,4,0,1,0,No data,No data,1
38111,8,5,0,0,0,0,0,No data,No data,1
38112,No data,No data,No data,No data,No data,No data,No data,No data,No data,No data
38113,39,149,41,0,0,0,0,No data,No data,8
38201,32,20,2,0,0,1,0,No data,No data,No data
38202,No data,No data,No data,No data,No data,No data,No data,No data,No data,No data
38203,No data,No data,No data,No data,No data,No data,No data,49,0,No data
38204,7,21,21,0,0,0,0,No data,No data,1
38301,No data,No data,No data,No data,No data,No data,No data,No data,No data,No data
38302,No data,No data,No data,No data,No data,No data,No data,No data,No data,No data
38799,No data,No data,No data,No data,No data,No data,No data,No data,No data,No data
38888,No data,No data,No data,No data,No data,No data,No data,6,0,No data
41000,No data,No data,No data,No data,No data,No data,No data,78,0,No data
41011,37,19,6,0,0,0,0,No data,No data,No data
41012,No data,No data,No data,No data,No data,No data,No data,60,0,1
41013,No data,No data,No data,No data,No data,No data,No data,62,0,No data
41020,No data,No data,No data,No data,No data,No data,No data,No data,No data,No data
41028,No data,No data,No data,No data,No data,No data,No data,No data,No data,No data
41029,No data,No data,No data,No data,No data,No data,No data,No data,No data,No data
41031,5,3,12,22,5,0,0,No data,No data,5
41045,25,11,6,4,1,1,0,No data,No data,3
41046,No data,No data,No data,No data,No data,No data,No data,No data,No data,No data
41051,No data,No data,No data,No data,No data,No data,No data,No data,No data,No data
41073,22,70,22,2,0,0,0,No data,No data,No data
41083,No data,No data,No data,No data,No data,No data,No data,No data,No data,No data
41084,24,29,24,0,0,0,0,No data,No data,No data
41102,10,10,15,16,8,6,7,No data,No data,3
41107,No data,No data,No data,No data,No data,No data,No data,No data,No data,No data
41111,7,25,40,6,4,1,1,No data,No data,1
41112,No data,No data,No data,No data,No data,No data,No data,31,0,1
41113,No data,No data,No data,No data,No data,No data,No data,25,0,No data
41117,6,16,19,8,3,0,0,No data,No data,1
41126,No data,No data,No data,No data,No data,No data,No data,No data,No data,No data
41129,4,6,10,2,3,0,0,No data,No data,2
41201,3,3,5,5,3,0,0,No data,No data,1
41204,No data,No data,No data,No data,No data,No data,No data,No data,No data,No data
41216,9,5,8,0,0,0,0,No data,No data,2
41222,9,4,2,1,1,0,0,No data,No data,1
41226,No data,No data,No data,No data,No data,No data,No data,No data,No data,No data
41236,No data,No data,No data,No data,No data,No data,No data,No data,No data,No data
41237,No data,No data,No data,No data,No data,No data,No data,No data,No data,No data
41239,No data,No data,No data,No data,No data,No data,No data,No data,No data,No data
41263,No data,No data,No data,No data,No data,No data,No data,No data,No data,No data
41270,3,1,4,2,0,0,0,No data,No data,No data
41271,No data,No data,No data,No data,No data,No data,No data,No data,No data,No data
41275,4,5,5,3,5,0,0,No data,No data,1
41280,No data,No data,No data,No data,No data,No data,No data,No data,No data,No data
41292,No data,No data,No data,No data,No data,No data,No data,No data,No data,No data
41312,7,22,26,21,10,4,3,No data,No data,1
41315,No data,No data,No data,No data,No data,No data,No data,No data,No data,No data
41316,20,18,16,3,0,0,0,No data,No data,2
41317,No data,No data,No data,No data,No data,No data,No data,No data,No data,No data
41320,6,15,15,13,6,3,0,No data,No data,2
41321,No data,No data,No data,No data,No data,No data,No data,No data,No data,No data
41341,No data,No data,No data,No data,No data,No data,No data,5,0,1
41342,No data,No data,No data,No data,No data,No data,No data,No data,No data,No data
41343,No data,No data,No data,No data,No data,No data,No data,No data,No data,No data
41346,No data,No data,No data,No data,No data,No data,No data,No data,No data,No data
41348,6,3,2,3,3,7,0,No data,No data,No data
41391,No data,No data,No data,No data,No data,No data,No data,17,0,2
41392,No data,No data,No data,No data,No data,No data,No data,No data,No data,No data
41401,No data,No data,No data,No data,No data,No data,No data,No data,No data,No data
41402,No data,No data,No data,No data,No data,No data,No data,No data,No data,No data
41416,No data,No data,No data,No data,No data,No data,No data,No data,No data,No data
41417,2,18,8,4,0,0,0,No data,No data,1
41418,No data,No data,No data,No data,No data,No data,No data,No data,No data,No data
41419,6,3,0,0,0,0,0,No data,No data,No data
41420,3,13,8,1,0,0,0,No data,No data,No data
41451,No data,No data,No data,No data,No data,No data,No data,No data,No data,No data
41452,40,31,46,14,21,22,1,No data,No data,9
41458,No data,No data,No data,No data,No data,No data,No data,No data,No data,No data
41459,No data,No data,No data,No data,No data,No data,No data,No data,No data,No data
41461,9,15,19,1,0,0,0,No data,No data,No data
41462,18,75,17,3,0,0,1,No data,No data,1
41463,14,22,38,5,9,0,0,No data,No data,1
41464,No data,No data,No data,No data,No data,No data,No data,No data,No data,No data
41465,8,20,36,30,22,12,4,No data,No data,2
41466,No data,No data,No data,No data,No data,No data,No data,No data,No data,No data
41468,No data,No data,No data,No data,No data,No data,No data,No data,No data,No data
41469,7,7,11,3,0,0,0,No data,No data,No data
41490,No data,No data,No data,No data,No data,No data,No data,No data,No data,No data
41491,No data,No data,No data,No data,No data,No data,No data,No data,No data,No data
41501,No data,No data,No data,No data,No data,No data,No data,No data,No data,No data
41502,3,9,14,10,12,18,4,No data,No data,8
41511,No data,No data,No data,No data,No data,No data,No data,No data,No data,No data
41512,No data,No data,No data,No data,No data,No data,No data,No data,No data,No data
41514,No data,No data,No data,No data,No data,No data,No data,No data,No data,No data
41515,3,6,10,6,2,4,0,No data,No data,2
41516,0,7,20,11,4,0,0,No data,No data,No data
41517,No data,No data,No data,No data,No data,No data,No data,No data,No data,No data
41522,No data,No data,No data,No data,No data,No data,No data,No data,No data,No data
41524,7,9,7,2,0,0,0,No data,No data,No data
41525,3,22,27,15,1,7,0,No data,No data,No data
41526,4,30,13,2,3,1,0,No data,No data,2
41528,No data,No data,No data,No data,No data,No data,No data,No data,No data,No data
41533,No data,No data,No data,No data,No data,No data,No data,No data,No data,No data
41534,1,7,14,14,18,24,5,No data,No data,8
41561,No data,No data,No data,No data,No data,No data,No data,No data,No data,No data
41563,No data,No data,No data,No data,No data,No data,No data,No data,No data,No data
41564,2,4,10,8,2,2,3,No data,No data,3
41591,No data,No data,No data,No data,No data,No data,No data,No data,No data,No data
41603,8,28,37,4,0,0,0,No data,No data,No data
41612,8,36,17,3,1,0,0,No data,No data,No data
41615,18,51,43,16,4,0,0,No data,No data,3
41619,2,30,15,0,0,0,0,No data,No data,No data
41635,No data,No data,No data,No data,No data,No data,No data,No data,No data,No data
41636,29,97,67,17,2,0,0,No data,No data,3
41637,2,72,26,1,0,0,0,No data,No data,1
41638,0,35,8,0,0,0,0,No data,No data,No data
41639,No data,No data,No data,No data,No data,No data,No data,No data,No data,No data
41651,No data,No data,No data,No data,No data,No data,No data,15,0,No data
41653,10,7,8,1,2,3,1,No data,No data,1
41656,No data,No data,No data,No data,No data,No data,No data,No data,No data,No data
41658,No data,No data,No data,No data,No data,No data,No data,No data,No data,No data
41659,No data,No data,No data,No data,No data,No data,No data,No data,No data,No data
41661,7,10,10,7,5,5,1,No data,No data,No data
41662,5,4,9,6,1,8,0,No data,No data,No data
41667,2,4,0,0,0,0,0,No data,No data,No data
41668,No data,No data,No data,No data,No data,No data,No data,No data,No data,No data
41669,No data,No data,No data,No data,No data,No data,No data,No data,No data,No data
41680,No data,No data,No data,No data,No data,No data,No data,No data,No data,No data
41681,5,15,22,17,19,13,2,No data,No data,14
41684,No data,No data,No data,No data,No data,No data,No data,No data,No data,No data
41685,No data,No data,No data,No data,No data,No data,No data,No data,No data,No data
41686,No data,No data,No data,No data,No data,No data,No data,No data,No data,No data
41689,No data,No data,No data,No data,No data,No data,No data,No data,No data,No data
41690,No data,No data,No data,No data,No data,No data,No data,No data,No data,No data
41691,No data,No data,No data,No data,No data,No data,No data,No data,No data,No data
41714,No data,No data,No data,No data,No data,No data,No data,No data,No data,No data
41730,4,2,0,0,3,1,0,No data,No data,1
41733,4,6,18,4,2,0,0,No data,No data,No data
41734,No data,No data,No data,No data,No data,No data,No data,No data,No data,No data
41735,No data,No data,No data,No data,No data,No data,No data,No data,No data,No data
41737,No data,No data,No data,No data,No data,No data,No data,No data,No data,No data
41739,No data,No data,No data,No data,No data,No data,No data,No data,No data,No data
41740,32,24,7,3,0,0,0,No data,No data,2
41743,9,8,5,0,0,0,0,No data,No data,No data
41747,8,7,5,2,2,3,3,No data,No data,No data
41749,6,10,15,0,0,1,0,No data,No data,1
41750,No data,No data,No data,No data,No data,No data,No data,No data,No data,No data
41784,No data,No data,No data,No data,No data,No data,No data,No data,No data,No data
41787,No data,No data,No data,No data,No data,No data,No data,No data,No data,No data
41789,No data,No data,No data,No data,No data,No data,No data,No data,No data,No data
41792,No data,No data,No data,No data,No data,No data,No data,No data,No data,No data
41793,No data,No data,No data,No data,No data,No data,No data,No data,No data,No data
41801,No data,No data,No data,No data,No data,No data,No data,No data,No data,No data
41808,8,15,6,4,1,1,0,No data,No data,No data
41813,No data,No data,No data,No data,No data,No data,No data,No data,No data,No data
41814,4,16,18,15,4,4,3,No data,No data,No data
41815,8,17,39,7,5,0,0,No data,No data,No data
41822,No data,No data,No data,No data,No data,No data,No data,47,0,No data
41832,6,18,9,5,0,0,0,No data,No data,No data
41833,12,19,7,0,0,0,0,No data,No data,No data
41843,No data,No data,No data,No data,No data,No data,No data,15,0,No data
41860,No data,No data,No data,No data,No data,No data,No data,No data,No data,No data
41861,No data,No data,No data,No data,No data,No data,No data,No data,No data,No data
41862,0,4,2,0,1,0,0,No data,No data,2
41863,No data,No data,No data,No data,No data,No data,No data,No data,No data,No data
41864,1,0,1,0,3,0,1,No data,No data,No data
41871,4,6,1,0,0,0,0,No data,No data,1
41872,No data,No data,No data,No data,No data,No data,No data,No data,No data,No data
41873,1,2,1,1,0,0,0,No data,No data,No data
41874,0,2,1,1,1,0,0,No data,No data,No data
41876,No data,No data,No data,No data,No data,No data,No data,No data,No data,No data
41881,No data,No data,No data,No data,No data,No data,No data,No data,No data,No data
41882,No data,No data,No data,No data,No data,No data,No data,No data,No data,No data
41903,0,15,24,4,1,2,2,No data,No data,No data
41905,No data,No data,No data,No data,No data,No data,No data,No data,No data,No data
41906,No data,No data,No data,No data,No data,No data,No data,No data,No data,No data
41911,12,22,20,7,0,0,1,No data,No data,No data
41919,No data,No data,No data,No data,No data,No data,No data,No data,No data,No data
41925,13,41,32,11,0,0,3,No data,No data,No data
41927,No data,No data,No data,No data,No data,No data,No data,No data,No data,No data
41928,13,12,16,8,0,0,0,No data,No data,No data
41929,No data,No data,No data,No data,No data,No data,No data,No data,No data,No data
41931,3,23,30,32,27,14,1,No data,No data,6
41932,No data,No data,No data,No data,No data,No data,No data,No data,No data,No data
41933,No data,No data,No data,No data,No data,No data,No data,No data,No data,No data
41934,12,28,3,0,0,0,0,No data,No data,No data
41935,No data,No data,No data,No data,No data,No data,No data,No data,No data,No data
41936,No data,No data,No data,No data,No data,No data,No data,No data,No data,No data
41937,14,26,20,3,2,0,0,No data,No data,No data
41938,No data,No data,No data,No data,No data,No data,No data,105,1,No data
41940,No data,No data,No data,No data,No data,No data,No data,No data,No data,No data
41941,21,32,8,0,0,0,0,No data,No data,1
41942,29,30,0,1,0,0,0,No data,No data,1
41943,No data,No data,No data,No data,No data,No data,No data,No data,No data,No data
41944,No data,No data,No data,No data,No data,No data,No data,No data,No data,No data
41945,12,25,18,8,0,0,0,No data,No data,2
41946,0,13,41,7,0,0,0,No data,No data,No data
41947,No data,No data,No data,No data,No data,No data,No data,No data,No data,No data
41948,No data,No data,No data,No data,No data,No data,No data,No data,No data,No data
41950,No data,No data,No data,No data,No data,No data,No data,No data,No data,No data
41953,No data,No data,No data,No data,No data,No data,No data,No data,No data,No data
41954,2,10,12,10,21,24,2,No data,No data,6
41955,No data,No data,No data,No data,No data,No data,No data,No data,No data,No data
41956,No data,No data,No data,No data,No data,No data,No data,No data,No data,No data
41957,9,8,22,11,7,7,0,No data,No data,9
41958,6,4,11,9,12,10,0,No data,No data,2
41961,2,4,5,5,4,1,1,No data,No data,No data
41963,22,14,17,15,20,17,0,No data,No data,3
41967,8,10,9,4,0,0,0,No data,No data,No data
41968,2,6,23,5,13,4,0,No data,No data,No data
41969,No data,No data,No data,No data,No data,No data,No data,No data,No data,No data
41970,No data,No data,No data,No data,No data,No data,No data,No data,No data,No data
41972,No data,No data,No data,No data,No data,No data,No data,No data,No data,No data
41991,No data,No data,No data,No data,No data,No data,No data,No data,No data,No data
41992,No data,No data,No data,No data,No data,No data,No data,No data,No data,No data
41B01,5,12,7,1,3,1,0,No data,No data,1
41B02,1,3,16,8,0,0,0,No data,No data,1
41B04,No data,No data,No data,No data,No data,No data,No data,No data,No data,No data
41B05,No data,No data,No data,No data,No data,No data,No data,No data,No data,No data
41B06,No data,No data,No data,No data,No data,No data,No data,No data,No data,No data
41B12,No data,No data,No data,No data,No data,No data,No data,No data,No data,No data
41B13,No data,No data,No data,No data,No data,No data,No data,29,0,No data
41B1A,4,4,3,0,0,0,0,No data,No data,No data
41B1C,No data,No data,No data,No data,No data,No data,No data,No data,No data,No data
41B1D,0,6,3,0,0,0,0,No data,No data,No data
41B24,No data,No data,No data,No data,No data,No data,No data,No data,No data,No data
41B25,No data,No data,No data,No data,No data,No data,No data,No data,No data,No data
41B27,No data,No data,No data,No data,No data,No data,No data,No data,No data,No data
41B2B,No data,No data,No data,No data,No data,No data,No data,No data,No data,No data
41B2C,No data,No data,No data,No data,No data,No data,No data,No data,No data,No data
41B3A,4,7,0,0,0,0,0,No data,No data,No data
41B3B,4,3,4,0,0,0,0,No data,No data,No data
41B3C,4,1,6,0,0,0,0,No data,No data,No data
41B4A,No data,No data,No data,No data,No data,No data,No data,No data,No data,No data
41E16,No data,No data,No data,No data,No data,No data,No data,19,0,No data
41MIB,No data,No data,No data,No data,No data,No data,No data,No data,No data,No data
42001,No data,No data,No data,No data,No data,No data,No data,No data,No data,No data
42009,No data,No data,No data,No data,No data,No data,No data,No data,No data,No data
42010,No data,No data,No data,No data,No data,No data,No data,No data,No data,No data
42014,No data,No data,No data,No data,No data,No data,No data,No data,No data,No data
42015,29,84,72,64,14,0,0,No data,No data,3
42016,No data,No data,No data,No data,No data,No data,No data,No data,No data,No data
42101,92,60,27,32,16,34,0,No data,No data,13
42112,25,27,26,12,15,16,1,No data,No data,9
42114,10,31,70,52,48,39,0,No data,No data,13
42115,17,26,30,18,15,11,2,No data,No data,10
42136,No data,No data,No data,No data,No data,No data,No data,No data,No data,No data
42137,No data,No data,No data,No data,No data,No data,No data,No data,No data,No data
42141,No data,No data,No data,No data,No data,No data,No data,No data,No data,No data
42142,No data,No data,No data,No data,No data,No data,No data,4,0,1
42146,No data,No data,No data,No data,No data,No data,No data,No data,No data,No data
42180,No data,No data,No data,No data,No data,No data,No data,No data,No data,No data
42186,No data,No data,No data,No data,No data,No data,No data,No data,No data,No data
42189,No data,No data,No data,No data,No data,No data,No data,No data,No data,No data
42380,No data,No data,No data,No data,No data,No data,No data,No data,No data,No data
42402,8,47,71,20,4,9,0,No data,No data,5
42403,4,20,20,2,6,1,0,No data,No data,2
42404,No data,No data,No data,No data,No data,No data,No data,No data,No data,No data
42417,No data,No data,No data,No data,No data,No data,No data,No data,No data,No data
42421,27,59,68,0,0,0,0,No data,No data,3
42500,No data,No data,No data,No data,No data,No data,No data,939,14,1
42501,No data,No data,No data,No data,No data,No data,No data,No data,No data,No data
42502,No data,No data,No data,No data,No data,No data,No data,59,0,1
42503,No data,No data,No data,No data,No data,No data,No data,No data,No data,No data
42504,No data,No data,No data,No data,No data,No data,No data,7,1,3
42505,No data,No data,No data,No data,No data,No data,No data,No data,No data,No data
42543,No data,No data,No data,No data,No data,No data,No data,No data,No data,No data
42576,No data,No data,No data,No data,No data,No data,No data,No data,No data,No data
42577,16,66,81,14,2,0,0,2,0,10
42578,No data,No data,No data,No data,No data,No data,No data,No data,No data,No data
42580,3,21,7,0,0,0,0,No data,No data,No data
42584,No data,No data,No data,No data,No data,No data,No data,No data,No data,No data
42586,No data,No data,No data,No data,No data,No data,No data,No data,No data,No data
42587,No data,No data,No data,No data,No data,No data,No data,No data,No data,No data
42588,No data,No data,No data,No data,No data,No data,No data,No data,No data,No data
42620,No data,No data,No data,No data,No data,No data,No data,544,44,23
42621,No data,No data,No data,No data,No data,No data,No data,No data,No data,No data
42622,No data,No data,No data,No data,No data,No data,No data,No data,No data,No data
42702,No data,No data,No data,No data,No data,No data,No data,4,0,No data
42787,No data,No data,No data,No data,No data,No data,No data,No data,No data,No data
42879,46,71,48,19,3,7,0,No data,No data,6
42893,No data,No data,No data,No data,No data,No data,No data,138,4,2
42894,No data,No data,No data,No data,No data,No data,No data,No data,No data,No data
42B50,No data,No data,No data,No data,No data,No data,No data,No data,No data,No data
42B54,3,6,1,2,0,0,0,No data,No data,No data
42B55,No data,No data,No data,No data,No data,No data,No data,14,0,No data
42B56,1,12,1,0,0,0,0,No data,No data,No data
42B61,No data,No data,No data,No data,No data,No data,No data,No data,No data,No data
42B67,No data,No data,No data,No data,No data,No data,No data,No data,No data,No data
42B68,No data,No data,No data,No data,No data,No data,No data,No data,No data,No data
42B71,11,7,1,0,0,0,0,No data,No data,No data
42B76,No data,No data,No data,No data,No data,No data,No data,No data,No data,No data
42B77,8,9,1,1,0,0,0,No data,No data,No data
42B86,No data,No data,No data,No data,No data,No data,No data,No data,No data,No data
42B87,11,6,2,0,0,0,0,No data,No data,No data
42B88,No data,No data,No data,No data,No data,No data,No data,No data,No data,No data
42B90,No data,No data,No data,No data,No data,No data,No data,No data,No data,No data
42B93,2,4,5,0,3,0,0,No data,No data,No data
42B94,No data,No data,No data,No data,No data,No data,No data,No data,No data,No data
42B95,No data,No data,No data,No data,No data,No data,No data,No data,No data,No data
42MMT,No data,No data,No data,No data,No data,No data,No data,No data,No data,No data
42S11,11,1,0,0,0,0,0,No data,No data,No data
42S12,8,4,1,0,0,0,0,No data,No data,No data
42S13,7,5,1,0,0,0,0,No data,No data,No data
42S14,No data,No data,No data,No data,No data,No data,No data,No data,No data,No data
42S15,No data,No data,No data,No data,No data,No data,No data,No data,No data,No data
42S16,No data,No data,No data,No data,No data,No data,No data,No data,No data,No data
42S17,No data,No data,No data,No data,No data,No data,No data,No data,No data,No data
42S18,No data,No data,No data,No data,No data,No data,No data,No data,No data,No data
42S19,No data,No data,No data,No data,No data,No data,No data,No data,No data,No data
42S20,No data,No data,No data,No data,No data,No data,No data,No data,No data,No data
46000,No data,No data,No data,No data,No data,No data,No data,No data,No data,No data
46015,3,21,22,1,0,0,0,No data,No data,3
46020,No data,No data,No data,No data,No data,No data,No data,No data,No data,No data
46025,No data,No data,No data,No data,No data,No data,No data,No data,No data,No data
46030,10,14,9,3,3,5,0,No data,No data,3
46035,17,22,1,1,0,1,0,No data,No data,No data
46040,No data,No data,No data,No data,No data,No data,No data,No data,No data,No data
46045,No data,No data,No data,No data,No data,No data,No data,No data,No data,No data
46050,10,12,22,5,0,0,0,No data,No data,No data
46055,No data,No data,No data,No data,No data,No data,No data,No data,No data,No data
46060,No data,No data,No data,No data,No data,No data,No data,No data,No data,No data
46100,1,11,6,2,0,0,0,3,0,No data
46110,No data,No data,No data,No data,No data,No data,No data,No data,No data,No data
46115,No data,No data,No data,No data,No data,No data,No data,No data,No data,No data
46120,No data,No data,No data,No data,No data,No data,No data,5,0,No data
46200,1,48,40,0,0,12,0,No data,No data,2
46205,41,126,91,13,0,1,0,No data,No data,No data
46211,1,8,18,5,3,0,0,No data,No data,1
46215,No data,No data,No data,No data,No data,No data,No data,No data,No data,No data
46230,No data,No data,No data,No data,No data,No data,No data,No data,No data,No data
46300,22,25,9,13,0,6,0,No data,No data,No data
46310,No data,No data,No data,No data,No data,No data,No data,No data,No data,No data
46320,7,9,11,7,2,2,0,No data,No data,4
46400,No data,No data,No data,No data,No data,No data,No data,No data,No data,No data
46411,No data,No data,No data,No data,No data,No data,No data,No data,No data,No data
46415,No data,No data,No data,No data,No data,No data,No data,No data,No data,No data
46420,9,5,7,7,3,0,0,No data,No data,1
46440,No data,No data,No data,No data,No data,No data,No data,No data,No data,No data
46500,4,10,0,0,0,0,0,No data,No data,No data
46550,10,9,2,2,0,0,0,No data,No data,2
46600,No data,No data,No data,No data,No data,No data,No data,No data,No data,No data
46610,No data,No data,No data,No data,No data,No data,No data,No data,No data,No data
46700,16,29,47,0,0,10,0,No data,No data,1
46705,No data,No data,No data,No data,No data,No data,No data,No data,No data,No data
46711,11,7,3,1,0,0,0,No data,No data,No data
46715,11,12,7,2,1,2,0,No data,No data,No data
46720,No data,No data,No data,No data,No data,No data,No data,No data,No data,No data
46725,No data,No data,No data,No data,No data,No data,No data,No data,No data,No data
46735,6,9,6,0,0,0,0,No data,No data,No data
46740,No data,No data,No data,No data,No data,No data,No data,No data,No data,No data
46745,6,26,20,5,0,11,0,No data,No data,No data
46750,54,28,5,0,0,0,1,No data,No data,No data
46755,No data,No data,No data,No data,No data,No data,No data,No data,No data,No data
46765,34,37,40,0,0,0,0,No data,No data,No data
46770,No data,No data,No data,No data,No data,No data,No data,No data,No data,No data
46775,No data,No data,No data,No data,No data,No data,No data,No data,No data,No data
46795,No data,No data,No data,No data,No data,No data,No data,No data,No data,No data
46797,No data,No data,No data,No data,No data,No data,No data,No data,No data,No data
46901,No data,No data,No data,No data,No data,No data,No data,14,1,1
46910,No data,No data,No data,No data,No data,No data,No data,No data,No data,No data
46920,No data,No data,No data,No data,No data,No data,No data,No data,No data,No data
46926,No data,No data,No data,No data,No data,No data,No data,No data,No data,No data
46930,No data,No data,No data,No data,No data,No data,No data,No data,No data,No data
46940,No data,No data,No data,No data,No data,No data,No data,No data,No data,No data
46W11,No data,No data,No data,No data,No data,No data,No data,11,5,4
46W14,4,6,5,1,0,0,0,No data,No data,1
46W17,1,2,1,0,0,0,0,No data,No data,No data
46W21,No data,No data,No data,No data,No data,No data,No data,No data,No data,No data
46W24,No data,No data,No data,No data,No data,No data,No data,No data,No data,No data
46W27,No data,No data,No data,No data,No data,No data,No data,No data,No data,No data
46W31,No data,No data,No data,No data,No data,No data,No data,8,1,2
46W34,3,0,5,1,1,0,0,No data,No data,1
46W37,2,1,3,2,0,6,0,No data,No data,3
46W38,No data,No data,No data,No data,No data,No data,No data,No data,No data,No data
46W43,No data,No data,No data,No data,No data,No data,No data,No data,No data,No data
46W44,No data,No data,No data,No data,No data,No data,No data,No data,No data,No data
46W47,No data,No data,No data,No data,No data,No data,No data,No data,No data,No data
47201,No data,No data,No data,No data,No data,No data,No data,No data,No data,No data
47202,28,49,90,42,4,1,0,No data,No data,9
47203,No data,No data,No data,No data,No data,No data,No data,169,1,2
47205,No data,No data,No data,No data,No data,No data,No data,No data,No data,No data
47209,No data,No data,No data,No data,No data,No data,No data,No data,No data,No data
47211,2,18,27,16,4,0,0,No data,No data,3
47212,8,13,22,6,0,0,0,No data,No data,1
47213,No data,No data,No data,No data,No data,No data,No data,No data,No data,No data
47214,3,3,4,3,1,2,0,No data,No data,3
47215,No data,No data,No data,No data,No data,No data,No data,14,0,3
47216,No data,No data,No data,No data,No data,No data,No data,No data,No data,No data
47217,No data,No data,No data,No data,No data,No data,No data,No data,No data,No data
47218,No data,No data,No data,No data,No data,No data,No data,No data,No data,No data
47301,No data,No data,No data,No data,No data,No data,No data,No data,No data,No data
47302,No data,No data,No data,No data,No data,No data,No data,No data,No data,No data
47304,No data,No data,No data,No data,No data,No data,No data,No data,No data,No data
47305,No data,No data,No data,No data,No data,No data,No data,No data,No data,No data
47310,11,3,3,0,1,0,0,No data,No data,1
47317,1,3,4,2,0,0,0,No data,No data,1
47319,No data,No data,No data,No data,No data,No data,No data,No data,No data,No data
47330,14,71,22,0,0,0,0,0,2,No data
47332,No data,No data,No data,No data,No data,No data,No data,No data,No data,No data
47333,19,3,5,4,0,0,0,No data,No data,1
47334,No data,No data,No data,No data,No data,No data,No data,No data,No data,No data
47335,No data,No data,No data,No data,No data,No data,No data,No data,No data,No data
47336,No data,No data,No data,No data,No data,No data,No data,No data,No data,No data
47338,7,2,3,3,1,0,0,No data,No data,No data
47339,5,7,11,2,2,2,0,No data,No data,No data
47341,5,5,0,0,0,0,0,No data,No data,No data
47342,6,7,1,1,1,0,0,No data,No data,1
47507,No data,No data,No data,No data,No data,No data,No data,No data,No data,No data
47508,No data,No data,No data,No data,No data,No data,No data,No data,No data,No data
47509,No data,No data,No data,No data,No data,No data,No data,No data,No data,No data
47514,No data,No data,No data,No data,No data,No data,No data,18,0,1
47517,No data,No data,No data,No data,No data,No data,No data,No data,No data,No data
47519,No data,No data,No data,No data,No data,No data,No data,No data,No data,No data
47520,No data,No data,No data,No data,No data,No data,No data,No data,No data,No data
47521,No data,No data,No data,No data,No data,No data,No data,7,0,No data
47522,No data,No data,No data,No data,No data,No data,No data,5,0,No data
47523,No data,No data,No data,No data,No data,No data,No data,10,0,No data
47525,No data,No data,No data,No data,No data,No data,No data,8,0,No data
47527,No data,No data,No data,No data,No data,No data,No data,No data,No data,No data
47528,No data,No data,No data,No data,No data,No data,No data,19,0,1
47529,No data,No data,No data,No data,No data,No data,No data,No data,No data,No data
56867,No data,No data,No data,No data,No data,No data,No data,13,0,No data
56868,No data,No data,No data,No data,No data,No data,No data,No data,No data,No data
62000,25,11,17,12,4,16,0,No data,No data,10
62001,10,13,11,0,0,0,0,No data,No data,3
62008,No data,No data,No data,No data,No data,No data,No data,No data,No data,No data
62010,3,7,9,10,4,7,0,No data,No data,7
62014,No data,No data,No data,No data,No data,No data,No data,No data,No data,No data
62019,No data,No data,No data,No data,No data,No data,No data,No data,No data,No data
62024,No data,No data,No data,No data,No data,No data,No data,No data,No data,No data
62030,17,5,10,0,0,0,0,No data,No data,No data
62033,No data,No data,No data,No data,No data,No data,No data,No data,No data,No data
62039,No data,No data,No data,No data,No data,No data,No data,33,0,1
62041,No data,No data,No data,No data,No data,No data,No data,No data,No data,No data
62048,No data,No data,No data,No data,No data,No data,No data,No data,No data,No data
62054,No data,No data,No data,No data,No data,No data,No data,No data,No data,No data
62074,17,134,37,5,0,0,0,No data,No data,No data
62079,40,28,30,11,6,11,2,No data,No data,4
62090,16,7,5,1,2,0,1,No data,No data,2
62096,No data,No data,No data,No data,No data,No data,No data,110,3,No data
62101,16,16,9,3,3,3,0,No data,No data,3
62104,4,8,16,19,11,9,1,No data,No data,2
62107,10,20,31,15,11,10,1,No data,No data,16
62108,3,11,6,11,0,0,0,No data,No data,2
62112,No data,No data,No data,No data,No data,No data,No data,No data,No data,No data
62118,12,23,17,1,1,0,3,No data,No data,No data
62120,No data,No data,No data,No data,No data,No data,No data,No data,No data,No data
62133,No data,No data,No data,No data,No data,No data,No data,No data,No data,No data
62134,No data,No data,No data,No data,No data,No data,No data,No data,No data,No data
62139,No data,No data,No data,No data,No data,No data,No data,No data,No data,No data
62142,No data,No data,No data,No data,No data,No data,No data,No data,No data,No data
62143,3,20,35,13,5,13,2,No data,No data,No data
62150,1,5,17,20,3,11,1,No data,No data,2
62174,8,9,12,6,2,3,0,No data,No data,6
62177,23,22,21,15,5,2,0,No data,No data,9
62191,10,4,12,0,6,0,0,No data,No data,1
62198,No data,No data,No data,No data,No data,No data,No data,55,0,4
62199,7,12,7,0,2,0,0,No data,No data,1
62200,No data,No data,No data,No data,No data,No data,No data,No data,No data,No data
62202,No data,No data,No data,No data,No data,No data,No data,No data,No data,No data
62205,No data,No data,No data,No data,No data,No data,No data,No data,No data,No data
62207,No data,No data,No data,No data,No data,No data,No data,No data,No data,No data
62210,No data,No data,No data,No data,No data,No data,No data,96,1,2
62211,No data,No data,No data,No data,No data,No data,No data,No data,No data,No data
62218,No data,No data,No data,No data,No data,No data,No data,48,5,4
62223,29,6,7,4,2,9,0,No data,No data,14
62224,7,25,18,5,0,1,0,No data,No data,2
62225,No data,No data,No data,No data,No data,No data,No data,No data,No data,No data
62229,No data,No data,No data,No data,No data,No data,No data,No data,No data,No data
62231,8,22,9,2,0,0,0,No data,No data,No data
62233,14,9,15,6,3,0,0,No data,No data,5
62235,10,39,12,13,1,0,0,No data,No data,3
62236,7,14,12,2,0,0,0,No data,No data,1
62243,No data,No data,No data,No data,No data,No data,No data,No data,No data,No data
62249,No data,No data,No data,No data,No data,No data,No data,No data,No data,No data
62261,No data,No data,No data,No data,No data,No data,No data,No data,No data,No data
62263,50,28,14,22,18,5,0,No data,No data,5
62265,5,19,13,7,2,0,0,No data,No data,No data
62267,No data,No data,No data,No data,No data,No data,No data,No data,No data,No data
62268,0,6,2,0,0,0,0,No data,No data,3
62271,18,16,26,14,6,39,0,No data,No data,10
62272,No data,No data,No data,No data,No data,No data,No data,No data,No data,No data
62273,No data,No data,No data,No data,No data,No data,No data,No data,No data,No data
62276,No data,No data,No data,No data,No data,No data,No data,No data,No data,No data
62277,3,4,3,3,0,2,0,No data,No data,2
62278,No data,No data,No data,No data,No data,No data,No data,No data,No data,No data
62283,No data,No data,No data,No data,No data,No data,No data,85,2,9
62284,20,28,24,29,4,5,0,No data,No data,3
62285,No data,No data,No data,No data,No data,No data,No data,No data,No data,No data
62286,No data,No data,No data,No data,No data,No data,No data,No data,No data,No data
62287,4,6,16,11,0,0,0,No data,No data,2
62288,No data,No data,No data,No data,No data,No data,No data,20,2,1
62289,3,0,2,0,0,0,0,No data,No data,No data
62319,31,19,24,11,1,1,0,No data,No data,4
62324,No data,No data,No data,No data,No data,No data,No data,No data,No data,No data
62326,No data,No data,No data,No data,No data,No data,No data,No data,No data,No data
62329,No data,No data,No data,No data,No data,No data,No data,No data,No data,No data
62331,No data,No data,No data,No data,No data,No data,No data,166,0,No data
62333,No data,No data,No data,No data,No data,No data,No data,No data,No data,No data
62360,No data,No data,No data,No data,No data,No data,No data,No data,No data,No data
62361,3,2,6,3,0,1,0,No data,No data,No data
62370,No data,No data,No data,No data,No data,No data,No data,No data,No data,No data
62381,No data,No data,No data,No data,No data,No data,No data,No data,No data,No data
62389,0,8,5,3,0,0,0,No data,No data,No data
62410,No data,No data,No data,No data,No data,No data,No data,No data,No data,No data
62413,3,17,19,6,0,0,0,No data,No data,3
62416,No data,No data,No data,No data,No data,No data,No data,No data,No data,No data
62417,No data,No data,No data,No data,No data,No data,No data,No data,No data,No data
62420,No data,No data,No data,No data,No data,No data,No data,26,6,1
62422,7,7,7,3,2,1,0,No data,No data,7
62424,No data,No data,No data,No data,No data,No data,No data,33,0,1
62426,4,8,6,6,0,0,0,No data,No data,No data
62427,3,15,13,3,0,0,0,No data,No data,1
62428,1,7,5,3,0,2,0,No data,No data,5
62443,No data,No data,No data,No data,No data,No data,No data,No data,No data,No data
62444,No data,No data,No data,No data,No data,No data,No data,63,1,No data
62450,No data,No data,No data,No data,No data,No data,No data,No data,No data,No data
62452,No data,No data,No data,No data,No data,No data,No data,No data,No data,No data
62453,No data,No data,No data,No data,No data,No data,No data,No data,No data,No data
62454,No data,No data,No data,No data,No data,No data,No data,No data,No data,No data
62484,8,8,8,6,0,0,0,No data,No data,No data
62512,No data,No data,No data,No data,No data,No data,No data,No data,No data,No data
62517,No data,No data,No data,No data,No data,No data,No data,No data,No data,No data
62521,No data,No data,No data,No data,No data,No data,No data,No data,No data,No data
62523,2,4,2,3,2,9,2,No data,No data,3
62525,9,9,5,12,4,5,1,No data,No data,14
62531,45,30,23,5,4,0,0,No data,No data,11
62533,No data,No data,No data,No data,No data,No data,No data,No data,No data,No data
62550,13,31,42,3,2,7,0,No data,No data,No data
62560,No data,No data,No data,No data,No data,No data,No data,No data,No data,No data
62575,0,1,4,3,6,4,0,No data,No data,7
62581,8,14,7,1,0,0,0,No data,No data,3
62582,17,18,3,0,0,0,0,No data,No data,1
62589,4,24,26,9,5,0,0,No data,No data,4
62595,No data,No data,No data,No data,No data,No data,No data,No data,No data,No data
62602,3,1,5,8,2,7,0,No data,No data,No data
62604,No data,No data,No data,No data,No data,No data,No data,No data,No data,No data
62614,5,0,8,6,1,3,0,No data,No data,2
62616,No data,No data,No data,No data,No data,No data,No data,No data,No data,No data
62622,No data,No data,No data,No data,No data,No data,No data,No data,No data,No data
62629,No data,No data,No data,No data,No data,No data,No data,No data,No data,No data
62637,6,6,8,6,1,2,0,No data,No data,5
62638,No data,No data,No data,No data,No data,No data,No data,No data,No data,No data
62640,No data,No data,No data,No data,No data,No data,No data,No data,No data,No data
62641,No data,No data,No data,No data,No data,No data,No data,No data,No data,No data
62642,2,11,8,5,6,5,0,No data,No data,3
62643,9,7,3,7,1,0,0,No data,No data,2
62646,No data,No data,No data,No data,No data,No data,No data,No data,No data,No data
62657,No data,No data,No data,No data,No data,No data,No data,No data,No data,No data
62664,No data,No data,No data,No data,No data,No data,No data,No data,No data,No data
62670,13,20,31,5,1,0,1,No data,No data,2
62675,2,3,6,15,11,49,4,No data,No data,10
62677,10,27,30,15,5,6,3,No data,No data,5
62683,No data,No data,No data,No data,No data,No data,No data,No data,No data,No data
62694,0,3,9,13,20,31,6,No data,No data,8
62696,3,8,20,15,12,0,0,No data,No data,No data
62704,No data,No data,No data,No data,No data,No data,No data,No data,No data,No data
62705,No data,No data,No data,No data,No data,No data,No data,11,0,3
62706,0,1,2,0,1,0,0,No data,No data,No data
62708,No data,No data,No data,No data,No data,No data,No data,No data,No data,No data
62711,No data,No data,No data,No data,No data,No data,No data,No data,No data,No data
62712,6,7,9,8,4,6,0,No data,No data,20
62716,No data,No data,No data,No data,No data,No data,No data,No data,No data,No data
62733,10,17,5,4,0,0,0,No data,No data,6
62734,No data,No data,No data,No data,No data,No data,No data,No data,No data,No data
62735,No data,No data,No data,No data,No data,No data,No data,No data,No data,No data
62743,2,3,6,10,9,9,11,No data,No data,6
62748,No data,No data,No data,No data,No data,No data,No data,No data,No data,No data
62752,4,2,6,1,3,2,0,No data,No data,13
62755,31,17,3,0,0,1,0,No data,No data,2
62756,No data,No data,No data,No data,No data,No data,No data,No data,No data,No data
62760,10,6,5,2,0,0,0,No data,No data,2
62761,No data,No data,No data,No data,No data,No data,No data,No data,No data,No data
62762,3,6,9,0,0,0,0,No data,No data,4
62763,8,6,1,1,0,0,0,No data,No data,6
62764,No data,No data,No data,No data,No data,No data,No data,No data,No data,No data
62766,6,3,2,1,0,0,0,No data,No data,4
62768,No data,No data,No data,No data,No data,No data,No data,No data,No data,No data
62773,15,9,6,3,1,2,0,No data,No data,16
62774,No data,No data,No data,No data,No data,No data,No data,No data,No data,No data
62775,30,12,10,5,0,1,0,No data,No data,3
62782,No data,No data,No data,No data,No data,No data,No data,No data,No data,No data
62783,18,4,0,0,0,0,0,No data,No data,No data
62798,No data,No data,No data,No data,No data,No data,No data,No data,No data,No data
62801,No data,No data,No data,No data,No data,No data,No data,No data,No data,No data
62802,1,5,1,0,0,0,0,No data,No data,2
62803,No data,No data,No data,No data,No data,No data,No data,No data,No data,No data
62804,5,0,0,0,0,0,0,No data,No data,No data
62805,No data,No data,No data,No data,No data,No data,No data,No data,No data,No data
62806,1,0,2,1,0,4,0,No data,No data,2
62807,No data,No data,No data,No data,No data,No data,No data,No data,No data,No data
62809,0,1,1,0,0,2,0,No data,No data,No data
62810,0,1,2,1,1,0,0,No data,No data,1
62811,No data,No data,No data,No data,No data,No data,No data,No data,No data,No data
62908,6,5,8,6,4,4,0,No data,No data,No data
62990,No data,No data,No data,No data,No data,No data,No data,No data,No data,No data
62999,80,112,80,47,3,1,0,No data,No data,8
62B01,No data,No data,No data,No data,No data,No data,No data,No data,No data,No data
62B02,No data,No data,No data,No data,No data,No data,No data,No data,No data,No data
62B03,2,3,5,1,1,0,0,No data,No data,No data
62B06,3,3,8,1,1,0,0,No data,No data,No data
62B20,1,6,1,0,0,0,0,No data,No data,1
62B30,No data,No data,No data,No data,No data,No data,No data,No data,No data,No data
62B90,2,2,0,0,0,0,0,No data,No data,No data
62C02,3,1,3,1,0,0,0,No data,No data,2
62C05,1,3,1,2,0,0,0,No data,No data,No data
62C09,0,8,2,0,0,0,0,No data,No data,1
62C21,No data,No data,No data,No data,No data,No data,No data,No data,No data,No data
62C22,No data,No data,No data,No data,No data,No data,No data,No data,No data,No data
62C30,No data,No data,No data,No data,No data,No data,No data,No data,No data,No data
62C90,4,2,0,0,0,1,0,No data,No data,No data
62G01,No data,No data,No data,No data,No data,No data,No data,No data,No data,No data
62G02,No data,No data,No data,No data,No data,No data,No data,No data,No data,No data
62G03,No data,No data,No data,No data,No data,No data,No data,No data,No data,No data
62G04,No data,No data,No data,No data,No data,No data,No data,No data,No data,No data
62G05,No data,No data,No data,No data,No data,No data,No data,No data,No data,No data
62I01,14,12,1,0,0,0,0,No data,No data,No data
62I02,7,5,4,0,0,0,0,No data,No data,No data
62I03,5,15,10,1,0,0,0,No data,No data,2
62I04,No data,No data,No data,No data,No data,No data,No data,No data,No data,No data
62I05,4,3,0,0,0,0,0,No data,No data,1
62I07,No data,No data,No data,No data,No data,No data,No data,No data,No data,No data
62I08,No data,No data,No data,No data,No data,No data,No data,No data,No data,No data
62I10,No data,No data,No data,No data,No data,No data,No data,No data,No data,No data
62I11,2,4,2,0,0,0,0,No data,No data,No data
62I12,4,2,1,1,0,0,0,No data,No data,No data
62I14,6,4,0,0,0,0,0,No data,No data,2
62I16,7,1,0,0,0,0,0,No data,No data,No data
62I18,No data,No data,No data,No data,No data,No data,No data,No data,No data,No data
62I19,No data,No data,No data,No data,No data,No data,No data,No data,No data,No data
62I20,8,4,0,1,0,0,0,No data,No data,No data
62I90,No data,No data,No data,No data,No data,No data,No data,No data,No data,No data
62K01,No data,No data,No data,No data,No data,No data,No data,No data,No data,No data
62K02,No data,No data,No data,No data,No data,No data,No data,No data,No data,No data
62K03,No data,No data,No data,No data,No data,No data,No data,No data,No data,No data
62L01,7,15,4,3,0,0,0,No data,No data,No data
62L02,5,5,1,0,0,0,0,No data,No data,No data
62L03,5,3,5,2,3,0,0,No data,No data,2
62L04,30,16,11,0,0,0,0,No data,No data,No data
62L05,23,9,8,0,0,0,0,No data,No data,No data
62L06,23,21,3,0,1,0,0,No data,No data,No data
62L07,No data,No data,No data,No data,No data,No data,No data,No data,No data,No data
62L10,5,4,0,0,0,0,0,No data,No data,No data
62L12,4,11,3,0,0,0,0,No data,No data,No data
62L13,No data,No data,No data,No data,No data,No data,No data,No data,No data,No data
62L15,No data,No data,No data,No data,No data,No data,No data,No data,No data,No data
62L16,No data,No data,No data,No data,No data,No data,No data,No data,No data,No data
62L17,No data,No data,No data,No data,No data,No data,No data,No data,No data,No data
62L18,5,3,1,0,0,0,0,No data,No data,No data
62L23,No data,No data,No data,No data,No data,No data,No data,No data,No data,No data
62L28,No data,No data,No data,No data,No data,No data,No data,No data,No data,No data
62L29,8,3,1,0,0,0,0,No data,No data,No data
62L32,No data,No data,No data,No data,No data,No data,No data,No data,No data,No data
62L33,5,6,7,0,1,0,0,No data,No data,No data
62L36,4,4,3,0,0,0,0,No data,No data,No data
62L40,6,2,2,0,0,0,0,No data,No data,No data
62L67,No data,No data,No data,No data,No data,No data,No data,No data,No data,No data
62L79,6,4,1,0,0,0,0,No data,No data,No data
62L84,No data,No data,No data,No data,No data,No data,No data,No data,No data,No data
62L85,11,5,0,0,0,0,0,No data,No data,No data
62L89,2,7,4,0,0,0,0,No data,No data,No data
62L90,9,8,5,0,1,0,0,No data,No data,No data
62L91,14,10,3,3,0,0,0,No data,No data,No data
62L92,6,5,1,0,0,0,0,No data,No data,No data
62L93,5,4,4,0,0,0,0,No data,No data,No data
62L94,11,6,1,1,0,0,0,No data,No data,No data
62L95,4,6,2,0,0,0,0,No data,No data,No data
62L96,No data,No data,No data,No data,No data,No data,No data,No data,No data,No data
62P01,No data,No data,No data,No data,No data,No data,No data,No data,No data,No data
62P03,14,19,8,3,1,1,0,No data,No data,2
62P05,No data,No data,No data,No data,No data,No data,No data,No data,No data,No data
62P07,3,3,3,1,0,0,0,No data,No data,2
62P11,6,11,8,2,0,1,0,No data,No data,No data
62P34,No data,No data,No data,No data,No data,No data,No data,No data,No data,No data
62P36,No data,No data,No data,No data,No data,No data,No data,No data,No data,No data
62P90,0,5,1,0,0,0,0,No data,No data,No data
62P91,No data,No data,No data,No data,No data,No data,No data,No data,No data,No data
62T01,No data,No data,No data,No data,No data,No data,No data,No data,No data,No data
62T04,No data,No data,No data,No data,No data,No data,No data,No data,No data,No data
62T22,No data,No data,No data,No data,No data,No data,No data,No data,No data,No data
62T25,2,2,3,1,0,0,0,No data,No data,No data
62T26,No data,No data,No data,No data,No data,No data,No data,No data,No data,No data
62T30,No data,No data,No data,No data,No data,No data,No data,No data,No data,No data
62T37,No data,No data,No data,No data,No data,No data,No data,No data,No data,No data
62T38,No data,No data,No data,No data,No data,No data,No data,No data,No data,No data
62T39,No data,No data,No data,No data,No data,No data,No data,No data,No data,No data
62T90,5,0,1,0,0,0,0,No data,No data,No data
63851,38,51,11,1,0,0,0,No data,No data,25
63852,68,116,51,5,0,2,0,No data,No data,16
63853,No data,No data,No data,No data,No data,No data,No data,24,0,10
63860,4,9,7,1,6,2,0,No data,No data,7
63861,1,4,7,0,0,0,0,No data,No data,No data
63870,15,14,0,0,0,0,0,No data,No data,No data
63880,No data,No data,No data,No data,No data,No data,No data,No data,No data,No data
63881,No data,No data,No data,No data,No data,No data,No data,No data,No data,No data
88383,No data,No data,No data,No data,No data,No data,No data,8,0,No data
KU002,22,10,28,20,13,28,1,0,1,9
KU003,No data,No data,No data,No data,No data,No data,No data,No data,No data,No data
KU004,No data,No data,No data,No data,No data,No data,No data,No data,No data,No data
KU005,5,2,4,4,1,1,0,No data,No data,6
KU006,No data,No data,No data,No data,No data,No data,No data,No data,No data,No data
KU010,9,5,4,3,0,0,0,No data,No data,No data
KU011,2,11,16,17,21,13,1,0,1,7
KU013,6,12,4,4,0,0,1,No data,No data,1
KU101,8,21,44,33,26,4,0,0,1,36
KU103,No data,No data,No data,No data,No data,No data,No data,No data,No data,No data
KU105,No data,No data,No data,No data,No data,No data,No data,No data,No data,No data
KU112,No data,No data,No data,No data,No data,No data,No data,No data,No data,No data
KU113,No data,No data,No data,No data,No data,No data,No data,No data,No data,No data
KU115,No data,No data,No data,No data,No data,No data,No data,No data,No data,No data
KU180,No data,No data,No data,No data,No data,No data,No data,11,0,No data
KU181,No data,No data,No data,No data,No data,No data,No data,No data,No data,No data
KU304,No data,No data,No data,No data,No data,No data,No data,No data,No data,No data
KU307,No data,No data,No data,No data,No data,No data,No data,No data,No data,No data
KU320,No data,No data,No data,No data,No data,No data,No data,No data,No data,No data
KU321,No data,No data,No data,No data,No data,No data,No data,No data,No data,No data
KU322,No data,No data,No data,No data,No data,No data,No data,No data,No data,No data
KU323,No data,No data,No data,No data,No data,No data,No data,No data,No data,No data
LY100,No data,No data,No data,No data,No data,No data,No data,16,0,4
LY200,0,7,6,4,0,0,0,No data,No data,4
LY300,No data,No data,No data,No data,No data,No data,No data,No data,No data,No data
MA100,No data,No data,No data,No data,No data,No data,No data,No data,No data,No data
MA143,No data,No data,No data,No data,No data,No data,No data,No data,No data,No data
MA200,No data,No data,No data,No data,No data,No data,No data,No data,No data,No data
MA300,No data,No data,No data,No data,No data,No data,No data,No data,No data,No data
MA675,No data,No data,No data,No data,No data,No data,No data,No data,No data,No data
MA681,No data,No data,No data,No data,No data,No data,No data,No data,No data,No data
MA911,No data,No data,No data,No data,No data,No data,No data,No data,No data,No data
